ISO-10303-21;
HEADER;
/* Generated by software containing ST-Developer
 * from STEP Tools, Inc. (www.steptools.com) 
 */

FILE_DESCRIPTION(
/* description */ (''),
/* implementation_level */ '2;1');

FILE_NAME(
/* name */ 
'D:/Users/Anjheos/Documents/Projectypist/J-02 Rev1/STEP FILES/09-19-20
22/ONE_PIECE_GASKET.step',
/* time_stamp */ '2022-09-19T02:10:10-07:00',
/* author */ (''),
/* organization */ (''),
/* preprocessor_version */ 'ST-DEVELOPER v19',
/* originating_system */ 'Autodesk Translation Framework v11.7.0.108',
/* authorisation */ '');

FILE_SCHEMA (('AUTOMOTIVE_DESIGN { 1 0 10303 214 3 1 1 }'));
ENDSEC;

DATA;
#10=MECHANICAL_DESIGN_GEOMETRIC_PRESENTATION_REPRESENTATION('',(#17),#5835);
#11=ITEM_DEFINED_TRANSFORMATION($,$,#3081,#3541);
#12=(
REPRESENTATION_RELATIONSHIP($,$,#5846,#5845)
REPRESENTATION_RELATIONSHIP_WITH_TRANSFORMATION(#11)
SHAPE_REPRESENTATION_RELATIONSHIP()
);
#13=CONTEXT_DEPENDENT_SHAPE_REPRESENTATION(#12,#5844);
#14=NEXT_ASSEMBLY_USAGE_OCCURRENCE('ONE_PIECE_GASKET:1',
'ONE_PIECE_GASKET:1','ONE_PIECE_GASKET:1',#5848,#5849,
'ONE_PIECE_GASKET:1');
#15=SHAPE_REPRESENTATION_RELATIONSHIP('SRR','None',#5846,#16);
#16=ADVANCED_BREP_SHAPE_REPRESENTATION('',(#18),#5834);
#17=STYLED_ITEM('',(#5860),#18);
#18=MANIFOLD_SOLID_BREP('Body1',#3067);
#19=(
BOUNDED_SURFACE()
B_SPLINE_SURFACE(2,2,((#5477,#5478,#5479),(#5480,#5481,#5482),(#5483,#5484,
#5485)),.UNSPECIFIED.,.F.,.F.,.F.)
B_SPLINE_SURFACE_WITH_KNOTS((3,3),(3,3),(-1.57079632679508,2.44881572518716E-12),
(-1.00739516388189,0.145703449771656),.UNSPECIFIED.)
GEOMETRIC_REPRESENTATION_ITEM()
RATIONAL_B_SPLINE_SURFACE(((1.,0.838348728625777,1.),(0.707106781185654,
0.592802071009659,0.707106781185654),(1.,0.838348728625777,1.)))
REPRESENTATION_ITEM('')
SURFACE()
);
#20=(
BOUNDED_SURFACE()
B_SPLINE_SURFACE(2,2,((#5497,#5498,#5499),(#5500,#5501,#5502),(#5503,#5504,
#5505)),.UNSPECIFIED.,.F.,.F.,.F.)
B_SPLINE_SURFACE_WITH_KNOTS((3,3),(3,3),(-1.57079632679493,1.64879756724675E-13),
(-1.75458003999124,-0.601481426332642),.UNSPECIFIED.)
GEOMETRIC_REPRESENTATION_ITEM()
RATIONAL_B_SPLINE_SURFACE(((1.,0.838348728624401,1.),(0.707106781186472,
0.592802071009372,0.707106781186472),(1.,0.838348728624401,1.)))
REPRESENTATION_ITEM('')
SURFACE()
);
#21=(
BOUNDED_SURFACE()
B_SPLINE_SURFACE(2,2,((#5540,#5541,#5542),(#5543,#5544,#5545),(#5546,#5547,
#5548)),.UNSPECIFIED.,.F.,.F.,.F.)
B_SPLINE_SURFACE_WITH_KNOTS((3,3),(3,3),(-1.57079632679499,-5.2360047293547E-15),
(-2.54011122725706,-1.38701261359803),.UNSPECIFIED.)
GEOMETRIC_REPRESENTATION_ITEM()
RATIONAL_B_SPLINE_SURFACE(((1.,0.838348728624283,1.),(0.707106781186517,
0.592802071009326,0.707106781186517),(1.,0.838348728624283,1.)))
REPRESENTATION_ITEM('')
SURFACE()
);
#22=(
BOUNDED_SURFACE()
B_SPLINE_SURFACE(2,2,((#5560,#5561,#5562),(#5563,#5564,#5565),(#5566,#5567,
#5568)),.UNSPECIFIED.,.F.,.F.,.F.)
B_SPLINE_SURFACE_WITH_KNOTS((3,3),(3,3),(-1.57079632679511,-3.02726319994785E-14),
(-0.576549306830198,0.576549306830198),.UNSPECIFIED.)
GEOMETRIC_REPRESENTATION_ITEM()
RATIONAL_B_SPLINE_SURFACE(((1.,0.838348728623911,1.),(0.707106781186487,
0.592802071009037,0.707106781186487),(1.,0.838348728623911,1.)))
REPRESENTATION_ITEM('')
SURFACE()
);
#23=(
BOUNDED_SURFACE()
B_SPLINE_SURFACE(2,2,((#5630,#5631,#5632),(#5633,#5634,#5635),(#5636,#5637,
#5638)),.UNSPECIFIED.,.F.,.F.,.F.)
B_SPLINE_SURFACE_WITH_KNOTS((3,3),(3,3),(-2.52088283150248E-12,1.57079632679357),
(-1.00739516388533,0.1457034497751),.UNSPECIFIED.)
GEOMETRIC_REPRESENTATION_ITEM()
RATIONAL_B_SPLINE_SURFACE(((1.,0.838348728623902,1.),(0.707106781186058,
0.592802071008671,0.707106781186058),(1.,0.838348728623902,1.)))
REPRESENTATION_ITEM('')
SURFACE()
);
#24=(
BOUNDED_SURFACE()
B_SPLINE_SURFACE(2,2,((#5650,#5651,#5652),(#5653,#5654,#5655),(#5656,#5657,
#5658)),.UNSPECIFIED.,.F.,.F.,.F.)
B_SPLINE_SURFACE_WITH_KNOTS((3,3),(3,3),(2.86872089440224E-13,1.57079632679565),
(-1.75458003999194,-0.601481426331096),.UNSPECIFIED.)
GEOMETRIC_REPRESENTATION_ITEM()
RATIONAL_B_SPLINE_SURFACE(((1.,0.838348728623788,1.),(0.70710678118651,
0.59280207100897,0.70710678118651),(1.,0.838348728623788,1.)))
REPRESENTATION_ITEM('')
SURFACE()
);
#25=(
BOUNDED_SURFACE()
B_SPLINE_SURFACE(2,2,((#5718,#5719,#5720),(#5721,#5722,#5723),(#5724,#5725,
#5726)),.UNSPECIFIED.,.F.,.F.,.F.)
B_SPLINE_SURFACE_WITH_KNOTS((3,3),(3,3),(2.7667110685394E-14,1.57079632679499),
(-2.54011122725755,-1.38701261359734),.UNSPECIFIED.)
GEOMETRIC_REPRESENTATION_ITEM()
RATIONAL_B_SPLINE_SURFACE(((1.,0.838348728623962,1.),(0.70710678118652,
0.592802071009101,0.70710678118652),(1.,0.838348728623962,1.)))
REPRESENTATION_ITEM('')
SURFACE()
);
#26=(
BOUNDED_SURFACE()
B_SPLINE_SURFACE(2,2,((#5738,#5739,#5740),(#5741,#5742,#5743),(#5744,#5745,
#5746)),.UNSPECIFIED.,.F.,.F.,.F.)
B_SPLINE_SURFACE_WITH_KNOTS((3,3),(3,3),(6.03386574003823E-14,1.57079632679533),
(-0.576549306830426,0.576549306830426),.UNSPECIFIED.)
GEOMETRIC_REPRESENTATION_ITEM()
RATIONAL_B_SPLINE_SURFACE(((1.,0.838348728623786,1.),(0.70710678118642,
0.592802071008893,0.70710678118642),(1.,0.838348728623786,1.)))
REPRESENTATION_ITEM('')
SURFACE()
);
#27=ELLIPSE('',#3329,0.159170230587699,0.0488581281661434);
#28=ELLIPSE('',#3333,0.168554244183283,0.050408476731353);
#29=ELLIPSE('',#3336,0.159544931374253,0.0489724112978155);
#30=ELLIPSE('',#3392,0.163875413225989,0.0496241860204729);
#31=FACE_BOUND('',#645,.T.);
#32=FACE_BOUND('',#703,.T.);
#33=FACE_BOUND('',#759,.T.);
#34=PLANE('',#3111);
#35=PLANE('',#3118);
#36=PLANE('',#3125);
#37=PLANE('',#3128);
#38=PLANE('',#3131);
#39=PLANE('',#3134);
#40=PLANE('',#3141);
#41=PLANE('',#3142);
#42=PLANE('',#3214);
#43=PLANE('',#3217);
#44=PLANE('',#3218);
#45=PLANE('',#3334);
#46=PLANE('',#3343);
#47=PLANE('',#3344);
#48=PLANE('',#3369);
#49=PLANE('',#3394);
#50=PLANE('',#3418);
#51=PLANE('',#3420);
#52=PLANE('',#3421);
#53=PLANE('',#3422);
#54=PLANE('',#3423);
#55=PLANE('',#3426);
#56=PLANE('',#3427);
#57=PLANE('',#3498);
#58=PLANE('',#3507);
#59=PLANE('',#3535);
#60=PLANE('',#3537);
#61=PLANE('',#3538);
#62=TOROIDAL_SURFACE('',#3088,1.89999999999997,0.5);
#63=TOROIDAL_SURFACE('',#3094,1.9,0.5);
#64=TOROIDAL_SURFACE('',#3100,1.89999999999997,0.5);
#65=TOROIDAL_SURFACE('',#3107,1.89999999999996,0.5);
#66=TOROIDAL_SURFACE('',#3191,1.50000000000007,0.5);
#67=TOROIDAL_SURFACE('',#3197,1.25,0.5);
#68=TOROIDAL_SURFACE('',#3203,1.25000000000004,0.5);
#69=TOROIDAL_SURFACE('',#3209,1.5,0.5);
#70=TOROIDAL_SURFACE('',#3246,1.5,0.5);
#71=TOROIDAL_SURFACE('',#3249,0.900000000000006,0.5);
#72=TOROIDAL_SURFACE('',#3254,0.84999999999997,0.5);
#73=TOROIDAL_SURFACE('',#3256,2.60000000000001,0.5);
#74=TOROIDAL_SURFACE('',#3258,0.849999999999998,0.5);
#75=TOROIDAL_SURFACE('',#3262,0.850000000000004,0.5);
#76=TOROIDAL_SURFACE('',#3264,2.59999999999999,0.5);
#77=TOROIDAL_SURFACE('',#3266,0.849999999999998,0.5);
#78=TOROIDAL_SURFACE('',#3270,0.849999999999999,0.5);
#79=TOROIDAL_SURFACE('',#3272,2.6,0.5);
#80=TOROIDAL_SURFACE('',#3274,0.849999999999998,0.5);
#81=TOROIDAL_SURFACE('',#3278,0.900000000000006,0.5);
#82=TOROIDAL_SURFACE('',#3280,1.5,0.5);
#83=TOROIDAL_SURFACE('',#3283,4.7,0.5);
#84=TOROIDAL_SURFACE('',#3286,1.5,0.5);
#85=TOROIDAL_SURFACE('',#3288,0.9,0.5);
#86=TOROIDAL_SURFACE('',#3293,0.849999999999997,0.5);
#87=TOROIDAL_SURFACE('',#3296,2.6,0.5);
#88=TOROIDAL_SURFACE('',#3298,0.85,0.5);
#89=TOROIDAL_SURFACE('',#3302,3.30000000000002,0.5);
#90=TOROIDAL_SURFACE('',#3307,3.3,0.5);
#91=TOROIDAL_SURFACE('',#3312,0.849999999999997,0.5);
#92=TOROIDAL_SURFACE('',#3315,2.59999999999999,0.5);
#93=TOROIDAL_SURFACE('',#3317,0.850000000000016,0.5);
#94=TOROIDAL_SURFACE('',#3321,0.900000000000005,0.5);
#95=TOROIDAL_SURFACE('',#3323,4.7,0.5);
#96=TOROIDAL_SURFACE('',#3326,1.5,0.5);
#97=TOROIDAL_SURFACE('',#3349,1.5,0.500000000000007);
#98=TOROIDAL_SURFACE('',#3353,1.50000000000009,0.500000000000007);
#99=TOROIDAL_SURFACE('',#3360,1.25000000000004,0.5);
#100=TOROIDAL_SURFACE('',#3365,1.25,0.5);
#101=TOROIDAL_SURFACE('',#3370,1.30000000000001,0.5);
#102=TOROIDAL_SURFACE('',#3378,3.6,0.5);
#103=TOROIDAL_SURFACE('',#3385,1.29999999999999,0.5);
#104=TOROIDAL_SURFACE('',#3389,0.900000000000006,0.5);
#105=TOROIDAL_SURFACE('',#3391,0.900000000000006,0.5);
#106=TOROIDAL_SURFACE('',#3395,1.29999999999999,0.5);
#107=TOROIDAL_SURFACE('',#3403,3.6,0.5);
#108=TOROIDAL_SURFACE('',#3410,1.3,0.5);
#109=TOROIDAL_SURFACE('',#3414,0.9,0.5);
#110=TOROIDAL_SURFACE('',#3416,0.900000000000006,0.5);
#111=TOROIDAL_SURFACE('',#3430,0.900000000000006,0.5);
#112=TOROIDAL_SURFACE('',#3437,0.900000000000006,0.5);
#113=TOROIDAL_SURFACE('',#3441,1.30000000000001,0.5);
#114=TOROIDAL_SURFACE('',#3448,3.6,0.5);
#115=TOROIDAL_SURFACE('',#3455,1.29999999999999,0.5);
#116=TOROIDAL_SURFACE('',#3459,0.900000000000006,0.5);
#117=TOROIDAL_SURFACE('',#3465,3.3,0.5);
#118=TOROIDAL_SURFACE('',#3471,3.30000000000002,0.5);
#119=TOROIDAL_SURFACE('',#3477,0.9,0.5);
#120=TOROIDAL_SURFACE('',#3481,1.29999999999999,0.5);
#121=TOROIDAL_SURFACE('',#3488,3.6,0.5);
#122=TOROIDAL_SURFACE('',#3495,1.3,0.5);
#123=TOROIDAL_SURFACE('',#3515,1.89999999999997,0.5);
#124=TOROIDAL_SURFACE('',#3519,1.9,0.5);
#125=TOROIDAL_SURFACE('',#3523,1.89999999999997,0.5);
#126=TOROIDAL_SURFACE('',#3527,1.89999999999996,0.5);
#127=CIRCLE('',#3086,0.5);
#128=CIRCLE('',#3087,0.500000000000007);
#129=CIRCLE('',#3089,0.5);
#130=CIRCLE('',#3090,1.89999999999997);
#131=CIRCLE('',#3091,1.39999999999997);
#132=CIRCLE('',#3093,0.5);
#133=CIRCLE('',#3095,0.5);
#134=CIRCLE('',#3096,1.9);
#135=CIRCLE('',#3097,1.4);
#136=CIRCLE('',#3099,0.500000000000001);
#137=CIRCLE('',#3101,1.89999999999997);
#138=CIRCLE('',#3102,1.39999999999997);
#139=CIRCLE('',#3103,0.500000000000007);
#140=CIRCLE('',#3104,1.89999999999997);
#141=CIRCLE('',#3106,0.500000000000007);
#142=CIRCLE('',#3108,1.89999999999996);
#143=CIRCLE('',#3109,1.39999999999996);
#144=CIRCLE('',#3110,1.89999999999996);
#145=CIRCLE('',#3112,4.75000000000236);
#146=CIRCLE('',#3113,1.54999999999999);
#147=CIRCLE('',#3114,4.);
#148=CIRCLE('',#3115,3.99999999999999);
#149=CIRCLE('',#3116,1.54999999999999);
#150=CIRCLE('',#3117,4.74999999999266);
#151=CIRCLE('',#3119,4.74999999999266);
#152=CIRCLE('',#3120,1.54999999999994);
#153=CIRCLE('',#3121,1.55000000000001);
#154=CIRCLE('',#3122,4.75000000000236);
#155=CIRCLE('',#3124,1.4);
#156=CIRCLE('',#3127,1.39999999999997);
#157=CIRCLE('',#3130,4.);
#158=CIRCLE('',#3133,3.99999999999999);
#159=CIRCLE('',#3136,1.54999999999994);
#160=CIRCLE('',#3138,4.74999999999266);
#161=CIRCLE('',#3140,1.54999999999999);
#162=CIRCLE('',#3144,1.54999999999999);
#163=CIRCLE('',#3146,1.55000000000001);
#164=CIRCLE('',#3148,4.75000000000236);
#165=CIRCLE('',#3150,2.09999999999999);
#166=CIRCLE('',#3151,2.09999999999999);
#167=CIRCLE('',#3153,1.35);
#168=CIRCLE('',#3154,1.35);
#169=CIRCLE('',#3156,1.35);
#170=CIRCLE('',#3157,1.35);
#171=CIRCLE('',#3159,1.35);
#172=CIRCLE('',#3160,1.35);
#173=CIRCLE('',#3162,2.1);
#174=CIRCLE('',#3163,2.1);
#175=CIRCLE('',#3165,1.35);
#176=CIRCLE('',#3166,1.35);
#177=CIRCLE('',#3168,1.35);
#178=CIRCLE('',#3169,1.35);
#179=CIRCLE('',#3171,2.1);
#180=CIRCLE('',#3172,2.1);
#181=CIRCLE('',#3174,2.09999999999999);
#182=CIRCLE('',#3175,2.09999999999999);
#183=CIRCLE('',#3177,1.35000000000002);
#184=CIRCLE('',#3178,1.35000000000002);
#185=CIRCLE('',#3180,1.34999999999997);
#186=CIRCLE('',#3181,1.34999999999997);
#187=CIRCLE('',#3183,1.35);
#188=CIRCLE('',#3184,1.35);
#189=CIRCLE('',#3186,2.10000000000001);
#190=CIRCLE('',#3187,2.10000000000001);
#191=CIRCLE('',#3189,0.5);
#192=CIRCLE('',#3190,0.500000000000007);
#193=CIRCLE('',#3192,0.500000000000007);
#194=CIRCLE('',#3193,1.50000000000007);
#195=CIRCLE('',#3194,1.00000000000007);
#196=CIRCLE('',#3196,0.500000000000007);
#197=CIRCLE('',#3198,0.5);
#198=CIRCLE('',#3199,1.25);
#199=CIRCLE('',#3200,0.750000000000003);
#200=CIRCLE('',#3202,0.5);
#201=CIRCLE('',#3204,0.500000000000015);
#202=CIRCLE('',#3205,1.25000000000004);
#203=CIRCLE('',#3206,0.750000000000043);
#204=CIRCLE('',#3208,0.499999999999998);
#205=CIRCLE('',#3210,1.5);
#206=CIRCLE('',#3211,1.);
#207=CIRCLE('',#3213,0.750000000000003);
#208=CIRCLE('',#3216,1.00000000000007);
#209=CIRCLE('',#3219,0.900000000000006);
#210=CIRCLE('',#3220,0.84999999999997);
#211=CIRCLE('',#3221,2.60000000000001);
#212=CIRCLE('',#3222,0.849999999999998);
#213=CIRCLE('',#3223,0.850000000000004);
#214=CIRCLE('',#3224,2.59999999999999);
#215=CIRCLE('',#3225,0.849999999999998);
#216=CIRCLE('',#3226,0.849999999999999);
#217=CIRCLE('',#3227,2.6);
#218=CIRCLE('',#3228,0.849999999999998);
#219=CIRCLE('',#3229,0.900000000000006);
#220=CIRCLE('',#3230,1.5);
#221=CIRCLE('',#3231,4.7);
#222=CIRCLE('',#3232,1.5);
#223=CIRCLE('',#3233,0.9);
#224=CIRCLE('',#3234,0.849999999999997);
#225=CIRCLE('',#3235,2.6);
#226=CIRCLE('',#3236,0.85);
#227=CIRCLE('',#3237,3.30000000000002);
#228=CIRCLE('',#3238,3.3);
#229=CIRCLE('',#3239,0.849999999999997);
#230=CIRCLE('',#3240,2.59999999999999);
#231=CIRCLE('',#3241,0.850000000000016);
#232=CIRCLE('',#3242,0.900000000000006);
#233=CIRCLE('',#3243,1.5);
#234=CIRCLE('',#3244,4.7);
#235=CIRCLE('',#3245,1.5);
#236=CIRCLE('',#3247,2.);
#237=CIRCLE('',#3248,0.500000000000001);
#238=CIRCLE('',#3250,1.40000000000001);
#239=CIRCLE('',#3251,0.500000000000007);
#240=CIRCLE('',#3253,0.500000000000007);
#241=CIRCLE('',#3255,0.500000000000003);
#242=CIRCLE('',#3257,0.500000000000002);
#243=CIRCLE('',#3259,0.500000000000007);
#244=CIRCLE('',#3261,0.500000000000007);
#245=CIRCLE('',#3263,0.500000000000002);
#246=CIRCLE('',#3265,0.500000000000002);
#247=CIRCLE('',#3267,0.500000000000007);
#248=CIRCLE('',#3269,0.500000000000007);
#249=CIRCLE('',#3271,0.500000000000001);
#250=CIRCLE('',#3273,0.500000000000001);
#251=CIRCLE('',#3275,0.499999999999989);
#252=CIRCLE('',#3277,0.500000000000007);
#253=CIRCLE('',#3279,1.40000000000001);
#254=CIRCLE('',#3281,2.);
#255=CIRCLE('',#3282,0.499999999999994);
#256=CIRCLE('',#3284,0.500000000000002);
#257=CIRCLE('',#3285,4.2);
#258=CIRCLE('',#3287,2.);
#259=CIRCLE('',#3289,1.4);
#260=CIRCLE('',#3290,0.5);
#261=CIRCLE('',#3292,0.499999999999997);
#262=CIRCLE('',#3294,0.499999999999999);
#263=CIRCLE('',#3295,1.35);
#264=CIRCLE('',#3297,0.499999999999999);
#265=CIRCLE('',#3299,0.499999999999999);
#266=CIRCLE('',#3301,0.500000000000005);
#267=CIRCLE('',#3303,0.500000000000002);
#268=CIRCLE('',#3304,3.80000000000002);
#269=CIRCLE('',#3306,0.499999999999984);
#270=CIRCLE('',#3308,0.499999999999972);
#271=CIRCLE('',#3309,3.8);
#272=CIRCLE('',#3311,0.499999999999972);
#273=CIRCLE('',#3313,0.499999999999999);
#274=CIRCLE('',#3314,1.35);
#275=CIRCLE('',#3316,0.500000000000017);
#276=CIRCLE('',#3318,0.499999999999972);
#277=CIRCLE('',#3320,0.500000000000007);
#278=CIRCLE('',#3322,1.40000000000001);
#279=CIRCLE('',#3324,0.500000000000002);
#280=CIRCLE('',#3325,4.2);
#281=CIRCLE('',#3327,2.);
#282=CIRCLE('',#3331,4.2);
#283=CIRCLE('',#3338,1.00000000000001);
#284=CIRCLE('',#3340,0.750000000000043);
#285=CIRCLE('',#3342,4.2);
#286=CIRCLE('',#3346,1.35);
#287=CIRCLE('',#3348,1.35);
#288=CIRCLE('',#3350,0.5);
#289=CIRCLE('',#3351,1.50000000000001);
#290=CIRCLE('',#3352,0.500000000000007);
#291=CIRCLE('',#3354,0.500000000000007);
#292=CIRCLE('',#3355,0.5);
#293=CIRCLE('',#3356,1.50000000000007);
#294=CIRCLE('',#3359,0.499999999999998);
#295=CIRCLE('',#3361,0.5);
#296=CIRCLE('',#3362,1.25000000000004);
#297=CIRCLE('',#3364,0.5);
#298=CIRCLE('',#3366,0.500000000000007);
#299=CIRCLE('',#3367,1.25);
#300=CIRCLE('',#3371,1.30000000000001);
#301=CIRCLE('',#3372,0.5);
#302=CIRCLE('',#3373,0.800000000000005);
#303=CIRCLE('',#3374,0.499999999999997);
#304=CIRCLE('',#3375,0.5);
#305=CIRCLE('',#3376,1.);
#306=CIRCLE('',#3377,0.5);
#307=CIRCLE('',#3379,0.5);
#308=CIRCLE('',#3380,3.1);
#309=CIRCLE('',#3381,3.6);
#310=CIRCLE('',#3382,0.5);
#311=CIRCLE('',#3383,1.);
#312=CIRCLE('',#3384,0.5);
#313=CIRCLE('',#3386,0.799999999999989);
#314=CIRCLE('',#3387,1.29999999999999);
#315=CIRCLE('',#3388,0.5);
#316=CIRCLE('',#3390,1.40000000000001);
#317=CIRCLE('',#3393,1.40000000000001);
#318=CIRCLE('',#3396,1.29999999999999);
#319=CIRCLE('',#3397,0.5);
#320=CIRCLE('',#3398,0.799999999999995);
#321=CIRCLE('',#3399,0.500000000000009);
#322=CIRCLE('',#3400,0.5);
#323=CIRCLE('',#3401,1.);
#324=CIRCLE('',#3402,0.5);
#325=CIRCLE('',#3404,0.5);
#326=CIRCLE('',#3405,3.1);
#327=CIRCLE('',#3406,3.6);
#328=CIRCLE('',#3407,0.5);
#329=CIRCLE('',#3408,1.);
#330=CIRCLE('',#3409,0.5);
#331=CIRCLE('',#3411,0.800000000000001);
#332=CIRCLE('',#3412,1.3);
#333=CIRCLE('',#3413,0.5);
#334=CIRCLE('',#3415,1.4);
#335=CIRCLE('',#3417,1.40000000000001);
#336=CIRCLE('',#3425,1.39999999999996);
#337=CIRCLE('',#3429,1.39999999999997);
#338=CIRCLE('',#3431,0.5);
#339=CIRCLE('',#3432,1.40000000000001);
#340=CIRCLE('',#3433,0.500000000000007);
#341=CIRCLE('',#3434,0.900000000000006);
#342=CIRCLE('',#3436,0.500000000000007);
#343=CIRCLE('',#3438,0.499999999999998);
#344=CIRCLE('',#3439,0.900000000000006);
#345=CIRCLE('',#3440,1.40000000000001);
#346=CIRCLE('',#3442,0.500000000000005);
#347=CIRCLE('',#3443,1.30000000000001);
#348=CIRCLE('',#3444,0.800000000000005);
#349=CIRCLE('',#3445,0.500000000000025);
#350=CIRCLE('',#3446,0.5);
#351=CIRCLE('',#3447,1.);
#352=CIRCLE('',#3449,0.500000000000019);
#353=CIRCLE('',#3450,3.6);
#354=CIRCLE('',#3451,3.1);
#355=CIRCLE('',#3452,0.499999999999999);
#356=CIRCLE('',#3453,0.5);
#357=CIRCLE('',#3454,1.);
#358=CIRCLE('',#3456,0.499999999999984);
#359=CIRCLE('',#3457,1.29999999999999);
#360=CIRCLE('',#3458,0.799999999999989);
#361=CIRCLE('',#3460,0.500000000000043);
#362=CIRCLE('',#3461,0.900000000000006);
#363=CIRCLE('',#3462,1.40000000000001);
#364=CIRCLE('',#3464,0.500000000000007);
#365=CIRCLE('',#3466,0.5);
#366=CIRCLE('',#3467,3.3);
#367=CIRCLE('',#3468,3.8);
#368=CIRCLE('',#3470,0.5);
#369=CIRCLE('',#3472,0.5);
#370=CIRCLE('',#3473,3.30000000000002);
#371=CIRCLE('',#3474,3.80000000000002);
#372=CIRCLE('',#3476,0.500000000000002);
#373=CIRCLE('',#3478,0.499999999999991);
#374=CIRCLE('',#3479,0.9);
#375=CIRCLE('',#3480,1.4);
#376=CIRCLE('',#3482,0.499999999999997);
#377=CIRCLE('',#3483,1.29999999999999);
#378=CIRCLE('',#3484,0.799999999999995);
#379=CIRCLE('',#3485,0.5);
#380=CIRCLE('',#3486,0.5);
#381=CIRCLE('',#3487,1.);
#382=CIRCLE('',#3489,0.5);
#383=CIRCLE('',#3490,3.6);
#384=CIRCLE('',#3491,3.1);
#385=CIRCLE('',#3492,0.500000000000012);
#386=CIRCLE('',#3493,0.5);
#387=CIRCLE('',#3494,1.);
#388=CIRCLE('',#3496,1.3);
#389=CIRCLE('',#3497,0.800000000000001);
#390=CIRCLE('',#3508,1.89999999999996);
#391=CIRCLE('',#3509,1.9);
#392=CIRCLE('',#3510,1.89999999999997);
#393=CIRCLE('',#3511,1.89999999999996);
#394=CIRCLE('',#3513,0.5);
#395=CIRCLE('',#3514,0.500000000000025);
#396=CIRCLE('',#3516,0.499999999999995);
#397=CIRCLE('',#3518,0.500000000000001);
#398=CIRCLE('',#3520,0.499999999999996);
#399=CIRCLE('',#3522,0.5);
#400=CIRCLE('',#3524,0.499999999999972);
#401=CIRCLE('',#3526,0.500000000000043);
#402=FACE_OUTER_BOUND('',#590,.T.);
#403=FACE_OUTER_BOUND('',#591,.T.);
#404=FACE_OUTER_BOUND('',#592,.T.);
#405=FACE_OUTER_BOUND('',#593,.T.);
#406=FACE_OUTER_BOUND('',#594,.T.);
#407=FACE_OUTER_BOUND('',#595,.T.);
#408=FACE_OUTER_BOUND('',#596,.T.);
#409=FACE_OUTER_BOUND('',#597,.T.);
#410=FACE_OUTER_BOUND('',#598,.T.);
#411=FACE_OUTER_BOUND('',#599,.T.);
#412=FACE_OUTER_BOUND('',#600,.T.);
#413=FACE_OUTER_BOUND('',#601,.T.);
#414=FACE_OUTER_BOUND('',#602,.T.);
#415=FACE_OUTER_BOUND('',#603,.T.);
#416=FACE_OUTER_BOUND('',#604,.T.);
#417=FACE_OUTER_BOUND('',#605,.T.);
#418=FACE_OUTER_BOUND('',#606,.T.);
#419=FACE_OUTER_BOUND('',#607,.T.);
#420=FACE_OUTER_BOUND('',#608,.T.);
#421=FACE_OUTER_BOUND('',#609,.T.);
#422=FACE_OUTER_BOUND('',#610,.T.);
#423=FACE_OUTER_BOUND('',#611,.T.);
#424=FACE_OUTER_BOUND('',#612,.T.);
#425=FACE_OUTER_BOUND('',#613,.T.);
#426=FACE_OUTER_BOUND('',#614,.T.);
#427=FACE_OUTER_BOUND('',#615,.T.);
#428=FACE_OUTER_BOUND('',#616,.T.);
#429=FACE_OUTER_BOUND('',#617,.T.);
#430=FACE_OUTER_BOUND('',#618,.T.);
#431=FACE_OUTER_BOUND('',#619,.T.);
#432=FACE_OUTER_BOUND('',#620,.T.);
#433=FACE_OUTER_BOUND('',#621,.T.);
#434=FACE_OUTER_BOUND('',#622,.T.);
#435=FACE_OUTER_BOUND('',#623,.T.);
#436=FACE_OUTER_BOUND('',#624,.T.);
#437=FACE_OUTER_BOUND('',#625,.T.);
#438=FACE_OUTER_BOUND('',#626,.T.);
#439=FACE_OUTER_BOUND('',#627,.T.);
#440=FACE_OUTER_BOUND('',#628,.T.);
#441=FACE_OUTER_BOUND('',#629,.T.);
#442=FACE_OUTER_BOUND('',#630,.T.);
#443=FACE_OUTER_BOUND('',#631,.T.);
#444=FACE_OUTER_BOUND('',#632,.T.);
#445=FACE_OUTER_BOUND('',#633,.T.);
#446=FACE_OUTER_BOUND('',#634,.T.);
#447=FACE_OUTER_BOUND('',#635,.T.);
#448=FACE_OUTER_BOUND('',#636,.T.);
#449=FACE_OUTER_BOUND('',#637,.T.);
#450=FACE_OUTER_BOUND('',#638,.T.);
#451=FACE_OUTER_BOUND('',#639,.T.);
#452=FACE_OUTER_BOUND('',#640,.T.);
#453=FACE_OUTER_BOUND('',#641,.T.);
#454=FACE_OUTER_BOUND('',#642,.T.);
#455=FACE_OUTER_BOUND('',#643,.T.);
#456=FACE_OUTER_BOUND('',#644,.T.);
#457=FACE_OUTER_BOUND('',#646,.T.);
#458=FACE_OUTER_BOUND('',#647,.T.);
#459=FACE_OUTER_BOUND('',#648,.T.);
#460=FACE_OUTER_BOUND('',#649,.T.);
#461=FACE_OUTER_BOUND('',#650,.T.);
#462=FACE_OUTER_BOUND('',#651,.T.);
#463=FACE_OUTER_BOUND('',#652,.T.);
#464=FACE_OUTER_BOUND('',#653,.T.);
#465=FACE_OUTER_BOUND('',#654,.T.);
#466=FACE_OUTER_BOUND('',#655,.T.);
#467=FACE_OUTER_BOUND('',#656,.T.);
#468=FACE_OUTER_BOUND('',#657,.T.);
#469=FACE_OUTER_BOUND('',#658,.T.);
#470=FACE_OUTER_BOUND('',#659,.T.);
#471=FACE_OUTER_BOUND('',#660,.T.);
#472=FACE_OUTER_BOUND('',#661,.T.);
#473=FACE_OUTER_BOUND('',#662,.T.);
#474=FACE_OUTER_BOUND('',#663,.T.);
#475=FACE_OUTER_BOUND('',#664,.T.);
#476=FACE_OUTER_BOUND('',#665,.T.);
#477=FACE_OUTER_BOUND('',#666,.T.);
#478=FACE_OUTER_BOUND('',#667,.T.);
#479=FACE_OUTER_BOUND('',#668,.T.);
#480=FACE_OUTER_BOUND('',#669,.T.);
#481=FACE_OUTER_BOUND('',#670,.T.);
#482=FACE_OUTER_BOUND('',#671,.T.);
#483=FACE_OUTER_BOUND('',#672,.T.);
#484=FACE_OUTER_BOUND('',#673,.T.);
#485=FACE_OUTER_BOUND('',#674,.T.);
#486=FACE_OUTER_BOUND('',#675,.T.);
#487=FACE_OUTER_BOUND('',#676,.T.);
#488=FACE_OUTER_BOUND('',#677,.T.);
#489=FACE_OUTER_BOUND('',#678,.T.);
#490=FACE_OUTER_BOUND('',#679,.T.);
#491=FACE_OUTER_BOUND('',#680,.T.);
#492=FACE_OUTER_BOUND('',#681,.T.);
#493=FACE_OUTER_BOUND('',#682,.T.);
#494=FACE_OUTER_BOUND('',#683,.T.);
#495=FACE_OUTER_BOUND('',#684,.T.);
#496=FACE_OUTER_BOUND('',#685,.T.);
#497=FACE_OUTER_BOUND('',#686,.T.);
#498=FACE_OUTER_BOUND('',#687,.T.);
#499=FACE_OUTER_BOUND('',#688,.T.);
#500=FACE_OUTER_BOUND('',#689,.T.);
#501=FACE_OUTER_BOUND('',#690,.T.);
#502=FACE_OUTER_BOUND('',#691,.T.);
#503=FACE_OUTER_BOUND('',#692,.T.);
#504=FACE_OUTER_BOUND('',#693,.T.);
#505=FACE_OUTER_BOUND('',#694,.T.);
#506=FACE_OUTER_BOUND('',#695,.T.);
#507=FACE_OUTER_BOUND('',#696,.T.);
#508=FACE_OUTER_BOUND('',#697,.T.);
#509=FACE_OUTER_BOUND('',#698,.T.);
#510=FACE_OUTER_BOUND('',#699,.T.);
#511=FACE_OUTER_BOUND('',#700,.T.);
#512=FACE_OUTER_BOUND('',#701,.T.);
#513=FACE_OUTER_BOUND('',#702,.T.);
#514=FACE_OUTER_BOUND('',#704,.T.);
#515=FACE_OUTER_BOUND('',#705,.T.);
#516=FACE_OUTER_BOUND('',#706,.T.);
#517=FACE_OUTER_BOUND('',#707,.T.);
#518=FACE_OUTER_BOUND('',#708,.T.);
#519=FACE_OUTER_BOUND('',#709,.T.);
#520=FACE_OUTER_BOUND('',#710,.T.);
#521=FACE_OUTER_BOUND('',#711,.T.);
#522=FACE_OUTER_BOUND('',#712,.T.);
#523=FACE_OUTER_BOUND('',#713,.T.);
#524=FACE_OUTER_BOUND('',#714,.T.);
#525=FACE_OUTER_BOUND('',#715,.T.);
#526=FACE_OUTER_BOUND('',#716,.T.);
#527=FACE_OUTER_BOUND('',#717,.T.);
#528=FACE_OUTER_BOUND('',#718,.T.);
#529=FACE_OUTER_BOUND('',#719,.T.);
#530=FACE_OUTER_BOUND('',#720,.T.);
#531=FACE_OUTER_BOUND('',#721,.T.);
#532=FACE_OUTER_BOUND('',#722,.T.);
#533=FACE_OUTER_BOUND('',#723,.T.);
#534=FACE_OUTER_BOUND('',#724,.T.);
#535=FACE_OUTER_BOUND('',#725,.T.);
#536=FACE_OUTER_BOUND('',#726,.T.);
#537=FACE_OUTER_BOUND('',#727,.T.);
#538=FACE_OUTER_BOUND('',#728,.T.);
#539=FACE_OUTER_BOUND('',#729,.T.);
#540=FACE_OUTER_BOUND('',#730,.T.);
#541=FACE_OUTER_BOUND('',#731,.T.);
#542=FACE_OUTER_BOUND('',#732,.T.);
#543=FACE_OUTER_BOUND('',#733,.T.);
#544=FACE_OUTER_BOUND('',#734,.T.);
#545=FACE_OUTER_BOUND('',#735,.T.);
#546=FACE_OUTER_BOUND('',#736,.T.);
#547=FACE_OUTER_BOUND('',#737,.T.);
#548=FACE_OUTER_BOUND('',#738,.T.);
#549=FACE_OUTER_BOUND('',#739,.T.);
#550=FACE_OUTER_BOUND('',#740,.T.);
#551=FACE_OUTER_BOUND('',#741,.T.);
#552=FACE_OUTER_BOUND('',#742,.T.);
#553=FACE_OUTER_BOUND('',#743,.T.);
#554=FACE_OUTER_BOUND('',#744,.T.);
#555=FACE_OUTER_BOUND('',#745,.T.);
#556=FACE_OUTER_BOUND('',#746,.T.);
#557=FACE_OUTER_BOUND('',#747,.T.);
#558=FACE_OUTER_BOUND('',#748,.T.);
#559=FACE_OUTER_BOUND('',#749,.T.);
#560=FACE_OUTER_BOUND('',#750,.T.);
#561=FACE_OUTER_BOUND('',#751,.T.);
#562=FACE_OUTER_BOUND('',#752,.T.);
#563=FACE_OUTER_BOUND('',#753,.T.);
#564=FACE_OUTER_BOUND('',#754,.T.);
#565=FACE_OUTER_BOUND('',#755,.T.);
#566=FACE_OUTER_BOUND('',#756,.T.);
#567=FACE_OUTER_BOUND('',#757,.T.);
#568=FACE_OUTER_BOUND('',#758,.T.);
#569=FACE_OUTER_BOUND('',#760,.T.);
#570=FACE_OUTER_BOUND('',#761,.T.);
#571=FACE_OUTER_BOUND('',#762,.T.);
#572=FACE_OUTER_BOUND('',#763,.T.);
#573=FACE_OUTER_BOUND('',#764,.T.);
#574=FACE_OUTER_BOUND('',#765,.T.);
#575=FACE_OUTER_BOUND('',#766,.T.);
#576=FACE_OUTER_BOUND('',#767,.T.);
#577=FACE_OUTER_BOUND('',#768,.T.);
#578=FACE_OUTER_BOUND('',#769,.T.);
#579=FACE_OUTER_BOUND('',#770,.T.);
#580=FACE_OUTER_BOUND('',#771,.T.);
#581=FACE_OUTER_BOUND('',#772,.T.);
#582=FACE_OUTER_BOUND('',#773,.T.);
#583=FACE_OUTER_BOUND('',#774,.T.);
#584=FACE_OUTER_BOUND('',#775,.T.);
#585=FACE_OUTER_BOUND('',#776,.T.);
#586=FACE_OUTER_BOUND('',#777,.T.);
#587=FACE_OUTER_BOUND('',#778,.T.);
#588=FACE_OUTER_BOUND('',#779,.T.);
#589=FACE_OUTER_BOUND('',#780,.T.);
#590=EDGE_LOOP('',(#1866,#1867,#1868,#1869));
#591=EDGE_LOOP('',(#1870,#1871,#1872,#1873));
#592=EDGE_LOOP('',(#1874,#1875,#1876,#1877));
#593=EDGE_LOOP('',(#1878,#1879,#1880,#1881));
#594=EDGE_LOOP('',(#1882,#1883,#1884,#1885));
#595=EDGE_LOOP('',(#1886,#1887,#1888,#1889));
#596=EDGE_LOOP('',(#1890,#1891,#1892,#1893));
#597=EDGE_LOOP('',(#1894,#1895,#1896,#1897));
#598=EDGE_LOOP('',(#1898,#1899,#1900,#1901,#1902,#1903));
#599=EDGE_LOOP('',(#1904,#1905,#1906,#1907));
#600=EDGE_LOOP('',(#1908,#1909,#1910,#1911,#1912,#1913));
#601=EDGE_LOOP('',(#1914,#1915,#1916,#1917,#1918,#1919,#1920,#1921,#1922,
#1923,#1924,#1925,#1926,#1927,#1928,#1929));
#602=EDGE_LOOP('',(#1930,#1931,#1932,#1933,#1934,#1935,#1936,#1937));
#603=EDGE_LOOP('',(#1938,#1939,#1940,#1941));
#604=EDGE_LOOP('',(#1942,#1943,#1944,#1945));
#605=EDGE_LOOP('',(#1946,#1947,#1948,#1949));
#606=EDGE_LOOP('',(#1950,#1951,#1952,#1953));
#607=EDGE_LOOP('',(#1954,#1955,#1956,#1957));
#608=EDGE_LOOP('',(#1958,#1959,#1960,#1961));
#609=EDGE_LOOP('',(#1962,#1963,#1964,#1965));
#610=EDGE_LOOP('',(#1966,#1967,#1968,#1969));
#611=EDGE_LOOP('',(#1970,#1971,#1972,#1973));
#612=EDGE_LOOP('',(#1974,#1975,#1976,#1977,#1978,#1979));
#613=EDGE_LOOP('',(#1980,#1981,#1982,#1983));
#614=EDGE_LOOP('',(#1984,#1985,#1986,#1987));
#615=EDGE_LOOP('',(#1988,#1989,#1990,#1991));
#616=EDGE_LOOP('',(#1992,#1993,#1994,#1995));
#617=EDGE_LOOP('',(#1996,#1997,#1998,#1999));
#618=EDGE_LOOP('',(#2000,#2001,#2002,#2003,#2004,#2005));
#619=EDGE_LOOP('',(#2006,#2007,#2008,#2009));
#620=EDGE_LOOP('',(#2010,#2011,#2012,#2013,#2014));
#621=EDGE_LOOP('',(#2015,#2016,#2017,#2018,#2019));
#622=EDGE_LOOP('',(#2020,#2021,#2022,#2023,#2024));
#623=EDGE_LOOP('',(#2025,#2026,#2027,#2028));
#624=EDGE_LOOP('',(#2029,#2030,#2031,#2032,#2033));
#625=EDGE_LOOP('',(#2034,#2035,#2036,#2037,#2038,#2039,#2040));
#626=EDGE_LOOP('',(#2041,#2042,#2043,#2044));
#627=EDGE_LOOP('',(#2045,#2046,#2047,#2048));
#628=EDGE_LOOP('',(#2049,#2050,#2051,#2052,#2053,#2054,#2055));
#629=EDGE_LOOP('',(#2056,#2057,#2058,#2059,#2060));
#630=EDGE_LOOP('',(#2061,#2062,#2063,#2064,#2065));
#631=EDGE_LOOP('',(#2066,#2067,#2068,#2069));
#632=EDGE_LOOP('',(#2070,#2071,#2072,#2073));
#633=EDGE_LOOP('',(#2074,#2075,#2076,#2077));
#634=EDGE_LOOP('',(#2078,#2079,#2080,#2081));
#635=EDGE_LOOP('',(#2082,#2083,#2084,#2085));
#636=EDGE_LOOP('',(#2086,#2087,#2088,#2089));
#637=EDGE_LOOP('',(#2090,#2091,#2092,#2093));
#638=EDGE_LOOP('',(#2094,#2095,#2096,#2097));
#639=EDGE_LOOP('',(#2098,#2099,#2100,#2101));
#640=EDGE_LOOP('',(#2102,#2103,#2104,#2105));
#641=EDGE_LOOP('',(#2106,#2107,#2108,#2109));
#642=EDGE_LOOP('',(#2110,#2111,#2112,#2113));
#643=EDGE_LOOP('',(#2114,#2115,#2116,#2117));
#644=EDGE_LOOP('',(#2118,#2119,#2120,#2121,#2122,#2123,#2124,#2125,#2126,
#2127,#2128,#2129,#2130,#2131,#2132,#2133,#2134,#2135,#2136,#2137,#2138,
#2139,#2140,#2141,#2142,#2143,#2144,#2145,#2146,#2147,#2148,#2149,#2150,
#2151,#2152,#2153));
#645=EDGE_LOOP('',(#2154,#2155,#2156,#2157,#2158,#2159,#2160,#2161));
#646=EDGE_LOOP('',(#2162,#2163,#2164,#2165));
#647=EDGE_LOOP('',(#2166,#2167,#2168,#2169));
#648=EDGE_LOOP('',(#2170,#2171,#2172,#2173));
#649=EDGE_LOOP('',(#2174,#2175,#2176,#2177));
#650=EDGE_LOOP('',(#2178,#2179,#2180,#2181));
#651=EDGE_LOOP('',(#2182,#2183,#2184,#2185));
#652=EDGE_LOOP('',(#2186,#2187,#2188,#2189));
#653=EDGE_LOOP('',(#2190,#2191,#2192,#2193));
#654=EDGE_LOOP('',(#2194,#2195,#2196,#2197));
#655=EDGE_LOOP('',(#2198,#2199,#2200,#2201));
#656=EDGE_LOOP('',(#2202,#2203,#2204,#2205));
#657=EDGE_LOOP('',(#2206,#2207,#2208,#2209));
#658=EDGE_LOOP('',(#2210,#2211,#2212,#2213));
#659=EDGE_LOOP('',(#2214,#2215,#2216,#2217));
#660=EDGE_LOOP('',(#2218,#2219,#2220,#2221));
#661=EDGE_LOOP('',(#2222,#2223,#2224,#2225));
#662=EDGE_LOOP('',(#2226,#2227,#2228,#2229));
#663=EDGE_LOOP('',(#2230,#2231,#2232,#2233));
#664=EDGE_LOOP('',(#2234,#2235,#2236,#2237));
#665=EDGE_LOOP('',(#2238,#2239,#2240,#2241));
#666=EDGE_LOOP('',(#2242,#2243,#2244,#2245));
#667=EDGE_LOOP('',(#2246,#2247,#2248,#2249));
#668=EDGE_LOOP('',(#2250,#2251,#2252,#2253));
#669=EDGE_LOOP('',(#2254,#2255,#2256,#2257));
#670=EDGE_LOOP('',(#2258,#2259,#2260,#2261));
#671=EDGE_LOOP('',(#2262,#2263,#2264,#2265));
#672=EDGE_LOOP('',(#2266,#2267,#2268,#2269));
#673=EDGE_LOOP('',(#2270,#2271,#2272,#2273));
#674=EDGE_LOOP('',(#2274,#2275,#2276,#2277));
#675=EDGE_LOOP('',(#2278,#2279,#2280,#2281));
#676=EDGE_LOOP('',(#2282,#2283,#2284,#2285));
#677=EDGE_LOOP('',(#2286,#2287,#2288,#2289));
#678=EDGE_LOOP('',(#2290,#2291,#2292,#2293));
#679=EDGE_LOOP('',(#2294,#2295,#2296,#2297));
#680=EDGE_LOOP('',(#2298,#2299,#2300,#2301));
#681=EDGE_LOOP('',(#2302,#2303,#2304,#2305));
#682=EDGE_LOOP('',(#2306,#2307,#2308,#2309,#2310));
#683=EDGE_LOOP('',(#2311,#2312,#2313,#2314,#2315,#2316));
#684=EDGE_LOOP('',(#2317,#2318,#2319,#2320,#2321));
#685=EDGE_LOOP('',(#2322,#2323,#2324,#2325,#2326,#2327,#2328,#2329,#2330,
#2331,#2332,#2333,#2334,#2335,#2336,#2337));
#686=EDGE_LOOP('',(#2338,#2339,#2340,#2341,#2342));
#687=EDGE_LOOP('',(#2343,#2344,#2345,#2346));
#688=EDGE_LOOP('',(#2347,#2348,#2349,#2350));
#689=EDGE_LOOP('',(#2351,#2352,#2353,#2354,#2355,#2356));
#690=EDGE_LOOP('',(#2357,#2358,#2359,#2360));
#691=EDGE_LOOP('',(#2361,#2362,#2363,#2364));
#692=EDGE_LOOP('',(#2365,#2366,#2367,#2368,#2369,#2370,#2371));
#693=EDGE_LOOP('',(#2372,#2373,#2374,#2375,#2376,#2377,#2378));
#694=EDGE_LOOP('',(#2379,#2380,#2381,#2382));
#695=EDGE_LOOP('',(#2383,#2384,#2385,#2386));
#696=EDGE_LOOP('',(#2387,#2388,#2389,#2390));
#697=EDGE_LOOP('',(#2391,#2392,#2393,#2394));
#698=EDGE_LOOP('',(#2395,#2396,#2397,#2398));
#699=EDGE_LOOP('',(#2399,#2400,#2401,#2402));
#700=EDGE_LOOP('',(#2403,#2404,#2405,#2406));
#701=EDGE_LOOP('',(#2407,#2408,#2409,#2410));
#702=EDGE_LOOP('',(#2411,#2412,#2413,#2414,#2415,#2416,#2417,#2418,#2419,
#2420,#2421,#2422));
#703=EDGE_LOOP('',(#2423,#2424,#2425,#2426,#2427,#2428,#2429,#2430));
#704=EDGE_LOOP('',(#2431,#2432,#2433,#2434,#2435,#2436));
#705=EDGE_LOOP('',(#2437,#2438,#2439,#2440));
#706=EDGE_LOOP('',(#2441,#2442,#2443,#2444));
#707=EDGE_LOOP('',(#2445,#2446,#2447,#2448));
#708=EDGE_LOOP('',(#2449,#2450,#2451,#2452,#2453,#2454));
#709=EDGE_LOOP('',(#2455,#2456,#2457));
#710=EDGE_LOOP('',(#2458,#2459,#2460));
#711=EDGE_LOOP('',(#2461,#2462,#2463,#2464,#2465,#2466));
#712=EDGE_LOOP('',(#2467,#2468,#2469,#2470,#2471,#2472));
#713=EDGE_LOOP('',(#2473,#2474,#2475,#2476));
#714=EDGE_LOOP('',(#2477,#2478,#2479,#2480));
#715=EDGE_LOOP('',(#2481,#2482,#2483,#2484));
#716=EDGE_LOOP('',(#2485,#2486,#2487,#2488,#2489,#2490));
#717=EDGE_LOOP('',(#2491,#2492,#2493));
#718=EDGE_LOOP('',(#2494,#2495,#2496));
#719=EDGE_LOOP('',(#2497,#2498,#2499,#2500,#2501,#2502));
#720=EDGE_LOOP('',(#2503,#2504,#2505,#2506,#2507));
#721=EDGE_LOOP('',(#2508,#2509,#2510,#2511));
#722=EDGE_LOOP('',(#2512,#2513,#2514,#2515));
#723=EDGE_LOOP('',(#2516,#2517,#2518,#2519));
#724=EDGE_LOOP('',(#2520,#2521,#2522,#2523));
#725=EDGE_LOOP('',(#2524,#2525,#2526,#2527));
#726=EDGE_LOOP('',(#2528,#2529,#2530,#2531));
#727=EDGE_LOOP('',(#2532,#2533,#2534,#2535));
#728=EDGE_LOOP('',(#2536,#2537,#2538,#2539));
#729=EDGE_LOOP('',(#2540,#2541,#2542,#2543));
#730=EDGE_LOOP('',(#2544,#2545,#2546,#2547));
#731=EDGE_LOOP('',(#2548,#2549,#2550,#2551));
#732=EDGE_LOOP('',(#2552,#2553,#2554,#2555));
#733=EDGE_LOOP('',(#2556,#2557,#2558,#2559));
#734=EDGE_LOOP('',(#2560,#2561,#2562,#2563));
#735=EDGE_LOOP('',(#2564,#2565,#2566,#2567));
#736=EDGE_LOOP('',(#2568,#2569,#2570,#2571));
#737=EDGE_LOOP('',(#2572,#2573,#2574,#2575));
#738=EDGE_LOOP('',(#2576,#2577,#2578,#2579));
#739=EDGE_LOOP('',(#2580,#2581,#2582,#2583));
#740=EDGE_LOOP('',(#2584,#2585,#2586,#2587));
#741=EDGE_LOOP('',(#2588,#2589,#2590,#2591));
#742=EDGE_LOOP('',(#2592,#2593,#2594,#2595));
#743=EDGE_LOOP('',(#2596,#2597,#2598,#2599));
#744=EDGE_LOOP('',(#2600,#2601,#2602,#2603));
#745=EDGE_LOOP('',(#2604,#2605,#2606,#2607));
#746=EDGE_LOOP('',(#2608,#2609,#2610,#2611));
#747=EDGE_LOOP('',(#2612,#2613,#2614,#2615));
#748=EDGE_LOOP('',(#2616,#2617,#2618,#2619));
#749=EDGE_LOOP('',(#2620,#2621,#2622,#2623,#2624,#2625,#2626,#2627,#2628,
#2629,#2630,#2631));
#750=EDGE_LOOP('',(#2632,#2633,#2634,#2635,#2636,#2637));
#751=EDGE_LOOP('',(#2638,#2639,#2640,#2641));
#752=EDGE_LOOP('',(#2642,#2643,#2644,#2645));
#753=EDGE_LOOP('',(#2646,#2647,#2648,#2649));
#754=EDGE_LOOP('',(#2650,#2651,#2652,#2653));
#755=EDGE_LOOP('',(#2654,#2655,#2656,#2657));
#756=EDGE_LOOP('',(#2658,#2659,#2660,#2661,#2662,#2663));
#757=EDGE_LOOP('',(#2664,#2665,#2666,#2667,#2668,#2669));
#758=EDGE_LOOP('',(#2670,#2671,#2672,#2673,#2674,#2675,#2676,#2677,#2678,
#2679,#2680,#2681,#2682,#2683,#2684,#2685,#2686,#2687,#2688,#2689));
#759=EDGE_LOOP('',(#2690,#2691,#2692,#2693,#2694,#2695,#2696,#2697));
#760=EDGE_LOOP('',(#2698,#2699,#2700,#2701));
#761=EDGE_LOOP('',(#2702,#2703,#2704,#2705));
#762=EDGE_LOOP('',(#2706,#2707,#2708,#2709));
#763=EDGE_LOOP('',(#2710,#2711,#2712,#2713));
#764=EDGE_LOOP('',(#2714,#2715,#2716,#2717));
#765=EDGE_LOOP('',(#2718,#2719,#2720,#2721));
#766=EDGE_LOOP('',(#2722,#2723,#2724,#2725));
#767=EDGE_LOOP('',(#2726,#2727,#2728,#2729));
#768=EDGE_LOOP('',(#2730,#2731,#2732,#2733));
#769=EDGE_LOOP('',(#2734,#2735,#2736,#2737));
#770=EDGE_LOOP('',(#2738,#2739,#2740,#2741));
#771=EDGE_LOOP('',(#2742,#2743,#2744,#2745));
#772=EDGE_LOOP('',(#2746,#2747,#2748,#2749));
#773=EDGE_LOOP('',(#2750,#2751,#2752,#2753));
#774=EDGE_LOOP('',(#2754,#2755,#2756,#2757));
#775=EDGE_LOOP('',(#2758,#2759,#2760,#2761,#2762,#2763,#2764,#2765,#2766,
#2767,#2768,#2769));
#776=EDGE_LOOP('',(#2770,#2771,#2772,#2773,#2774,#2775));
#777=EDGE_LOOP('',(#2776,#2777,#2778,#2779));
#778=EDGE_LOOP('',(#2780,#2781,#2782,#2783));
#779=EDGE_LOOP('',(#2784,#2785,#2786,#2787));
#780=EDGE_LOOP('',(#2788,#2789,#2790,#2791));
#781=LINE('',#4640,#941);
#782=LINE('',#4650,#942);
#783=LINE('',#4663,#943);
#784=LINE('',#4673,#944);
#785=LINE('',#4686,#945);
#786=LINE('',#4696,#946);
#787=LINE('',#4702,#947);
#788=LINE('',#4705,#948);
#789=LINE('',#4716,#949);
#790=LINE('',#4717,#950);
#791=LINE('',#4728,#951);
#792=LINE('',#4729,#952);
#793=LINE('',#4761,#953);
#794=LINE('',#4762,#954);
#795=LINE('',#4793,#955);
#796=LINE('',#4797,#956);
#797=LINE('',#4801,#957);
#798=LINE('',#4811,#958);
#799=LINE('',#4817,#959);
#800=LINE('',#4820,#960);
#801=LINE('',#4823,#961);
#802=LINE('',#4824,#962);
#803=LINE('',#4827,#963);
#804=LINE('',#4831,#964);
#805=LINE('',#4832,#965);
#806=LINE('',#4835,#966);
#807=LINE('',#4838,#967);
#808=LINE('',#4841,#968);
#809=LINE('',#4842,#969);
#810=LINE('',#4846,#970);
#811=LINE('',#4849,#971);
#812=LINE('',#4850,#972);
#813=LINE('',#4853,#973);
#814=LINE('',#4856,#974);
#815=LINE('',#4859,#975);
#816=LINE('',#4865,#976);
#817=LINE('',#4866,#977);
#818=LINE('',#4869,#978);
#819=LINE('',#4870,#979);
#820=LINE('',#4873,#980);
#821=LINE('',#4878,#981);
#822=LINE('',#4886,#982);
#823=LINE('',#4889,#983);
#824=LINE('',#4894,#984);
#825=LINE('',#4897,#985);
#826=LINE('',#4905,#986);
#827=LINE('',#4909,#987);
#828=LINE('',#4922,#988);
#829=LINE('',#4927,#989);
#830=LINE('',#4941,#990);
#831=LINE('',#4943,#991);
#832=LINE('',#4945,#992);
#833=LINE('',#4949,#993);
#834=LINE('',#4956,#994);
#835=LINE('',#4962,#995);
#836=LINE('',#4965,#996);
#837=LINE('',#4969,#997);
#838=LINE('',#4971,#998);
#839=LINE('',#4973,#999);
#840=LINE('',#4989,#1000);
#841=LINE('',#4992,#1001);
#842=LINE('',#4995,#1002);
#843=LINE('',#4999,#1003);
#844=LINE('',#5009,#1004);
#845=LINE('',#5012,#1005);
#846=LINE('',#5023,#1006);
#847=LINE('',#5024,#1007);
#848=LINE('',#5035,#1008);
#849=LINE('',#5036,#1009);
#850=LINE('',#5047,#1010);
#851=LINE('',#5048,#1011);
#852=LINE('',#5054,#1012);
#853=LINE('',#5057,#1013);
#854=LINE('',#5060,#1014);
#855=LINE('',#5061,#1015);
#856=LINE('',#5064,#1016);
#857=LINE('',#5068,#1017);
#858=LINE('',#5069,#1018);
#859=LINE('',#5075,#1019);
#860=LINE('',#5083,#1020);
#861=LINE('',#5091,#1021);
#862=LINE('',#5099,#1022);
#863=LINE('',#5111,#1023);
#864=LINE('',#5119,#1024);
#865=LINE('',#5123,#1025);
#866=LINE('',#5127,#1026);
#867=LINE('',#5135,#1027);
#868=LINE('',#5187,#1028);
#869=LINE('',#5196,#1029);
#870=LINE('',#5205,#1030);
#871=LINE('',#5215,#1031);
#872=LINE('',#5269,#1032);
#873=LINE('',#5280,#1033);
#874=LINE('',#5288,#1034);
#875=LINE('',#5296,#1035);
#876=LINE('',#5307,#1036);
#877=LINE('',#5318,#1037);
#878=LINE('',#5330,#1038);
#879=LINE('',#5333,#1039);
#880=LINE('',#5349,#1040);
#881=LINE('',#5361,#1041);
#882=LINE('',#5363,#1042);
#883=LINE('',#5365,#1043);
#884=LINE('',#5366,#1044);
#885=LINE('',#5369,#1045);
#886=LINE('',#5381,#1046);
#887=LINE('',#5384,#1047);
#888=LINE('',#5388,#1048);
#889=LINE('',#5391,#1049);
#890=LINE('',#5394,#1050);
#891=LINE('',#5409,#1051);
#892=LINE('',#5411,#1052);
#893=LINE('',#5414,#1053);
#894=LINE('',#5416,#1054);
#895=LINE('',#5418,#1055);
#896=LINE('',#5431,#1056);
#897=LINE('',#5433,#1057);
#898=LINE('',#5434,#1058);
#899=LINE('',#5449,#1059);
#900=LINE('',#5453,#1060);
#901=LINE('',#5461,#1061);
#902=LINE('',#5467,#1062);
#903=LINE('',#5585,#1063);
#904=LINE('',#5589,#1064);
#905=LINE('',#5591,#1065);
#906=LINE('',#5594,#1066);
#907=LINE('',#5598,#1067);
#908=LINE('',#5599,#1068);
#909=LINE('',#5602,#1069);
#910=LINE('',#5603,#1070);
#911=LINE('',#5617,#1071);
#912=LINE('',#5680,#1072);
#913=LINE('',#5681,#1073);
#914=LINE('',#5692,#1074);
#915=LINE('',#5693,#1075);
#916=LINE('',#5704,#1076);
#917=LINE('',#5705,#1077);
#918=LINE('',#5756,#1078);
#919=LINE('',#5757,#1079);
#920=LINE('',#5758,#1080);
#921=LINE('',#5760,#1081);
#922=LINE('',#5762,#1082);
#923=LINE('',#5764,#1083);
#924=LINE('',#5766,#1084);
#925=LINE('',#5768,#1085);
#926=LINE('',#5770,#1086);
#927=LINE('',#5773,#1087);
#928=LINE('',#5777,#1088);
#929=LINE('',#5781,#1089);
#930=LINE('',#5785,#1090);
#931=LINE('',#5789,#1091);
#932=LINE('',#5808,#1092);
#933=LINE('',#5810,#1093);
#934=LINE('',#5811,#1094);
#935=LINE('',#5813,#1095);
#936=LINE('',#5814,#1096);
#937=LINE('',#5816,#1097);
#938=LINE('',#5818,#1098);
#939=LINE('',#5820,#1099);
#940=LINE('',#5823,#1100);
#941=VECTOR('',#3548,10.);
#942=VECTOR('',#3549,10.);
#943=VECTOR('',#3552,10.);
#944=VECTOR('',#3553,10.);
#945=VECTOR('',#3556,10.);
#946=VECTOR('',#3557,10.);
#947=VECTOR('',#3562,10.);
#948=VECTOR('',#3565,10.);
#949=VECTOR('',#3578,10.);
#950=VECTOR('',#3579,10.);
#951=VECTOR('',#3592,10.);
#952=VECTOR('',#3593,10.);
#953=VECTOR('',#3608,10.);
#954=VECTOR('',#3609,10.);
#955=VECTOR('',#3624,10.);
#956=VECTOR('',#3627,10.);
#957=VECTOR('',#3630,10.);
#958=VECTOR('',#3641,10.);
#959=VECTOR('',#3648,10.);
#960=VECTOR('',#3651,10.);
#961=VECTOR('',#3654,10.);
#962=VECTOR('',#3655,10.);
#963=VECTOR('',#3658,10.);
#964=VECTOR('',#3663,10.);
#965=VECTOR('',#3664,10.);
#966=VECTOR('',#3667,10.);
#967=VECTOR('',#3670,10.);
#968=VECTOR('',#3673,10.);
#969=VECTOR('',#3674,10.);
#970=VECTOR('',#3679,10.);
#971=VECTOR('',#3682,10.);
#972=VECTOR('',#3683,10.);
#973=VECTOR('',#3686,4.74999999999266);
#974=VECTOR('',#3689,1.54999999999994);
#975=VECTOR('',#3692,4.74999999999266);
#976=VECTOR('',#3701,10.);
#977=VECTOR('',#3702,10.);
#978=VECTOR('',#3705,10.);
#979=VECTOR('',#3706,10.);
#980=VECTOR('',#3709,4.75000000000236);
#981=VECTOR('',#3716,1.55000000000001);
#982=VECTOR('',#3725,1.35);
#983=VECTOR('',#3728,1.35);
#984=VECTOR('',#3735,10.);
#985=VECTOR('',#3738,10.);
#986=VECTOR('',#3747,2.1);
#987=VECTOR('',#3750,10.);
#988=VECTOR('',#3755,1.35);
#989=VECTOR('',#3760,10.);
#990=VECTOR('',#3767,10.);
#991=VECTOR('',#3768,10.);
#992=VECTOR('',#3769,10.);
#993=VECTOR('',#3772,1.35);
#994=VECTOR('',#3781,10.);
#995=VECTOR('',#3786,10.);
#996=VECTOR('',#3789,10.);
#997=VECTOR('',#3792,10.);
#998=VECTOR('',#3793,10.);
#999=VECTOR('',#3794,10.);
#1000=VECTOR('',#3803,2.10000000000001);
#1001=VECTOR('',#3806,10.);
#1002=VECTOR('',#3809,10.);
#1003=VECTOR('',#3812,2.10000000000001);
#1004=VECTOR('',#3825,10.);
#1005=VECTOR('',#3828,10.);
#1006=VECTOR('',#3841,10.);
#1007=VECTOR('',#3842,10.);
#1008=VECTOR('',#3855,10.);
#1009=VECTOR('',#3856,10.);
#1010=VECTOR('',#3869,10.);
#1011=VECTOR('',#3870,10.);
#1012=VECTOR('',#3879,10.);
#1013=VECTOR('',#3882,10.);
#1014=VECTOR('',#3885,10.);
#1015=VECTOR('',#3886,10.);
#1016=VECTOR('',#3889,10.);
#1017=VECTOR('',#3894,10.);
#1018=VECTOR('',#3895,10.);
#1019=VECTOR('',#3900,10.);
#1020=VECTOR('',#3907,10.);
#1021=VECTOR('',#3914,10.);
#1022=VECTOR('',#3921,10.);
#1023=VECTOR('',#3932,10.);
#1024=VECTOR('',#3939,10.);
#1025=VECTOR('',#3942,10.);
#1026=VECTOR('',#3945,10.);
#1027=VECTOR('',#3952,10.);
#1028=VECTOR('',#3977,10.);
#1029=VECTOR('',#3994,10.);
#1030=VECTOR('',#4011,10.);
#1031=VECTOR('',#4028,10.);
#1032=VECTOR('',#4059,10.);
#1033=VECTOR('',#4078,10.);
#1034=VECTOR('',#4089,10.);
#1035=VECTOR('',#4100,10.);
#1036=VECTOR('',#4119,10.);
#1037=VECTOR('',#4136,10.);
#1038=VECTOR('',#4139,10.);
#1039=VECTOR('',#4142,4.1);
#1040=VECTOR('',#4147,10.);
#1041=VECTOR('',#4152,10.);
#1042=VECTOR('',#4153,1.40000000000001);
#1043=VECTOR('',#4154,10.);
#1044=VECTOR('',#4155,10.);
#1045=VECTOR('',#4158,10.);
#1046=VECTOR('',#4161,10.);
#1047=VECTOR('',#4164,10.);
#1048=VECTOR('',#4169,0.750000000000043);
#1049=VECTOR('',#4172,10.);
#1050=VECTOR('',#4175,10.);
#1051=VECTOR('',#4180,10.);
#1052=VECTOR('',#4183,10.);
#1053=VECTOR('',#4186,10.);
#1054=VECTOR('',#4187,10.);
#1055=VECTOR('',#4188,10.);
#1056=VECTOR('',#4193,10.);
#1057=VECTOR('',#4194,10.);
#1058=VECTOR('',#4195,10.);
#1059=VECTOR('',#4216,10.);
#1060=VECTOR('',#4221,10.);
#1061=VECTOR('',#4232,10.);
#1062=VECTOR('',#4241,10.);
#1063=VECTOR('',#4344,10.);
#1064=VECTOR('',#4351,10.);
#1065=VECTOR('',#4354,10.);
#1066=VECTOR('',#4357,10.);
#1067=VECTOR('',#4362,10.);
#1068=VECTOR('',#4363,10.);
#1069=VECTOR('',#4366,10.);
#1070=VECTOR('',#4367,10.);
#1071=VECTOR('',#4386,10.);
#1072=VECTOR('',#4443,10.);
#1073=VECTOR('',#4444,10.);
#1074=VECTOR('',#4457,10.);
#1075=VECTOR('',#4458,10.);
#1076=VECTOR('',#4471,10.);
#1077=VECTOR('',#4472,10.);
#1078=VECTOR('',#4517,10.);
#1079=VECTOR('',#4518,10.);
#1080=VECTOR('',#4519,10.);
#1081=VECTOR('',#4522,10.);
#1082=VECTOR('',#4525,10.);
#1083=VECTOR('',#4528,10.);
#1084=VECTOR('',#4531,10.);
#1085=VECTOR('',#4534,10.);
#1086=VECTOR('',#4537,10.);
#1087=VECTOR('',#4542,0.800000000000001);
#1088=VECTOR('',#4545,10.);
#1089=VECTOR('',#4548,10.);
#1090=VECTOR('',#4551,10.);
#1091=VECTOR('',#4554,10.);
#1092=VECTOR('',#4591,1.);
#1093=VECTOR('',#4594,1.4);
#1094=VECTOR('',#4595,0.799999999999995);
#1095=VECTOR('',#4598,10.);
#1096=VECTOR('',#4599,3.80000000000002);
#1097=VECTOR('',#4602,3.8);
#1098=VECTOR('',#4605,3.1);
#1099=VECTOR('',#4608,1.);
#1100=VECTOR('',#4613,1.4);
#1101=B_SPLINE_CURVE_WITH_KNOTS('',3,(#4631,#4632,#4633,#4634,#4635,#4636,
#4637,#4638),.UNSPECIFIED.,.F.,.F.,(4,2,2,4),(-0.42103042216931,-0.356650711313094,
-0.324240275322015,-0.291829839330935),.UNSPECIFIED.);
#1102=B_SPLINE_CURVE_WITH_KNOTS('',3,(#4642,#4643,#4644,#4645,#4646,#4647,
#4648,#4649),.UNSPECIFIED.,.F.,.F.,(4,2,2,4),(-0.129641743964294,-0.0972313079732206,
-0.0648208719821471,-0.000441161125943135),.UNSPECIFIED.);
#1103=B_SPLINE_CURVE_WITH_KNOTS('',3,(#4654,#4655,#4656,#4657,#4658,#4659,
#4660,#4661),.UNSPECIFIED.,.F.,.F.,(4,2,2,4),(-0.421471583050415,-0.356650711190679,
-0.32424027526081,-0.291829839330942),.UNSPECIFIED.);
#1104=B_SPLINE_CURVE_WITH_KNOTS('',3,(#4665,#4666,#4667,#4668,#4669,#4670,
#4671,#4672),.UNSPECIFIED.,.F.,.F.,(4,2,2,4),(-0.129641743964306,-0.0972313080344378,
-0.0648208721045695,-2.4483295946176E-10),.UNSPECIFIED.);
#1105=B_SPLINE_CURVE_WITH_KNOTS('',3,(#4677,#4678,#4679,#4680,#4681,#4682,
#4683,#4684),.UNSPECIFIED.,.F.,.F.,(4,2,2,4),(-0.421471583050419,-0.356650711190683,
-0.324240275260815,-0.291829839330947),.UNSPECIFIED.);
#1106=B_SPLINE_CURVE_WITH_KNOTS('',3,(#4688,#4689,#4690,#4691,#4692,#4693,
#4694,#4695),.UNSPECIFIED.,.F.,.F.,(4,2,2,4),(-0.129641743964308,-0.09723130803444,
-0.0648208721045723,-2.44836706464469E-10),.UNSPECIFIED.);
#1107=B_SPLINE_CURVE_WITH_KNOTS('',3,(#4733,#4734,#4735,#4736,#4737,#4738,
#4739,#4740,#4741,#4742,#4743,#4744,#4745,#4746,#4747,#4748,#4749,#4750),
 .UNSPECIFIED.,.F.,.F.,(4,2,2,2,2,2,2,2,4),(0.289617592812372,0.293684139613465,
0.327351572895345,0.341554532814174,0.349271388943187,0.35605323206646,
0.365213813235682,0.384621776867046,0.403477597001361),.UNSPECIFIED.);
#1108=B_SPLINE_CURVE_WITH_KNOTS('',3,(#4766,#4767,#4768,#4769,#4770,#4771,
#4772,#4773,#4774,#4775,#4776,#4777,#4778,#4779,#4780,#4781,#4782,#4783),
 .UNSPECIFIED.,.F.,.F.,(4,2,2,2,2,2,2,2,4),(0.289617593079417,0.293684139885645,
0.327351573240912,0.341554533204472,0.349271389355022,0.356053232495708,
0.365213813686168,0.384621777361349,0.403477597572818),.UNSPECIFIED.);
#1109=B_SPLINE_CURVE_WITH_KNOTS('',3,(#4910,#4911,#4912,#4913,#4914,#4915,
#4916,#4917),.UNSPECIFIED.,.F.,.F.,(4,2,2,4),(0.286882149454963,0.319292585384832,
0.351703021314702,0.416523893174441),.UNSPECIFIED.);
#1110=B_SPLINE_CURVE_WITH_KNOTS('',3,(#4931,#4932,#4933,#4934,#4935,#4936,
#4937,#4938),.UNSPECIFIED.,.F.,.F.,(4,2,2,4),(2.44835420494194E-10,0.0648208721045773,
0.0972313080344483,0.129641743964319),.UNSPECIFIED.);
#1111=B_SPLINE_CURVE_WITH_KNOTS('',3,(#4977,#4978,#4979,#4980,#4981,#4982,
#4983,#4984),.UNSPECIFIED.,.F.,.F.,(4,2,2,4),(0.000440865892251367,0.068640456376912,
0.0966639953713571,0.124687534365802),.UNSPECIFIED.);
#1112=B_SPLINE_CURVE_WITH_KNOTS('',3,(#5148,#5149,#5150,#5151,#5152,#5153,
#5154,#5155,#5156,#5157,#5158,#5159,#5160,#5161,#5162,#5163),
 .UNSPECIFIED.,.F.,.F.,(4,3,3,3,3,4),(-0.000905789482479463,0.,0.0192888737476551,
0.0388225297129963,0.0583538736185655,0.0778842510299672),.UNSPECIFIED.);
#1113=B_SPLINE_CURVE_WITH_KNOTS('',3,(#5169,#5170,#5171,#5172,#5173,#5174,
#5175,#5176,#5177,#5178,#5179,#5180,#5181,#5182,#5183,#5184),
 .UNSPECIFIED.,.F.,.F.,(4,3,3,3,3,4),(0.,0.0195301598593937,0.0390612906978627,
0.0585947443259138,0.0778844495463302,0.0787892405992074),.UNSPECIFIED.);
#1114=B_SPLINE_CURVE_WITH_KNOTS('',3,(#5219,#5220,#5221,#5222,#5223,#5224,
#5225,#5226,#5227,#5228,#5229,#5230,#5231,#5232,#5233,#5234),
 .UNSPECIFIED.,.F.,.F.,(4,3,3,3,3,4),(0.,0.0195301540515001,0.0390612493650335,
0.0585946074814125,0.077636752998759,0.0787870205133405),.UNSPECIFIED.);
#1115=B_SPLINE_CURVE_WITH_KNOTS('',3,(#5246,#5247,#5248,#5249,#5250,#5251,
#5252,#5253,#5254,#5255,#5256,#5257,#5258,#5259,#5260,#5261),
 .UNSPECIFIED.,.F.,.F.,(4,3,3,3,3,4),(0.,0.0195301694154155,0.0390613053146845,
0.0585947532491327,0.0778834215725542,0.0787892014080223),.UNSPECIFIED.);
#1116=B_SPLINE_CURVE_WITH_KNOTS('',3,(#5320,#5321,#5322,#5323,#5324,#5325,
#5326,#5327),.UNSPECIFIED.,.F.,.F.,(4,2,2,4),(0.254079435811375,0.262874138229222,
0.29073405589428,0.337150718316226),.UNSPECIFIED.);
#1117=B_SPLINE_CURVE_WITH_KNOTS('',3,(#5335,#5336,#5337,#5338),
 .UNSPECIFIED.,.F.,.F.,(4,4),(-0.0948362079867288,-0.0837057472253629),
 .UNSPECIFIED.);
#1118=B_SPLINE_CURVE_WITH_KNOTS('',3,(#5341,#5342,#5343,#5344,#5345,#5346),
 .UNSPECIFIED.,.F.,.F.,(4,2,4),(-0.255220023270005,-0.244160467915541,-0.244087217040132),
 .UNSPECIFIED.);
#1119=B_SPLINE_CURVE_WITH_KNOTS('',3,(#5352,#5353,#5354,#5355,#5356,#5357,
#5358,#5359),.UNSPECIFIED.,.F.,.F.,(4,2,2,4),(0.00181932330171615,0.0482309185827302,
0.0760908482045587,0.0848855543690816),.UNSPECIFIED.);
#1120=B_SPLINE_CURVE_WITH_KNOTS('',3,(#5371,#5372,#5373,#5374,#5375,#5376,
#5377,#5378),.UNSPECIFIED.,.F.,.F.,(4,2,2,4),(0.254080495966742,0.262875237602878,
0.290735279503834,0.337147003001037),.UNSPECIFIED.);
#1121=B_SPLINE_CURVE_WITH_KNOTS('',3,(#5396,#5397,#5398,#5399),
 .UNSPECIFIED.,.F.,.F.,(4,4),(-0.0948362079862184,-0.0837057472248501),
 .UNSPECIFIED.);
#1122=B_SPLINE_CURVE_WITH_KNOTS('',3,(#5402,#5403,#5404,#5405,#5406,#5407),
 .UNSPECIFIED.,.F.,.F.,(4,2,4),(-0.255220023270317,-0.244160467915827,-0.24408721704045),
 .UNSPECIFIED.);
#1123=B_SPLINE_CURVE_WITH_KNOTS('',3,(#5420,#5421,#5422,#5423,#5424,#5425,
#5426,#5427),.UNSPECIFIED.,.F.,.F.,(4,2,2,4),(0.286882149454967,0.314905688449411,
0.342929227443855,0.411128817928106),.UNSPECIFIED.);
#1124=B_SPLINE_CURVE_WITH_KNOTS('',3,(#5516,#5517,#5518,#5519,#5520,#5521,
#5522,#5523),.UNSPECIFIED.,.F.,.F.,(4,2,2,4),(0.00181424251990357,0.0482309245219034,
0.0760908593322346,0.0848855671346296),.UNSPECIFIED.);
#1125=VERTEX_POINT('',#4629);
#1126=VERTEX_POINT('',#4630);
#1127=VERTEX_POINT('',#4639);
#1128=VERTEX_POINT('',#4641);
#1129=VERTEX_POINT('',#4652);
#1130=VERTEX_POINT('',#4653);
#1131=VERTEX_POINT('',#4662);
#1132=VERTEX_POINT('',#4664);
#1133=VERTEX_POINT('',#4675);
#1134=VERTEX_POINT('',#4676);
#1135=VERTEX_POINT('',#4685);
#1136=VERTEX_POINT('',#4687);
#1137=VERTEX_POINT('',#4698);
#1138=VERTEX_POINT('',#4699);
#1139=VERTEX_POINT('',#4701);
#1140=VERTEX_POINT('',#4703);
#1141=VERTEX_POINT('',#4707);
#1142=VERTEX_POINT('',#4708);
#1143=VERTEX_POINT('',#4713);
#1144=VERTEX_POINT('',#4714);
#1145=VERTEX_POINT('',#4719);
#1146=VERTEX_POINT('',#4720);
#1147=VERTEX_POINT('',#4725);
#1148=VERTEX_POINT('',#4726);
#1149=VERTEX_POINT('',#4731);
#1150=VERTEX_POINT('',#4732);
#1151=VERTEX_POINT('',#4752);
#1152=VERTEX_POINT('',#4754);
#1153=VERTEX_POINT('',#4758);
#1154=VERTEX_POINT('',#4759);
#1155=VERTEX_POINT('',#4764);
#1156=VERTEX_POINT('',#4765);
#1157=VERTEX_POINT('',#4788);
#1158=VERTEX_POINT('',#4790);
#1159=VERTEX_POINT('',#4792);
#1160=VERTEX_POINT('',#4794);
#1161=VERTEX_POINT('',#4796);
#1162=VERTEX_POINT('',#4798);
#1163=VERTEX_POINT('',#4800);
#1164=VERTEX_POINT('',#4802);
#1165=VERTEX_POINT('',#4806);
#1166=VERTEX_POINT('',#4808);
#1167=VERTEX_POINT('',#4810);
#1168=VERTEX_POINT('',#4812);
#1169=VERTEX_POINT('',#4816);
#1170=VERTEX_POINT('',#4818);
#1171=VERTEX_POINT('',#4822);
#1172=VERTEX_POINT('',#4826);
#1173=VERTEX_POINT('',#4830);
#1174=VERTEX_POINT('',#4834);
#1175=VERTEX_POINT('',#4836);
#1176=VERTEX_POINT('',#4840);
#1177=VERTEX_POINT('',#4844);
#1178=VERTEX_POINT('',#4848);
#1179=VERTEX_POINT('',#4852);
#1180=VERTEX_POINT('',#4854);
#1181=VERTEX_POINT('',#4858);
#1182=VERTEX_POINT('',#4864);
#1183=VERTEX_POINT('',#4868);
#1184=VERTEX_POINT('',#4872);
#1185=VERTEX_POINT('',#4876);
#1186=VERTEX_POINT('',#4882);
#1187=VERTEX_POINT('',#4883);
#1188=VERTEX_POINT('',#4885);
#1189=VERTEX_POINT('',#4887);
#1190=VERTEX_POINT('',#4892);
#1191=VERTEX_POINT('',#4896);
#1192=VERTEX_POINT('',#4901);
#1193=VERTEX_POINT('',#4902);
#1194=VERTEX_POINT('',#4904);
#1195=VERTEX_POINT('',#4906);
#1196=VERTEX_POINT('',#4908);
#1197=VERTEX_POINT('',#4919);
#1198=VERTEX_POINT('',#4921);
#1199=VERTEX_POINT('',#4925);
#1200=VERTEX_POINT('',#4926);
#1201=VERTEX_POINT('',#4929);
#1202=VERTEX_POINT('',#4940);
#1203=VERTEX_POINT('',#4942);
#1204=VERTEX_POINT('',#4944);
#1205=VERTEX_POINT('',#4946);
#1206=VERTEX_POINT('',#4948);
#1207=VERTEX_POINT('',#4952);
#1208=VERTEX_POINT('',#4954);
#1209=VERTEX_POINT('',#4958);
#1210=VERTEX_POINT('',#4959);
#1211=VERTEX_POINT('',#4961);
#1212=VERTEX_POINT('',#4963);
#1213=VERTEX_POINT('',#4967);
#1214=VERTEX_POINT('',#4968);
#1215=VERTEX_POINT('',#4970);
#1216=VERTEX_POINT('',#4972);
#1217=VERTEX_POINT('',#4975);
#1218=VERTEX_POINT('',#4986);
#1219=VERTEX_POINT('',#4988);
#1220=VERTEX_POINT('',#4990);
#1221=VERTEX_POINT('',#4994);
#1222=VERTEX_POINT('',#4996);
#1223=VERTEX_POINT('',#4998);
#1224=VERTEX_POINT('',#5005);
#1225=VERTEX_POINT('',#5006);
#1226=VERTEX_POINT('',#5008);
#1227=VERTEX_POINT('',#5010);
#1228=VERTEX_POINT('',#5014);
#1229=VERTEX_POINT('',#5015);
#1230=VERTEX_POINT('',#5020);
#1231=VERTEX_POINT('',#5021);
#1232=VERTEX_POINT('',#5026);
#1233=VERTEX_POINT('',#5027);
#1234=VERTEX_POINT('',#5032);
#1235=VERTEX_POINT('',#5033);
#1236=VERTEX_POINT('',#5038);
#1237=VERTEX_POINT('',#5039);
#1238=VERTEX_POINT('',#5044);
#1239=VERTEX_POINT('',#5045);
#1240=VERTEX_POINT('',#5053);
#1241=VERTEX_POINT('',#5055);
#1242=VERTEX_POINT('',#5059);
#1243=VERTEX_POINT('',#5063);
#1244=VERTEX_POINT('',#5067);
#1245=VERTEX_POINT('',#5071);
#1246=VERTEX_POINT('',#5072);
#1247=VERTEX_POINT('',#5074);
#1248=VERTEX_POINT('',#5076);
#1249=VERTEX_POINT('',#5078);
#1250=VERTEX_POINT('',#5080);
#1251=VERTEX_POINT('',#5082);
#1252=VERTEX_POINT('',#5084);
#1253=VERTEX_POINT('',#5086);
#1254=VERTEX_POINT('',#5088);
#1255=VERTEX_POINT('',#5090);
#1256=VERTEX_POINT('',#5092);
#1257=VERTEX_POINT('',#5094);
#1258=VERTEX_POINT('',#5096);
#1259=VERTEX_POINT('',#5098);
#1260=VERTEX_POINT('',#5100);
#1261=VERTEX_POINT('',#5102);
#1262=VERTEX_POINT('',#5104);
#1263=VERTEX_POINT('',#5106);
#1264=VERTEX_POINT('',#5108);
#1265=VERTEX_POINT('',#5110);
#1266=VERTEX_POINT('',#5112);
#1267=VERTEX_POINT('',#5114);
#1268=VERTEX_POINT('',#5116);
#1269=VERTEX_POINT('',#5118);
#1270=VERTEX_POINT('',#5120);
#1271=VERTEX_POINT('',#5122);
#1272=VERTEX_POINT('',#5124);
#1273=VERTEX_POINT('',#5126);
#1274=VERTEX_POINT('',#5128);
#1275=VERTEX_POINT('',#5130);
#1276=VERTEX_POINT('',#5132);
#1277=VERTEX_POINT('',#5134);
#1278=VERTEX_POINT('',#5136);
#1279=VERTEX_POINT('',#5138);
#1280=VERTEX_POINT('',#5140);
#1281=VERTEX_POINT('',#5144);
#1282=VERTEX_POINT('',#5145);
#1283=VERTEX_POINT('',#5165);
#1284=VERTEX_POINT('',#5166);
#1285=VERTEX_POINT('',#5213);
#1286=VERTEX_POINT('',#5217);
#1287=VERTEX_POINT('',#5236);
#1288=VERTEX_POINT('',#5240);
#1289=VERTEX_POINT('',#5244);
#1290=VERTEX_POINT('',#5263);
#1291=VERTEX_POINT('',#5267);
#1292=VERTEX_POINT('',#5278);
#1293=VERTEX_POINT('',#5282);
#1294=VERTEX_POINT('',#5286);
#1295=VERTEX_POINT('',#5290);
#1296=VERTEX_POINT('',#5294);
#1297=VERTEX_POINT('',#5305);
#1298=VERTEX_POINT('',#5311);
#1299=VERTEX_POINT('',#5317);
#1300=VERTEX_POINT('',#5319);
#1301=VERTEX_POINT('',#5328);
#1302=VERTEX_POINT('',#5332);
#1303=VERTEX_POINT('',#5334);
#1304=VERTEX_POINT('',#5339);
#1305=VERTEX_POINT('',#5348);
#1306=VERTEX_POINT('',#5350);
#1307=VERTEX_POINT('',#5362);
#1308=VERTEX_POINT('',#5364);
#1309=VERTEX_POINT('',#5368);
#1310=VERTEX_POINT('',#5370);
#1311=VERTEX_POINT('',#5379);
#1312=VERTEX_POINT('',#5383);
#1313=VERTEX_POINT('',#5387);
#1314=VERTEX_POINT('',#5389);
#1315=VERTEX_POINT('',#5393);
#1316=VERTEX_POINT('',#5395);
#1317=VERTEX_POINT('',#5400);
#1318=VERTEX_POINT('',#5413);
#1319=VERTEX_POINT('',#5415);
#1320=VERTEX_POINT('',#5417);
#1321=VERTEX_POINT('',#5419);
#1322=VERTEX_POINT('',#5430);
#1323=VERTEX_POINT('',#5432);
#1324=VERTEX_POINT('',#5437);
#1325=VERTEX_POINT('',#5439);
#1326=VERTEX_POINT('',#5443);
#1327=VERTEX_POINT('',#5445);
#1328=VERTEX_POINT('',#5451);
#1329=VERTEX_POINT('',#5455);
#1330=VERTEX_POINT('',#5459);
#1331=VERTEX_POINT('',#5463);
#1332=VERTEX_POINT('',#5470);
#1333=VERTEX_POINT('',#5472);
#1334=VERTEX_POINT('',#5474);
#1335=VERTEX_POINT('',#5486);
#1336=VERTEX_POINT('',#5487);
#1337=VERTEX_POINT('',#5492);
#1338=VERTEX_POINT('',#5493);
#1339=VERTEX_POINT('',#5506);
#1340=VERTEX_POINT('',#5507);
#1341=VERTEX_POINT('',#5512);
#1342=VERTEX_POINT('',#5515);
#1343=VERTEX_POINT('',#5528);
#1344=VERTEX_POINT('',#5533);
#1345=VERTEX_POINT('',#5535);
#1346=VERTEX_POINT('',#5537);
#1347=VERTEX_POINT('',#5549);
#1348=VERTEX_POINT('',#5550);
#1349=VERTEX_POINT('',#5555);
#1350=VERTEX_POINT('',#5556);
#1351=VERTEX_POINT('',#5569);
#1352=VERTEX_POINT('',#5570);
#1353=VERTEX_POINT('',#5575);
#1354=VERTEX_POINT('',#5593);
#1355=VERTEX_POINT('',#5597);
#1356=VERTEX_POINT('',#5601);
#1357=VERTEX_POINT('',#5607);
#1358=VERTEX_POINT('',#5608);
#1359=VERTEX_POINT('',#5611);
#1360=VERTEX_POINT('',#5615);
#1361=VERTEX_POINT('',#5619);
#1362=VERTEX_POINT('',#5620);
#1363=VERTEX_POINT('',#5625);
#1364=VERTEX_POINT('',#5626);
#1365=VERTEX_POINT('',#5639);
#1366=VERTEX_POINT('',#5640);
#1367=VERTEX_POINT('',#5645);
#1368=VERTEX_POINT('',#5646);
#1369=VERTEX_POINT('',#5659);
#1370=VERTEX_POINT('',#5660);
#1371=VERTEX_POINT('',#5665);
#1372=VERTEX_POINT('',#5666);
#1373=VERTEX_POINT('',#5671);
#1374=VERTEX_POINT('',#5672);
#1375=VERTEX_POINT('',#5677);
#1376=VERTEX_POINT('',#5678);
#1377=VERTEX_POINT('',#5683);
#1378=VERTEX_POINT('',#5684);
#1379=VERTEX_POINT('',#5689);
#1380=VERTEX_POINT('',#5690);
#1381=VERTEX_POINT('',#5695);
#1382=VERTEX_POINT('',#5696);
#1383=VERTEX_POINT('',#5701);
#1384=VERTEX_POINT('',#5702);
#1385=VERTEX_POINT('',#5707);
#1386=VERTEX_POINT('',#5708);
#1387=VERTEX_POINT('',#5713);
#1388=VERTEX_POINT('',#5714);
#1389=VERTEX_POINT('',#5727);
#1390=VERTEX_POINT('',#5728);
#1391=VERTEX_POINT('',#5733);
#1392=VERTEX_POINT('',#5734);
#1393=VERTEX_POINT('',#5747);
#1394=VERTEX_POINT('',#5748);
#1395=VERTEX_POINT('',#5775);
#1396=VERTEX_POINT('',#5776);
#1397=VERTEX_POINT('',#5778);
#1398=VERTEX_POINT('',#5780);
#1399=VERTEX_POINT('',#5782);
#1400=VERTEX_POINT('',#5784);
#1401=VERTEX_POINT('',#5786);
#1402=VERTEX_POINT('',#5788);
#1403=EDGE_CURVE('',#1125,#1126,#1101,.T.);
#1404=EDGE_CURVE('',#1126,#1127,#781,.T.);
#1405=EDGE_CURVE('',#1127,#1128,#1102,.T.);
#1406=EDGE_CURVE('',#1128,#1125,#782,.T.);
#1407=EDGE_CURVE('',#1129,#1130,#1103,.T.);
#1408=EDGE_CURVE('',#1130,#1131,#783,.T.);
#1409=EDGE_CURVE('',#1131,#1132,#1104,.T.);
#1410=EDGE_CURVE('',#1132,#1129,#784,.T.);
#1411=EDGE_CURVE('',#1133,#1134,#1105,.T.);
#1412=EDGE_CURVE('',#1134,#1135,#785,.T.);
#1413=EDGE_CURVE('',#1135,#1136,#1106,.T.);
#1414=EDGE_CURVE('',#1136,#1133,#786,.T.);
#1415=EDGE_CURVE('',#1137,#1138,#127,.T.);
#1416=EDGE_CURVE('',#1138,#1139,#787,.T.);
#1417=EDGE_CURVE('',#1139,#1140,#128,.T.);
#1418=EDGE_CURVE('',#1140,#1137,#788,.T.);
#1419=EDGE_CURVE('',#1141,#1142,#129,.T.);
#1420=EDGE_CURVE('',#1142,#1140,#130,.T.);
#1421=EDGE_CURVE('',#1139,#1141,#131,.T.);
#1422=EDGE_CURVE('',#1143,#1144,#132,.T.);
#1423=EDGE_CURVE('',#1144,#1142,#789,.T.);
#1424=EDGE_CURVE('',#1141,#1143,#790,.T.);
#1425=EDGE_CURVE('',#1145,#1146,#133,.T.);
#1426=EDGE_CURVE('',#1146,#1144,#134,.T.);
#1427=EDGE_CURVE('',#1143,#1145,#135,.T.);
#1428=EDGE_CURVE('',#1147,#1148,#136,.T.);
#1429=EDGE_CURVE('',#1148,#1146,#791,.T.);
#1430=EDGE_CURVE('',#1145,#1147,#792,.T.);
#1431=EDGE_CURVE('',#1149,#1150,#1107,.T.);
#1432=EDGE_CURVE('',#1149,#1148,#137,.T.);
#1433=EDGE_CURVE('',#1147,#1151,#138,.T.);
#1434=EDGE_CURVE('',#1151,#1152,#139,.T.);
#1435=EDGE_CURVE('',#1152,#1150,#140,.T.);
#1436=EDGE_CURVE('',#1153,#1154,#141,.T.);
#1437=EDGE_CURVE('',#1154,#1152,#793,.T.);
#1438=EDGE_CURVE('',#1151,#1153,#794,.T.);
#1439=EDGE_CURVE('',#1155,#1156,#1108,.T.);
#1440=EDGE_CURVE('',#1155,#1154,#142,.T.);
#1441=EDGE_CURVE('',#1153,#1138,#143,.T.);
#1442=EDGE_CURVE('',#1137,#1156,#144,.T.);
#1443=EDGE_CURVE('',#1149,#1157,#145,.T.);
#1444=EDGE_CURVE('',#1157,#1158,#146,.T.);
#1445=EDGE_CURVE('',#1158,#1159,#795,.T.);
#1446=EDGE_CURVE('',#1159,#1160,#147,.T.);
#1447=EDGE_CURVE('',#1160,#1161,#796,.T.);
#1448=EDGE_CURVE('',#1161,#1162,#148,.T.);
#1449=EDGE_CURVE('',#1162,#1163,#797,.T.);
#1450=EDGE_CURVE('',#1163,#1164,#149,.T.);
#1451=EDGE_CURVE('',#1164,#1156,#150,.T.);
#1452=EDGE_CURVE('',#1155,#1165,#151,.T.);
#1453=EDGE_CURVE('',#1165,#1166,#152,.T.);
#1454=EDGE_CURVE('',#1166,#1167,#798,.T.);
#1455=EDGE_CURVE('',#1167,#1168,#153,.T.);
#1456=EDGE_CURVE('',#1168,#1150,#154,.T.);
#1457=EDGE_CURVE('',#1143,#1169,#799,.T.);
#1458=EDGE_CURVE('',#1170,#1169,#155,.T.);
#1459=EDGE_CURVE('',#1170,#1145,#800,.T.);
#1460=EDGE_CURVE('',#1171,#1141,#801,.T.);
#1461=EDGE_CURVE('',#1169,#1171,#802,.T.);
#1462=EDGE_CURVE('',#1139,#1172,#803,.T.);
#1463=EDGE_CURVE('',#1171,#1172,#156,.T.);
#1464=EDGE_CURVE('',#1173,#1138,#804,.T.);
#1465=EDGE_CURVE('',#1172,#1173,#805,.T.);
#1466=EDGE_CURVE('',#1174,#1159,#806,.T.);
#1467=EDGE_CURVE('',#1175,#1174,#157,.T.);
#1468=EDGE_CURVE('',#1175,#1160,#807,.T.);
#1469=EDGE_CURVE('',#1176,#1175,#808,.T.);
#1470=EDGE_CURVE('',#1176,#1161,#809,.T.);
#1471=EDGE_CURVE('',#1177,#1176,#158,.T.);
#1472=EDGE_CURVE('',#1177,#1162,#810,.T.);
#1473=EDGE_CURVE('',#1178,#1177,#811,.T.);
#1474=EDGE_CURVE('',#1178,#1163,#812,.T.);
#1475=EDGE_CURVE('',#1179,#1165,#813,.T.);
#1476=EDGE_CURVE('',#1180,#1179,#159,.T.);
#1477=EDGE_CURVE('',#1180,#1166,#814,.T.);
#1478=EDGE_CURVE('',#1181,#1164,#815,.T.);
#1479=EDGE_CURVE('',#1179,#1181,#160,.T.);
#1480=EDGE_CURVE('',#1181,#1178,#161,.T.);
#1481=EDGE_CURVE('',#1182,#1180,#816,.T.);
#1482=EDGE_CURVE('',#1182,#1167,#817,.T.);
#1483=EDGE_CURVE('',#1183,#1158,#818,.T.);
#1484=EDGE_CURVE('',#1174,#1183,#819,.T.);
#1485=EDGE_CURVE('',#1184,#1157,#820,.T.);
#1486=EDGE_CURVE('',#1183,#1184,#162,.T.);
#1487=EDGE_CURVE('',#1185,#1182,#163,.T.);
#1488=EDGE_CURVE('',#1185,#1168,#821,.T.);
#1489=EDGE_CURVE('',#1184,#1185,#164,.T.);
#1490=EDGE_CURVE('',#1186,#1187,#165,.T.);
#1491=EDGE_CURVE('',#1188,#1186,#822,.T.);
#1492=EDGE_CURVE('',#1189,#1188,#166,.T.);
#1493=EDGE_CURVE('',#1189,#1187,#823,.T.);
#1494=EDGE_CURVE('',#1187,#1135,#167,.T.);
#1495=EDGE_CURVE('',#1190,#1189,#168,.T.);
#1496=EDGE_CURVE('',#1136,#1190,#824,.T.);
#1497=EDGE_CURVE('',#1133,#1191,#825,.T.);
#1498=EDGE_CURVE('',#1188,#1191,#169,.T.);
#1499=EDGE_CURVE('',#1134,#1186,#170,.T.);
#1500=EDGE_CURVE('',#1192,#1193,#171,.T.);
#1501=EDGE_CURVE('',#1194,#1192,#826,.T.);
#1502=EDGE_CURVE('',#1195,#1194,#172,.T.);
#1503=EDGE_CURVE('',#1195,#1196,#827,.T.);
#1504=EDGE_CURVE('',#1193,#1196,#1109,.T.);
#1505=EDGE_CURVE('',#1197,#1192,#173,.T.);
#1506=EDGE_CURVE('',#1198,#1197,#828,.T.);
#1507=EDGE_CURVE('',#1194,#1198,#174,.T.);
#1508=EDGE_CURVE('',#1199,#1200,#829,.T.);
#1509=EDGE_CURVE('',#1198,#1200,#175,.T.);
#1510=EDGE_CURVE('',#1201,#1197,#176,.T.);
#1511=EDGE_CURVE('',#1199,#1201,#1110,.T.);
#1512=EDGE_CURVE('',#1125,#1202,#830,.F.);
#1513=EDGE_CURVE('',#1203,#1202,#831,.F.);
#1514=EDGE_CURVE('',#1204,#1203,#832,.T.);
#1515=EDGE_CURVE('',#1205,#1204,#177,.T.);
#1516=EDGE_CURVE('',#1205,#1206,#833,.T.);
#1517=EDGE_CURVE('',#1126,#1206,#178,.T.);
#1518=EDGE_CURVE('',#1206,#1207,#179,.T.);
#1519=EDGE_CURVE('',#1208,#1205,#180,.T.);
#1520=EDGE_CURVE('',#1207,#1208,#834,.T.);
#1521=EDGE_CURVE('',#1209,#1210,#181,.T.);
#1522=EDGE_CURVE('',#1211,#1209,#835,.T.);
#1523=EDGE_CURVE('',#1212,#1211,#182,.T.);
#1524=EDGE_CURVE('',#1210,#1212,#836,.T.);
#1525=EDGE_CURVE('',#1213,#1214,#837,.F.);
#1526=EDGE_CURVE('',#1215,#1214,#838,.F.);
#1527=EDGE_CURVE('',#1216,#1215,#839,.T.);
#1528=EDGE_CURVE('',#1211,#1216,#183,.T.);
#1529=EDGE_CURVE('',#1217,#1209,#184,.T.);
#1530=EDGE_CURVE('',#1213,#1217,#1111,.T.);
#1531=EDGE_CURVE('',#1218,#1131,#185,.T.);
#1532=EDGE_CURVE('',#1219,#1218,#840,.T.);
#1533=EDGE_CURVE('',#1220,#1219,#186,.T.);
#1534=EDGE_CURVE('',#1132,#1220,#841,.T.);
#1535=EDGE_CURVE('',#1129,#1221,#842,.T.);
#1536=EDGE_CURVE('',#1222,#1221,#187,.T.);
#1537=EDGE_CURVE('',#1222,#1223,#843,.T.);
#1538=EDGE_CURVE('',#1130,#1223,#188,.T.);
#1539=EDGE_CURVE('',#1223,#1218,#189,.T.);
#1540=EDGE_CURVE('',#1219,#1222,#190,.T.);
#1541=EDGE_CURVE('',#1224,#1225,#191,.T.);
#1542=EDGE_CURVE('',#1225,#1226,#844,.T.);
#1543=EDGE_CURVE('',#1226,#1227,#192,.T.);
#1544=EDGE_CURVE('',#1227,#1224,#845,.T.);
#1545=EDGE_CURVE('',#1228,#1229,#193,.T.);
#1546=EDGE_CURVE('',#1229,#1227,#194,.T.);
#1547=EDGE_CURVE('',#1226,#1228,#195,.T.);
#1548=EDGE_CURVE('',#1230,#1231,#196,.T.);
#1549=EDGE_CURVE('',#1231,#1229,#846,.T.);
#1550=EDGE_CURVE('',#1228,#1230,#847,.T.);
#1551=EDGE_CURVE('',#1232,#1233,#197,.T.);
#1552=EDGE_CURVE('',#1233,#1231,#198,.T.);
#1553=EDGE_CURVE('',#1230,#1232,#199,.T.);
#1554=EDGE_CURVE('',#1234,#1235,#200,.T.);
#1555=EDGE_CURVE('',#1235,#1233,#848,.T.);
#1556=EDGE_CURVE('',#1232,#1234,#849,.T.);
#1557=EDGE_CURVE('',#1236,#1237,#201,.T.);
#1558=EDGE_CURVE('',#1237,#1235,#202,.T.);
#1559=EDGE_CURVE('',#1234,#1236,#203,.T.);
#1560=EDGE_CURVE('',#1238,#1239,#204,.T.);
#1561=EDGE_CURVE('',#1239,#1237,#850,.T.);
#1562=EDGE_CURVE('',#1236,#1238,#851,.T.);
#1563=EDGE_CURVE('',#1224,#1239,#205,.T.);
#1564=EDGE_CURVE('',#1238,#1225,#206,.T.);
#1565=EDGE_CURVE('',#1230,#1240,#852,.T.);
#1566=EDGE_CURVE('',#1241,#1240,#207,.T.);
#1567=EDGE_CURVE('',#1232,#1241,#853,.T.);
#1568=EDGE_CURVE('',#1242,#1228,#854,.T.);
#1569=EDGE_CURVE('',#1240,#1242,#855,.T.);
#1570=EDGE_CURVE('',#1226,#1243,#856,.T.);
#1571=EDGE_CURVE('',#1243,#1242,#208,.F.);
#1572=EDGE_CURVE('',#1244,#1225,#857,.T.);
#1573=EDGE_CURVE('',#1243,#1244,#858,.T.);
#1574=EDGE_CURVE('',#1245,#1246,#209,.T.);
#1575=EDGE_CURVE('',#1247,#1245,#859,.T.);
#1576=EDGE_CURVE('',#1248,#1247,#210,.T.);
#1577=EDGE_CURVE('',#1249,#1248,#211,.T.);
#1578=EDGE_CURVE('',#1250,#1249,#212,.T.);
#1579=EDGE_CURVE('',#1251,#1250,#860,.T.);
#1580=EDGE_CURVE('',#1252,#1251,#213,.T.);
#1581=EDGE_CURVE('',#1253,#1252,#214,.T.);
#1582=EDGE_CURVE('',#1254,#1253,#215,.T.);
#1583=EDGE_CURVE('',#1255,#1254,#861,.T.);
#1584=EDGE_CURVE('',#1256,#1255,#216,.T.);
#1585=EDGE_CURVE('',#1257,#1256,#217,.T.);
#1586=EDGE_CURVE('',#1258,#1257,#218,.T.);
#1587=EDGE_CURVE('',#1259,#1258,#862,.T.);
#1588=EDGE_CURVE('',#1260,#1259,#219,.T.);
#1589=EDGE_CURVE('',#1261,#1260,#220,.T.);
#1590=EDGE_CURVE('',#1262,#1261,#221,.T.);
#1591=EDGE_CURVE('',#1263,#1262,#222,.T.);
#1592=EDGE_CURVE('',#1264,#1263,#223,.T.);
#1593=EDGE_CURVE('',#1265,#1264,#863,.T.);
#1594=EDGE_CURVE('',#1266,#1265,#224,.T.);
#1595=EDGE_CURVE('',#1267,#1266,#225,.T.);
#1596=EDGE_CURVE('',#1268,#1267,#226,.T.);
#1597=EDGE_CURVE('',#1269,#1268,#864,.T.);
#1598=EDGE_CURVE('',#1270,#1269,#227,.T.);
#1599=EDGE_CURVE('',#1271,#1270,#865,.T.);
#1600=EDGE_CURVE('',#1272,#1271,#228,.T.);
#1601=EDGE_CURVE('',#1273,#1272,#866,.T.);
#1602=EDGE_CURVE('',#1274,#1273,#229,.T.);
#1603=EDGE_CURVE('',#1275,#1274,#230,.T.);
#1604=EDGE_CURVE('',#1276,#1275,#231,.T.);
#1605=EDGE_CURVE('',#1277,#1276,#867,.T.);
#1606=EDGE_CURVE('',#1278,#1277,#232,.T.);
#1607=EDGE_CURVE('',#1279,#1278,#233,.T.);
#1608=EDGE_CURVE('',#1280,#1279,#234,.T.);
#1609=EDGE_CURVE('',#1246,#1280,#235,.T.);
#1610=EDGE_CURVE('',#1281,#1282,#236,.T.);
#1611=EDGE_CURVE('',#1282,#1279,#237,.T.);
#1612=EDGE_CURVE('',#1278,#1281,#1112,.T.);
#1613=EDGE_CURVE('',#1283,#1284,#238,.T.);
#1614=EDGE_CURVE('',#1284,#1245,#239,.T.);
#1615=EDGE_CURVE('',#1283,#1246,#1113,.T.);
#1616=EDGE_CURVE('',#1220,#1247,#240,.T.);
#1617=EDGE_CURVE('',#1284,#1220,#868,.T.);
#1618=EDGE_CURVE('',#1219,#1248,#241,.T.);
#1619=EDGE_CURVE('',#1222,#1249,#242,.T.);
#1620=EDGE_CURVE('',#1221,#1250,#243,.T.);
#1621=EDGE_CURVE('',#1190,#1251,#244,.T.);
#1622=EDGE_CURVE('',#1221,#1190,#869,.T.);
#1623=EDGE_CURVE('',#1189,#1252,#245,.T.);
#1624=EDGE_CURVE('',#1188,#1253,#246,.T.);
#1625=EDGE_CURVE('',#1191,#1254,#247,.T.);
#1626=EDGE_CURVE('',#1195,#1255,#248,.T.);
#1627=EDGE_CURVE('',#1191,#1195,#870,.T.);
#1628=EDGE_CURVE('',#1194,#1256,#249,.T.);
#1629=EDGE_CURVE('',#1198,#1257,#250,.T.);
#1630=EDGE_CURVE('',#1200,#1258,#251,.T.);
#1631=EDGE_CURVE('',#1285,#1259,#252,.T.);
#1632=EDGE_CURVE('',#1200,#1285,#871,.T.);
#1633=EDGE_CURVE('',#1285,#1286,#253,.T.);
#1634=EDGE_CURVE('',#1286,#1260,#1114,.T.);
#1635=EDGE_CURVE('',#1286,#1287,#254,.T.);
#1636=EDGE_CURVE('',#1287,#1261,#255,.T.);
#1637=EDGE_CURVE('',#1288,#1262,#256,.T.);
#1638=EDGE_CURVE('',#1287,#1288,#257,.T.);
#1639=EDGE_CURVE('',#1288,#1289,#258,.T.);
#1640=EDGE_CURVE('',#1289,#1263,#1115,.T.);
#1641=EDGE_CURVE('',#1289,#1290,#259,.T.);
#1642=EDGE_CURVE('',#1290,#1264,#260,.T.);
#1643=EDGE_CURVE('',#1291,#1265,#261,.T.);
#1644=EDGE_CURVE('',#1290,#1291,#872,.T.);
#1645=EDGE_CURVE('',#1208,#1266,#262,.T.);
#1646=EDGE_CURVE('',#1291,#1208,#263,.T.);
#1647=EDGE_CURVE('',#1205,#1267,#264,.T.);
#1648=EDGE_CURVE('',#1204,#1268,#265,.T.);
#1649=EDGE_CURVE('',#1292,#1269,#266,.T.);
#1650=EDGE_CURVE('',#1204,#1292,#873,.T.);
#1651=EDGE_CURVE('',#1293,#1270,#267,.T.);
#1652=EDGE_CURVE('',#1292,#1293,#268,.T.);
#1653=EDGE_CURVE('',#1294,#1271,#269,.T.);
#1654=EDGE_CURVE('',#1293,#1294,#874,.T.);
#1655=EDGE_CURVE('',#1295,#1272,#270,.T.);
#1656=EDGE_CURVE('',#1294,#1295,#271,.T.);
#1657=EDGE_CURVE('',#1296,#1273,#272,.T.);
#1658=EDGE_CURVE('',#1295,#1296,#875,.T.);
#1659=EDGE_CURVE('',#1212,#1274,#273,.T.);
#1660=EDGE_CURVE('',#1296,#1212,#274,.T.);
#1661=EDGE_CURVE('',#1211,#1275,#275,.T.);
#1662=EDGE_CURVE('',#1216,#1276,#276,.T.);
#1663=EDGE_CURVE('',#1297,#1277,#277,.T.);
#1664=EDGE_CURVE('',#1216,#1297,#876,.T.);
#1665=EDGE_CURVE('',#1297,#1281,#278,.T.);
#1666=EDGE_CURVE('',#1298,#1280,#279,.T.);
#1667=EDGE_CURVE('',#1282,#1298,#280,.T.);
#1668=EDGE_CURVE('',#1298,#1283,#281,.T.);
#1669=EDGE_CURVE('',#1288,#1299,#877,.T.);
#1670=EDGE_CURVE('',#1300,#1299,#1116,.F.);
#1671=EDGE_CURVE('',#1301,#1300,#27,.F.);
#1672=EDGE_CURVE('',#1289,#1301,#878,.T.);
#1673=EDGE_CURVE('',#1302,#1287,#879,.T.);
#1674=EDGE_CURVE('',#1303,#1302,#1117,.F.);
#1675=EDGE_CURVE('',#1304,#1303,#282,.T.);
#1676=EDGE_CURVE('',#1299,#1304,#1118,.F.);
#1677=EDGE_CURVE('',#1286,#1305,#880,.T.);
#1678=EDGE_CURVE('',#1305,#1306,#28,.T.);
#1679=EDGE_CURVE('',#1306,#1302,#1119,.T.);
#1680=EDGE_CURVE('',#1196,#1199,#881,.T.);
#1681=EDGE_CURVE('',#1307,#1284,#882,.T.);
#1682=EDGE_CURVE('',#1308,#1307,#883,.T.);
#1683=EDGE_CURVE('',#1285,#1308,#884,.T.);
#1684=EDGE_CURVE('',#1298,#1309,#885,.T.);
#1685=EDGE_CURVE('',#1310,#1309,#1120,.F.);
#1686=EDGE_CURVE('',#1311,#1310,#29,.F.);
#1687=EDGE_CURVE('',#1283,#1311,#886,.T.);
#1688=EDGE_CURVE('',#1238,#1312,#887,.T.);
#1689=EDGE_CURVE('',#1312,#1244,#283,.F.);
#1690=EDGE_CURVE('',#1234,#1313,#888,.T.);
#1691=EDGE_CURVE('',#1314,#1313,#284,.T.);
#1692=EDGE_CURVE('',#1236,#1314,#889,.T.);
#1693=EDGE_CURVE('',#1315,#1282,#890,.T.);
#1694=EDGE_CURVE('',#1316,#1315,#1121,.F.);
#1695=EDGE_CURVE('',#1317,#1316,#285,.T.);
#1696=EDGE_CURVE('',#1309,#1317,#1122,.F.);
#1697=EDGE_CURVE('',#1312,#1314,#891,.T.);
#1698=EDGE_CURVE('',#1313,#1241,#892,.T.);
#1699=EDGE_CURVE('',#1296,#1318,#893,.T.);
#1700=EDGE_CURVE('',#1319,#1318,#894,.F.);
#1701=EDGE_CURVE('',#1319,#1320,#895,.T.);
#1702=EDGE_CURVE('',#1321,#1320,#1123,.T.);
#1703=EDGE_CURVE('',#1210,#1321,#286,.T.);
#1704=EDGE_CURVE('',#1291,#1322,#896,.T.);
#1705=EDGE_CURVE('',#1323,#1322,#897,.F.);
#1706=EDGE_CURVE('',#1323,#1128,#898,.T.);
#1707=EDGE_CURVE('',#1207,#1127,#287,.T.);
#1708=EDGE_CURVE('',#1324,#1312,#288,.T.);
#1709=EDGE_CURVE('',#1324,#1325,#289,.T.);
#1710=EDGE_CURVE('',#1244,#1325,#290,.T.);
#1711=EDGE_CURVE('',#1242,#1326,#291,.T.);
#1712=EDGE_CURVE('',#1327,#1243,#292,.T.);
#1713=EDGE_CURVE('',#1327,#1326,#293,.T.);
#1714=EDGE_CURVE('',#1325,#1327,#899,.T.);
#1715=EDGE_CURVE('',#1314,#1328,#294,.T.);
#1716=EDGE_CURVE('',#1328,#1324,#900,.T.);
#1717=EDGE_CURVE('',#1313,#1329,#295,.T.);
#1718=EDGE_CURVE('',#1329,#1328,#296,.T.);
#1719=EDGE_CURVE('',#1241,#1330,#297,.T.);
#1720=EDGE_CURVE('',#1330,#1329,#901,.T.);
#1721=EDGE_CURVE('',#1240,#1331,#298,.T.);
#1722=EDGE_CURVE('',#1331,#1330,#299,.T.);
#1723=EDGE_CURVE('',#1326,#1331,#902,.T.);
#1724=EDGE_CURVE('',#1317,#1332,#300,.T.);
#1725=EDGE_CURVE('',#1332,#1333,#301,.T.);
#1726=EDGE_CURVE('',#1333,#1334,#302,.T.);
#1727=EDGE_CURVE('',#1334,#1310,#303,.T.);
#1728=EDGE_CURVE('',#1335,#1336,#304,.T.);
#1729=EDGE_CURVE('',#1336,#1333,#305,.T.);
#1730=EDGE_CURVE('',#1332,#1335,#306,.T.);
#1731=EDGE_CURVE('',#1337,#1338,#307,.T.);
#1732=EDGE_CURVE('',#1338,#1336,#308,.T.);
#1733=EDGE_CURVE('',#1335,#1337,#309,.T.);
#1734=EDGE_CURVE('',#1339,#1340,#310,.T.);
#1735=EDGE_CURVE('',#1340,#1338,#311,.T.);
#1736=EDGE_CURVE('',#1337,#1339,#312,.T.);
#1737=EDGE_CURVE('',#1341,#1340,#313,.T.);
#1738=EDGE_CURVE('',#1339,#1316,#314,.T.);
#1739=EDGE_CURVE('',#1342,#1315,#1124,.T.);
#1740=EDGE_CURVE('',#1342,#1341,#315,.T.);
#1741=EDGE_CURVE('',#1334,#1311,#316,.T.);
#1742=EDGE_CURVE('',#1343,#1342,#30,.T.);
#1743=EDGE_CURVE('',#1343,#1341,#317,.T.);
#1744=EDGE_CURVE('',#1304,#1344,#318,.T.);
#1745=EDGE_CURVE('',#1344,#1345,#319,.T.);
#1746=EDGE_CURVE('',#1345,#1346,#320,.T.);
#1747=EDGE_CURVE('',#1346,#1300,#321,.T.);
#1748=EDGE_CURVE('',#1347,#1348,#322,.T.);
#1749=EDGE_CURVE('',#1348,#1345,#323,.T.);
#1750=EDGE_CURVE('',#1344,#1347,#324,.T.);
#1751=EDGE_CURVE('',#1349,#1350,#325,.T.);
#1752=EDGE_CURVE('',#1350,#1348,#326,.T.);
#1753=EDGE_CURVE('',#1347,#1349,#327,.T.);
#1754=EDGE_CURVE('',#1351,#1352,#328,.T.);
#1755=EDGE_CURVE('',#1352,#1350,#329,.T.);
#1756=EDGE_CURVE('',#1349,#1351,#330,.T.);
#1757=EDGE_CURVE('',#1353,#1352,#331,.T.);
#1758=EDGE_CURVE('',#1351,#1303,#332,.T.);
#1759=EDGE_CURVE('',#1306,#1353,#333,.T.);
#1760=EDGE_CURVE('',#1346,#1301,#334,.T.);
#1761=EDGE_CURVE('',#1305,#1353,#335,.T.);
#1762=EDGE_CURVE('',#1343,#1281,#903,.T.);
#1763=EDGE_CURVE('',#1201,#1193,#904,.T.);
#1764=EDGE_CURVE('',#1217,#1321,#905,.T.);
#1765=EDGE_CURVE('',#1153,#1354,#906,.T.);
#1766=EDGE_CURVE('',#1173,#1354,#336,.T.);
#1767=EDGE_CURVE('',#1355,#1170,#907,.T.);
#1768=EDGE_CURVE('',#1147,#1355,#908,.T.);
#1769=EDGE_CURVE('',#1356,#1151,#909,.T.);
#1770=EDGE_CURVE('',#1354,#1356,#910,.T.);
#1771=EDGE_CURVE('',#1356,#1355,#337,.T.);
#1772=EDGE_CURVE('',#1357,#1358,#338,.T.);
#1773=EDGE_CURVE('',#1358,#1308,#339,.T.);
#1774=EDGE_CURVE('',#1308,#1359,#340,.T.);
#1775=EDGE_CURVE('',#1359,#1357,#341,.T.);
#1776=EDGE_CURVE('',#1307,#1360,#342,.T.);
#1777=EDGE_CURVE('',#1360,#1359,#911,.T.);
#1778=EDGE_CURVE('',#1361,#1362,#343,.T.);
#1779=EDGE_CURVE('',#1362,#1360,#344,.T.);
#1780=EDGE_CURVE('',#1307,#1361,#345,.T.);
#1781=EDGE_CURVE('',#1363,#1364,#346,.T.);
#1782=EDGE_CURVE('',#1364,#1362,#347,.T.);
#1783=EDGE_CURVE('',#1361,#1363,#348,.T.);
#1784=EDGE_CURVE('',#1365,#1366,#349,.T.);
#1785=EDGE_CURVE('',#1366,#1364,#350,.T.);
#1786=EDGE_CURVE('',#1363,#1365,#351,.T.);
#1787=EDGE_CURVE('',#1367,#1368,#352,.T.);
#1788=EDGE_CURVE('',#1368,#1366,#353,.T.);
#1789=EDGE_CURVE('',#1365,#1367,#354,.T.);
#1790=EDGE_CURVE('',#1369,#1370,#355,.T.);
#1791=EDGE_CURVE('',#1370,#1368,#356,.T.);
#1792=EDGE_CURVE('',#1367,#1369,#357,.T.);
#1793=EDGE_CURVE('',#1371,#1372,#358,.T.);
#1794=EDGE_CURVE('',#1372,#1370,#359,.T.);
#1795=EDGE_CURVE('',#1369,#1371,#360,.T.);
#1796=EDGE_CURVE('',#1373,#1374,#361,.T.);
#1797=EDGE_CURVE('',#1374,#1372,#362,.T.);
#1798=EDGE_CURVE('',#1371,#1373,#363,.T.);
#1799=EDGE_CURVE('',#1375,#1376,#364,.T.);
#1800=EDGE_CURVE('',#1376,#1374,#912,.T.);
#1801=EDGE_CURVE('',#1373,#1375,#913,.T.);
#1802=EDGE_CURVE('',#1377,#1378,#365,.T.);
#1803=EDGE_CURVE('',#1378,#1376,#366,.T.);
#1804=EDGE_CURVE('',#1375,#1377,#367,.T.);
#1805=EDGE_CURVE('',#1379,#1380,#368,.T.);
#1806=EDGE_CURVE('',#1380,#1378,#914,.T.);
#1807=EDGE_CURVE('',#1377,#1379,#915,.T.);
#1808=EDGE_CURVE('',#1381,#1382,#369,.T.);
#1809=EDGE_CURVE('',#1382,#1380,#370,.T.);
#1810=EDGE_CURVE('',#1379,#1381,#371,.T.);
#1811=EDGE_CURVE('',#1383,#1384,#372,.T.);
#1812=EDGE_CURVE('',#1384,#1382,#916,.T.);
#1813=EDGE_CURVE('',#1381,#1383,#917,.T.);
#1814=EDGE_CURVE('',#1385,#1386,#373,.T.);
#1815=EDGE_CURVE('',#1386,#1384,#374,.T.);
#1816=EDGE_CURVE('',#1383,#1385,#375,.T.);
#1817=EDGE_CURVE('',#1387,#1388,#376,.T.);
#1818=EDGE_CURVE('',#1388,#1386,#377,.T.);
#1819=EDGE_CURVE('',#1385,#1387,#378,.T.);
#1820=EDGE_CURVE('',#1389,#1390,#379,.T.);
#1821=EDGE_CURVE('',#1390,#1388,#380,.T.);
#1822=EDGE_CURVE('',#1387,#1389,#381,.T.);
#1823=EDGE_CURVE('',#1391,#1392,#382,.T.);
#1824=EDGE_CURVE('',#1392,#1390,#383,.T.);
#1825=EDGE_CURVE('',#1389,#1391,#384,.T.);
#1826=EDGE_CURVE('',#1393,#1394,#385,.T.);
#1827=EDGE_CURVE('',#1394,#1392,#386,.T.);
#1828=EDGE_CURVE('',#1391,#1393,#387,.T.);
#1829=EDGE_CURVE('',#1357,#1394,#388,.T.);
#1830=EDGE_CURVE('',#1393,#1358,#389,.T.);
#1831=EDGE_CURVE('',#1297,#1373,#918,.T.);
#1832=EDGE_CURVE('',#1320,#1213,#919,.T.);
#1833=EDGE_CURVE('',#1375,#1295,#920,.T.);
#1834=EDGE_CURVE('',#1341,#1371,#921,.T.);
#1835=EDGE_CURVE('',#1340,#1369,#922,.T.);
#1836=EDGE_CURVE('',#1338,#1367,#923,.T.);
#1837=EDGE_CURVE('',#1336,#1365,#924,.T.);
#1838=EDGE_CURVE('',#1333,#1363,#925,.T.);
#1839=EDGE_CURVE('',#1334,#1361,#926,.T.);
#1840=EDGE_CURVE('',#1353,#1358,#927,.T.);
#1841=EDGE_CURVE('',#1395,#1396,#928,.T.);
#1842=EDGE_CURVE('',#1397,#1395,#390,.T.);
#1843=EDGE_CURVE('',#1398,#1397,#929,.T.);
#1844=EDGE_CURVE('',#1399,#1398,#391,.T.);
#1845=EDGE_CURVE('',#1400,#1399,#930,.T.);
#1846=EDGE_CURVE('',#1401,#1400,#392,.T.);
#1847=EDGE_CURVE('',#1402,#1401,#931,.T.);
#1848=EDGE_CURVE('',#1396,#1402,#393,.T.);
#1849=EDGE_CURVE('',#1396,#1354,#394,.T.);
#1850=EDGE_CURVE('',#1356,#1395,#395,.T.);
#1851=EDGE_CURVE('',#1355,#1397,#396,.T.);
#1852=EDGE_CURVE('',#1170,#1398,#397,.T.);
#1853=EDGE_CURVE('',#1169,#1399,#398,.T.);
#1854=EDGE_CURVE('',#1171,#1400,#399,.T.);
#1855=EDGE_CURVE('',#1172,#1401,#400,.T.);
#1856=EDGE_CURVE('',#1173,#1402,#401,.T.);
#1857=EDGE_CURVE('',#1352,#1393,#932,.T.);
#1858=EDGE_CURVE('',#1346,#1385,#933,.T.);
#1859=EDGE_CURVE('',#1345,#1387,#934,.T.);
#1860=EDGE_CURVE('',#1293,#1379,#935,.T.);
#1861=EDGE_CURVE('',#1292,#1381,#936,.T.);
#1862=EDGE_CURVE('',#1294,#1377,#937,.T.);
#1863=EDGE_CURVE('',#1350,#1391,#938,.T.);
#1864=EDGE_CURVE('',#1348,#1389,#939,.T.);
#1865=EDGE_CURVE('',#1383,#1290,#940,.T.);
#1866=ORIENTED_EDGE('',*,*,#1403,.T.);
#1867=ORIENTED_EDGE('',*,*,#1404,.T.);
#1868=ORIENTED_EDGE('',*,*,#1405,.T.);
#1869=ORIENTED_EDGE('',*,*,#1406,.T.);
#1870=ORIENTED_EDGE('',*,*,#1407,.T.);
#1871=ORIENTED_EDGE('',*,*,#1408,.T.);
#1872=ORIENTED_EDGE('',*,*,#1409,.T.);
#1873=ORIENTED_EDGE('',*,*,#1410,.T.);
#1874=ORIENTED_EDGE('',*,*,#1411,.T.);
#1875=ORIENTED_EDGE('',*,*,#1412,.T.);
#1876=ORIENTED_EDGE('',*,*,#1413,.T.);
#1877=ORIENTED_EDGE('',*,*,#1414,.T.);
#1878=ORIENTED_EDGE('',*,*,#1415,.T.);
#1879=ORIENTED_EDGE('',*,*,#1416,.T.);
#1880=ORIENTED_EDGE('',*,*,#1417,.T.);
#1881=ORIENTED_EDGE('',*,*,#1418,.T.);
#1882=ORIENTED_EDGE('',*,*,#1419,.T.);
#1883=ORIENTED_EDGE('',*,*,#1420,.T.);
#1884=ORIENTED_EDGE('',*,*,#1417,.F.);
#1885=ORIENTED_EDGE('',*,*,#1421,.T.);
#1886=ORIENTED_EDGE('',*,*,#1422,.T.);
#1887=ORIENTED_EDGE('',*,*,#1423,.T.);
#1888=ORIENTED_EDGE('',*,*,#1419,.F.);
#1889=ORIENTED_EDGE('',*,*,#1424,.T.);
#1890=ORIENTED_EDGE('',*,*,#1425,.T.);
#1891=ORIENTED_EDGE('',*,*,#1426,.T.);
#1892=ORIENTED_EDGE('',*,*,#1422,.F.);
#1893=ORIENTED_EDGE('',*,*,#1427,.T.);
#1894=ORIENTED_EDGE('',*,*,#1428,.T.);
#1895=ORIENTED_EDGE('',*,*,#1429,.T.);
#1896=ORIENTED_EDGE('',*,*,#1425,.F.);
#1897=ORIENTED_EDGE('',*,*,#1430,.T.);
#1898=ORIENTED_EDGE('',*,*,#1431,.F.);
#1899=ORIENTED_EDGE('',*,*,#1432,.T.);
#1900=ORIENTED_EDGE('',*,*,#1428,.F.);
#1901=ORIENTED_EDGE('',*,*,#1433,.T.);
#1902=ORIENTED_EDGE('',*,*,#1434,.T.);
#1903=ORIENTED_EDGE('',*,*,#1435,.T.);
#1904=ORIENTED_EDGE('',*,*,#1436,.T.);
#1905=ORIENTED_EDGE('',*,*,#1437,.T.);
#1906=ORIENTED_EDGE('',*,*,#1434,.F.);
#1907=ORIENTED_EDGE('',*,*,#1438,.T.);
#1908=ORIENTED_EDGE('',*,*,#1439,.F.);
#1909=ORIENTED_EDGE('',*,*,#1440,.T.);
#1910=ORIENTED_EDGE('',*,*,#1436,.F.);
#1911=ORIENTED_EDGE('',*,*,#1441,.T.);
#1912=ORIENTED_EDGE('',*,*,#1415,.F.);
#1913=ORIENTED_EDGE('',*,*,#1442,.T.);
#1914=ORIENTED_EDGE('',*,*,#1432,.F.);
#1915=ORIENTED_EDGE('',*,*,#1443,.T.);
#1916=ORIENTED_EDGE('',*,*,#1444,.T.);
#1917=ORIENTED_EDGE('',*,*,#1445,.T.);
#1918=ORIENTED_EDGE('',*,*,#1446,.T.);
#1919=ORIENTED_EDGE('',*,*,#1447,.T.);
#1920=ORIENTED_EDGE('',*,*,#1448,.T.);
#1921=ORIENTED_EDGE('',*,*,#1449,.T.);
#1922=ORIENTED_EDGE('',*,*,#1450,.T.);
#1923=ORIENTED_EDGE('',*,*,#1451,.T.);
#1924=ORIENTED_EDGE('',*,*,#1442,.F.);
#1925=ORIENTED_EDGE('',*,*,#1418,.F.);
#1926=ORIENTED_EDGE('',*,*,#1420,.F.);
#1927=ORIENTED_EDGE('',*,*,#1423,.F.);
#1928=ORIENTED_EDGE('',*,*,#1426,.F.);
#1929=ORIENTED_EDGE('',*,*,#1429,.F.);
#1930=ORIENTED_EDGE('',*,*,#1435,.F.);
#1931=ORIENTED_EDGE('',*,*,#1437,.F.);
#1932=ORIENTED_EDGE('',*,*,#1440,.F.);
#1933=ORIENTED_EDGE('',*,*,#1452,.T.);
#1934=ORIENTED_EDGE('',*,*,#1453,.T.);
#1935=ORIENTED_EDGE('',*,*,#1454,.T.);
#1936=ORIENTED_EDGE('',*,*,#1455,.T.);
#1937=ORIENTED_EDGE('',*,*,#1456,.T.);
#1938=ORIENTED_EDGE('',*,*,#1427,.F.);
#1939=ORIENTED_EDGE('',*,*,#1457,.T.);
#1940=ORIENTED_EDGE('',*,*,#1458,.F.);
#1941=ORIENTED_EDGE('',*,*,#1459,.T.);
#1942=ORIENTED_EDGE('',*,*,#1424,.F.);
#1943=ORIENTED_EDGE('',*,*,#1460,.F.);
#1944=ORIENTED_EDGE('',*,*,#1461,.F.);
#1945=ORIENTED_EDGE('',*,*,#1457,.F.);
#1946=ORIENTED_EDGE('',*,*,#1421,.F.);
#1947=ORIENTED_EDGE('',*,*,#1462,.T.);
#1948=ORIENTED_EDGE('',*,*,#1463,.F.);
#1949=ORIENTED_EDGE('',*,*,#1460,.T.);
#1950=ORIENTED_EDGE('',*,*,#1416,.F.);
#1951=ORIENTED_EDGE('',*,*,#1464,.F.);
#1952=ORIENTED_EDGE('',*,*,#1465,.F.);
#1953=ORIENTED_EDGE('',*,*,#1462,.F.);
#1954=ORIENTED_EDGE('',*,*,#1446,.F.);
#1955=ORIENTED_EDGE('',*,*,#1466,.F.);
#1956=ORIENTED_EDGE('',*,*,#1467,.F.);
#1957=ORIENTED_EDGE('',*,*,#1468,.T.);
#1958=ORIENTED_EDGE('',*,*,#1447,.F.);
#1959=ORIENTED_EDGE('',*,*,#1468,.F.);
#1960=ORIENTED_EDGE('',*,*,#1469,.F.);
#1961=ORIENTED_EDGE('',*,*,#1470,.T.);
#1962=ORIENTED_EDGE('',*,*,#1448,.F.);
#1963=ORIENTED_EDGE('',*,*,#1470,.F.);
#1964=ORIENTED_EDGE('',*,*,#1471,.F.);
#1965=ORIENTED_EDGE('',*,*,#1472,.T.);
#1966=ORIENTED_EDGE('',*,*,#1449,.F.);
#1967=ORIENTED_EDGE('',*,*,#1472,.F.);
#1968=ORIENTED_EDGE('',*,*,#1473,.F.);
#1969=ORIENTED_EDGE('',*,*,#1474,.T.);
#1970=ORIENTED_EDGE('',*,*,#1453,.F.);
#1971=ORIENTED_EDGE('',*,*,#1475,.F.);
#1972=ORIENTED_EDGE('',*,*,#1476,.F.);
#1973=ORIENTED_EDGE('',*,*,#1477,.T.);
#1974=ORIENTED_EDGE('',*,*,#1451,.F.);
#1975=ORIENTED_EDGE('',*,*,#1478,.F.);
#1976=ORIENTED_EDGE('',*,*,#1479,.F.);
#1977=ORIENTED_EDGE('',*,*,#1475,.T.);
#1978=ORIENTED_EDGE('',*,*,#1452,.F.);
#1979=ORIENTED_EDGE('',*,*,#1439,.T.);
#1980=ORIENTED_EDGE('',*,*,#1450,.F.);
#1981=ORIENTED_EDGE('',*,*,#1474,.F.);
#1982=ORIENTED_EDGE('',*,*,#1480,.F.);
#1983=ORIENTED_EDGE('',*,*,#1478,.T.);
#1984=ORIENTED_EDGE('',*,*,#1454,.F.);
#1985=ORIENTED_EDGE('',*,*,#1477,.F.);
#1986=ORIENTED_EDGE('',*,*,#1481,.F.);
#1987=ORIENTED_EDGE('',*,*,#1482,.T.);
#1988=ORIENTED_EDGE('',*,*,#1445,.F.);
#1989=ORIENTED_EDGE('',*,*,#1483,.F.);
#1990=ORIENTED_EDGE('',*,*,#1484,.F.);
#1991=ORIENTED_EDGE('',*,*,#1466,.T.);
#1992=ORIENTED_EDGE('',*,*,#1444,.F.);
#1993=ORIENTED_EDGE('',*,*,#1485,.F.);
#1994=ORIENTED_EDGE('',*,*,#1486,.F.);
#1995=ORIENTED_EDGE('',*,*,#1483,.T.);
#1996=ORIENTED_EDGE('',*,*,#1455,.F.);
#1997=ORIENTED_EDGE('',*,*,#1482,.F.);
#1998=ORIENTED_EDGE('',*,*,#1487,.F.);
#1999=ORIENTED_EDGE('',*,*,#1488,.T.);
#2000=ORIENTED_EDGE('',*,*,#1456,.F.);
#2001=ORIENTED_EDGE('',*,*,#1488,.F.);
#2002=ORIENTED_EDGE('',*,*,#1489,.F.);
#2003=ORIENTED_EDGE('',*,*,#1485,.T.);
#2004=ORIENTED_EDGE('',*,*,#1443,.F.);
#2005=ORIENTED_EDGE('',*,*,#1431,.T.);
#2006=ORIENTED_EDGE('',*,*,#1490,.F.);
#2007=ORIENTED_EDGE('',*,*,#1491,.F.);
#2008=ORIENTED_EDGE('',*,*,#1492,.F.);
#2009=ORIENTED_EDGE('',*,*,#1493,.T.);
#2010=ORIENTED_EDGE('',*,*,#1494,.F.);
#2011=ORIENTED_EDGE('',*,*,#1493,.F.);
#2012=ORIENTED_EDGE('',*,*,#1495,.F.);
#2013=ORIENTED_EDGE('',*,*,#1496,.F.);
#2014=ORIENTED_EDGE('',*,*,#1413,.F.);
#2015=ORIENTED_EDGE('',*,*,#1497,.T.);
#2016=ORIENTED_EDGE('',*,*,#1498,.F.);
#2017=ORIENTED_EDGE('',*,*,#1491,.T.);
#2018=ORIENTED_EDGE('',*,*,#1499,.F.);
#2019=ORIENTED_EDGE('',*,*,#1411,.F.);
#2020=ORIENTED_EDGE('',*,*,#1500,.F.);
#2021=ORIENTED_EDGE('',*,*,#1501,.F.);
#2022=ORIENTED_EDGE('',*,*,#1502,.F.);
#2023=ORIENTED_EDGE('',*,*,#1503,.T.);
#2024=ORIENTED_EDGE('',*,*,#1504,.F.);
#2025=ORIENTED_EDGE('',*,*,#1505,.F.);
#2026=ORIENTED_EDGE('',*,*,#1506,.F.);
#2027=ORIENTED_EDGE('',*,*,#1507,.F.);
#2028=ORIENTED_EDGE('',*,*,#1501,.T.);
#2029=ORIENTED_EDGE('',*,*,#1508,.T.);
#2030=ORIENTED_EDGE('',*,*,#1509,.F.);
#2031=ORIENTED_EDGE('',*,*,#1506,.T.);
#2032=ORIENTED_EDGE('',*,*,#1510,.F.);
#2033=ORIENTED_EDGE('',*,*,#1511,.F.);
#2034=ORIENTED_EDGE('',*,*,#1512,.T.);
#2035=ORIENTED_EDGE('',*,*,#1513,.F.);
#2036=ORIENTED_EDGE('',*,*,#1514,.F.);
#2037=ORIENTED_EDGE('',*,*,#1515,.F.);
#2038=ORIENTED_EDGE('',*,*,#1516,.T.);
#2039=ORIENTED_EDGE('',*,*,#1517,.F.);
#2040=ORIENTED_EDGE('',*,*,#1403,.F.);
#2041=ORIENTED_EDGE('',*,*,#1518,.F.);
#2042=ORIENTED_EDGE('',*,*,#1516,.F.);
#2043=ORIENTED_EDGE('',*,*,#1519,.F.);
#2044=ORIENTED_EDGE('',*,*,#1520,.F.);
#2045=ORIENTED_EDGE('',*,*,#1521,.F.);
#2046=ORIENTED_EDGE('',*,*,#1522,.F.);
#2047=ORIENTED_EDGE('',*,*,#1523,.F.);
#2048=ORIENTED_EDGE('',*,*,#1524,.F.);
#2049=ORIENTED_EDGE('',*,*,#1525,.T.);
#2050=ORIENTED_EDGE('',*,*,#1526,.F.);
#2051=ORIENTED_EDGE('',*,*,#1527,.F.);
#2052=ORIENTED_EDGE('',*,*,#1528,.F.);
#2053=ORIENTED_EDGE('',*,*,#1522,.T.);
#2054=ORIENTED_EDGE('',*,*,#1529,.F.);
#2055=ORIENTED_EDGE('',*,*,#1530,.F.);
#2056=ORIENTED_EDGE('',*,*,#1531,.F.);
#2057=ORIENTED_EDGE('',*,*,#1532,.F.);
#2058=ORIENTED_EDGE('',*,*,#1533,.F.);
#2059=ORIENTED_EDGE('',*,*,#1534,.F.);
#2060=ORIENTED_EDGE('',*,*,#1409,.F.);
#2061=ORIENTED_EDGE('',*,*,#1535,.T.);
#2062=ORIENTED_EDGE('',*,*,#1536,.F.);
#2063=ORIENTED_EDGE('',*,*,#1537,.T.);
#2064=ORIENTED_EDGE('',*,*,#1538,.F.);
#2065=ORIENTED_EDGE('',*,*,#1407,.F.);
#2066=ORIENTED_EDGE('',*,*,#1539,.F.);
#2067=ORIENTED_EDGE('',*,*,#1537,.F.);
#2068=ORIENTED_EDGE('',*,*,#1540,.F.);
#2069=ORIENTED_EDGE('',*,*,#1532,.T.);
#2070=ORIENTED_EDGE('',*,*,#1541,.T.);
#2071=ORIENTED_EDGE('',*,*,#1542,.T.);
#2072=ORIENTED_EDGE('',*,*,#1543,.T.);
#2073=ORIENTED_EDGE('',*,*,#1544,.T.);
#2074=ORIENTED_EDGE('',*,*,#1545,.T.);
#2075=ORIENTED_EDGE('',*,*,#1546,.T.);
#2076=ORIENTED_EDGE('',*,*,#1543,.F.);
#2077=ORIENTED_EDGE('',*,*,#1547,.T.);
#2078=ORIENTED_EDGE('',*,*,#1548,.T.);
#2079=ORIENTED_EDGE('',*,*,#1549,.T.);
#2080=ORIENTED_EDGE('',*,*,#1545,.F.);
#2081=ORIENTED_EDGE('',*,*,#1550,.T.);
#2082=ORIENTED_EDGE('',*,*,#1551,.T.);
#2083=ORIENTED_EDGE('',*,*,#1552,.T.);
#2084=ORIENTED_EDGE('',*,*,#1548,.F.);
#2085=ORIENTED_EDGE('',*,*,#1553,.T.);
#2086=ORIENTED_EDGE('',*,*,#1554,.T.);
#2087=ORIENTED_EDGE('',*,*,#1555,.T.);
#2088=ORIENTED_EDGE('',*,*,#1551,.F.);
#2089=ORIENTED_EDGE('',*,*,#1556,.T.);
#2090=ORIENTED_EDGE('',*,*,#1557,.T.);
#2091=ORIENTED_EDGE('',*,*,#1558,.T.);
#2092=ORIENTED_EDGE('',*,*,#1554,.F.);
#2093=ORIENTED_EDGE('',*,*,#1559,.T.);
#2094=ORIENTED_EDGE('',*,*,#1560,.T.);
#2095=ORIENTED_EDGE('',*,*,#1561,.T.);
#2096=ORIENTED_EDGE('',*,*,#1557,.F.);
#2097=ORIENTED_EDGE('',*,*,#1562,.T.);
#2098=ORIENTED_EDGE('',*,*,#1541,.F.);
#2099=ORIENTED_EDGE('',*,*,#1563,.T.);
#2100=ORIENTED_EDGE('',*,*,#1560,.F.);
#2101=ORIENTED_EDGE('',*,*,#1564,.T.);
#2102=ORIENTED_EDGE('',*,*,#1553,.F.);
#2103=ORIENTED_EDGE('',*,*,#1565,.T.);
#2104=ORIENTED_EDGE('',*,*,#1566,.F.);
#2105=ORIENTED_EDGE('',*,*,#1567,.F.);
#2106=ORIENTED_EDGE('',*,*,#1550,.F.);
#2107=ORIENTED_EDGE('',*,*,#1568,.F.);
#2108=ORIENTED_EDGE('',*,*,#1569,.F.);
#2109=ORIENTED_EDGE('',*,*,#1565,.F.);
#2110=ORIENTED_EDGE('',*,*,#1547,.F.);
#2111=ORIENTED_EDGE('',*,*,#1570,.T.);
#2112=ORIENTED_EDGE('',*,*,#1571,.T.);
#2113=ORIENTED_EDGE('',*,*,#1568,.T.);
#2114=ORIENTED_EDGE('',*,*,#1542,.F.);
#2115=ORIENTED_EDGE('',*,*,#1572,.F.);
#2116=ORIENTED_EDGE('',*,*,#1573,.F.);
#2117=ORIENTED_EDGE('',*,*,#1570,.F.);
#2118=ORIENTED_EDGE('',*,*,#1574,.F.);
#2119=ORIENTED_EDGE('',*,*,#1575,.F.);
#2120=ORIENTED_EDGE('',*,*,#1576,.F.);
#2121=ORIENTED_EDGE('',*,*,#1577,.F.);
#2122=ORIENTED_EDGE('',*,*,#1578,.F.);
#2123=ORIENTED_EDGE('',*,*,#1579,.F.);
#2124=ORIENTED_EDGE('',*,*,#1580,.F.);
#2125=ORIENTED_EDGE('',*,*,#1581,.F.);
#2126=ORIENTED_EDGE('',*,*,#1582,.F.);
#2127=ORIENTED_EDGE('',*,*,#1583,.F.);
#2128=ORIENTED_EDGE('',*,*,#1584,.F.);
#2129=ORIENTED_EDGE('',*,*,#1585,.F.);
#2130=ORIENTED_EDGE('',*,*,#1586,.F.);
#2131=ORIENTED_EDGE('',*,*,#1587,.F.);
#2132=ORIENTED_EDGE('',*,*,#1588,.F.);
#2133=ORIENTED_EDGE('',*,*,#1589,.F.);
#2134=ORIENTED_EDGE('',*,*,#1590,.F.);
#2135=ORIENTED_EDGE('',*,*,#1591,.F.);
#2136=ORIENTED_EDGE('',*,*,#1592,.F.);
#2137=ORIENTED_EDGE('',*,*,#1593,.F.);
#2138=ORIENTED_EDGE('',*,*,#1594,.F.);
#2139=ORIENTED_EDGE('',*,*,#1595,.F.);
#2140=ORIENTED_EDGE('',*,*,#1596,.F.);
#2141=ORIENTED_EDGE('',*,*,#1597,.F.);
#2142=ORIENTED_EDGE('',*,*,#1598,.F.);
#2143=ORIENTED_EDGE('',*,*,#1599,.F.);
#2144=ORIENTED_EDGE('',*,*,#1600,.F.);
#2145=ORIENTED_EDGE('',*,*,#1601,.F.);
#2146=ORIENTED_EDGE('',*,*,#1602,.F.);
#2147=ORIENTED_EDGE('',*,*,#1603,.F.);
#2148=ORIENTED_EDGE('',*,*,#1604,.F.);
#2149=ORIENTED_EDGE('',*,*,#1605,.F.);
#2150=ORIENTED_EDGE('',*,*,#1606,.F.);
#2151=ORIENTED_EDGE('',*,*,#1607,.F.);
#2152=ORIENTED_EDGE('',*,*,#1608,.F.);
#2153=ORIENTED_EDGE('',*,*,#1609,.F.);
#2154=ORIENTED_EDGE('',*,*,#1544,.F.);
#2155=ORIENTED_EDGE('',*,*,#1546,.F.);
#2156=ORIENTED_EDGE('',*,*,#1549,.F.);
#2157=ORIENTED_EDGE('',*,*,#1552,.F.);
#2158=ORIENTED_EDGE('',*,*,#1555,.F.);
#2159=ORIENTED_EDGE('',*,*,#1558,.F.);
#2160=ORIENTED_EDGE('',*,*,#1561,.F.);
#2161=ORIENTED_EDGE('',*,*,#1563,.F.);
#2162=ORIENTED_EDGE('',*,*,#1610,.T.);
#2163=ORIENTED_EDGE('',*,*,#1611,.T.);
#2164=ORIENTED_EDGE('',*,*,#1607,.T.);
#2165=ORIENTED_EDGE('',*,*,#1612,.T.);
#2166=ORIENTED_EDGE('',*,*,#1613,.T.);
#2167=ORIENTED_EDGE('',*,*,#1614,.T.);
#2168=ORIENTED_EDGE('',*,*,#1574,.T.);
#2169=ORIENTED_EDGE('',*,*,#1615,.F.);
#2170=ORIENTED_EDGE('',*,*,#1616,.T.);
#2171=ORIENTED_EDGE('',*,*,#1575,.T.);
#2172=ORIENTED_EDGE('',*,*,#1614,.F.);
#2173=ORIENTED_EDGE('',*,*,#1617,.T.);
#2174=ORIENTED_EDGE('',*,*,#1618,.T.);
#2175=ORIENTED_EDGE('',*,*,#1576,.T.);
#2176=ORIENTED_EDGE('',*,*,#1616,.F.);
#2177=ORIENTED_EDGE('',*,*,#1533,.T.);
#2178=ORIENTED_EDGE('',*,*,#1619,.T.);
#2179=ORIENTED_EDGE('',*,*,#1577,.T.);
#2180=ORIENTED_EDGE('',*,*,#1618,.F.);
#2181=ORIENTED_EDGE('',*,*,#1540,.T.);
#2182=ORIENTED_EDGE('',*,*,#1620,.T.);
#2183=ORIENTED_EDGE('',*,*,#1578,.T.);
#2184=ORIENTED_EDGE('',*,*,#1619,.F.);
#2185=ORIENTED_EDGE('',*,*,#1536,.T.);
#2186=ORIENTED_EDGE('',*,*,#1621,.T.);
#2187=ORIENTED_EDGE('',*,*,#1579,.T.);
#2188=ORIENTED_EDGE('',*,*,#1620,.F.);
#2189=ORIENTED_EDGE('',*,*,#1622,.T.);
#2190=ORIENTED_EDGE('',*,*,#1623,.T.);
#2191=ORIENTED_EDGE('',*,*,#1580,.T.);
#2192=ORIENTED_EDGE('',*,*,#1621,.F.);
#2193=ORIENTED_EDGE('',*,*,#1495,.T.);
#2194=ORIENTED_EDGE('',*,*,#1624,.T.);
#2195=ORIENTED_EDGE('',*,*,#1581,.T.);
#2196=ORIENTED_EDGE('',*,*,#1623,.F.);
#2197=ORIENTED_EDGE('',*,*,#1492,.T.);
#2198=ORIENTED_EDGE('',*,*,#1625,.T.);
#2199=ORIENTED_EDGE('',*,*,#1582,.T.);
#2200=ORIENTED_EDGE('',*,*,#1624,.F.);
#2201=ORIENTED_EDGE('',*,*,#1498,.T.);
#2202=ORIENTED_EDGE('',*,*,#1626,.T.);
#2203=ORIENTED_EDGE('',*,*,#1583,.T.);
#2204=ORIENTED_EDGE('',*,*,#1625,.F.);
#2205=ORIENTED_EDGE('',*,*,#1627,.T.);
#2206=ORIENTED_EDGE('',*,*,#1628,.T.);
#2207=ORIENTED_EDGE('',*,*,#1584,.T.);
#2208=ORIENTED_EDGE('',*,*,#1626,.F.);
#2209=ORIENTED_EDGE('',*,*,#1502,.T.);
#2210=ORIENTED_EDGE('',*,*,#1629,.T.);
#2211=ORIENTED_EDGE('',*,*,#1585,.T.);
#2212=ORIENTED_EDGE('',*,*,#1628,.F.);
#2213=ORIENTED_EDGE('',*,*,#1507,.T.);
#2214=ORIENTED_EDGE('',*,*,#1630,.T.);
#2215=ORIENTED_EDGE('',*,*,#1586,.T.);
#2216=ORIENTED_EDGE('',*,*,#1629,.F.);
#2217=ORIENTED_EDGE('',*,*,#1509,.T.);
#2218=ORIENTED_EDGE('',*,*,#1631,.T.);
#2219=ORIENTED_EDGE('',*,*,#1587,.T.);
#2220=ORIENTED_EDGE('',*,*,#1630,.F.);
#2221=ORIENTED_EDGE('',*,*,#1632,.T.);
#2222=ORIENTED_EDGE('',*,*,#1588,.T.);
#2223=ORIENTED_EDGE('',*,*,#1631,.F.);
#2224=ORIENTED_EDGE('',*,*,#1633,.T.);
#2225=ORIENTED_EDGE('',*,*,#1634,.T.);
#2226=ORIENTED_EDGE('',*,*,#1635,.T.);
#2227=ORIENTED_EDGE('',*,*,#1636,.T.);
#2228=ORIENTED_EDGE('',*,*,#1589,.T.);
#2229=ORIENTED_EDGE('',*,*,#1634,.F.);
#2230=ORIENTED_EDGE('',*,*,#1637,.T.);
#2231=ORIENTED_EDGE('',*,*,#1590,.T.);
#2232=ORIENTED_EDGE('',*,*,#1636,.F.);
#2233=ORIENTED_EDGE('',*,*,#1638,.T.);
#2234=ORIENTED_EDGE('',*,*,#1591,.T.);
#2235=ORIENTED_EDGE('',*,*,#1637,.F.);
#2236=ORIENTED_EDGE('',*,*,#1639,.T.);
#2237=ORIENTED_EDGE('',*,*,#1640,.T.);
#2238=ORIENTED_EDGE('',*,*,#1641,.T.);
#2239=ORIENTED_EDGE('',*,*,#1642,.T.);
#2240=ORIENTED_EDGE('',*,*,#1592,.T.);
#2241=ORIENTED_EDGE('',*,*,#1640,.F.);
#2242=ORIENTED_EDGE('',*,*,#1643,.T.);
#2243=ORIENTED_EDGE('',*,*,#1593,.T.);
#2244=ORIENTED_EDGE('',*,*,#1642,.F.);
#2245=ORIENTED_EDGE('',*,*,#1644,.T.);
#2246=ORIENTED_EDGE('',*,*,#1645,.T.);
#2247=ORIENTED_EDGE('',*,*,#1594,.T.);
#2248=ORIENTED_EDGE('',*,*,#1643,.F.);
#2249=ORIENTED_EDGE('',*,*,#1646,.T.);
#2250=ORIENTED_EDGE('',*,*,#1647,.T.);
#2251=ORIENTED_EDGE('',*,*,#1595,.T.);
#2252=ORIENTED_EDGE('',*,*,#1645,.F.);
#2253=ORIENTED_EDGE('',*,*,#1519,.T.);
#2254=ORIENTED_EDGE('',*,*,#1648,.T.);
#2255=ORIENTED_EDGE('',*,*,#1596,.T.);
#2256=ORIENTED_EDGE('',*,*,#1647,.F.);
#2257=ORIENTED_EDGE('',*,*,#1515,.T.);
#2258=ORIENTED_EDGE('',*,*,#1649,.T.);
#2259=ORIENTED_EDGE('',*,*,#1597,.T.);
#2260=ORIENTED_EDGE('',*,*,#1648,.F.);
#2261=ORIENTED_EDGE('',*,*,#1650,.T.);
#2262=ORIENTED_EDGE('',*,*,#1651,.T.);
#2263=ORIENTED_EDGE('',*,*,#1598,.T.);
#2264=ORIENTED_EDGE('',*,*,#1649,.F.);
#2265=ORIENTED_EDGE('',*,*,#1652,.T.);
#2266=ORIENTED_EDGE('',*,*,#1653,.T.);
#2267=ORIENTED_EDGE('',*,*,#1599,.T.);
#2268=ORIENTED_EDGE('',*,*,#1651,.F.);
#2269=ORIENTED_EDGE('',*,*,#1654,.T.);
#2270=ORIENTED_EDGE('',*,*,#1655,.T.);
#2271=ORIENTED_EDGE('',*,*,#1600,.T.);
#2272=ORIENTED_EDGE('',*,*,#1653,.F.);
#2273=ORIENTED_EDGE('',*,*,#1656,.T.);
#2274=ORIENTED_EDGE('',*,*,#1657,.T.);
#2275=ORIENTED_EDGE('',*,*,#1601,.T.);
#2276=ORIENTED_EDGE('',*,*,#1655,.F.);
#2277=ORIENTED_EDGE('',*,*,#1658,.T.);
#2278=ORIENTED_EDGE('',*,*,#1659,.T.);
#2279=ORIENTED_EDGE('',*,*,#1602,.T.);
#2280=ORIENTED_EDGE('',*,*,#1657,.F.);
#2281=ORIENTED_EDGE('',*,*,#1660,.T.);
#2282=ORIENTED_EDGE('',*,*,#1661,.T.);
#2283=ORIENTED_EDGE('',*,*,#1603,.T.);
#2284=ORIENTED_EDGE('',*,*,#1659,.F.);
#2285=ORIENTED_EDGE('',*,*,#1523,.T.);
#2286=ORIENTED_EDGE('',*,*,#1662,.T.);
#2287=ORIENTED_EDGE('',*,*,#1604,.T.);
#2288=ORIENTED_EDGE('',*,*,#1661,.F.);
#2289=ORIENTED_EDGE('',*,*,#1528,.T.);
#2290=ORIENTED_EDGE('',*,*,#1663,.T.);
#2291=ORIENTED_EDGE('',*,*,#1605,.T.);
#2292=ORIENTED_EDGE('',*,*,#1662,.F.);
#2293=ORIENTED_EDGE('',*,*,#1664,.T.);
#2294=ORIENTED_EDGE('',*,*,#1606,.T.);
#2295=ORIENTED_EDGE('',*,*,#1663,.F.);
#2296=ORIENTED_EDGE('',*,*,#1665,.T.);
#2297=ORIENTED_EDGE('',*,*,#1612,.F.);
#2298=ORIENTED_EDGE('',*,*,#1666,.T.);
#2299=ORIENTED_EDGE('',*,*,#1608,.T.);
#2300=ORIENTED_EDGE('',*,*,#1611,.F.);
#2301=ORIENTED_EDGE('',*,*,#1667,.T.);
#2302=ORIENTED_EDGE('',*,*,#1609,.T.);
#2303=ORIENTED_EDGE('',*,*,#1666,.F.);
#2304=ORIENTED_EDGE('',*,*,#1668,.T.);
#2305=ORIENTED_EDGE('',*,*,#1615,.T.);
#2306=ORIENTED_EDGE('',*,*,#1639,.F.);
#2307=ORIENTED_EDGE('',*,*,#1669,.T.);
#2308=ORIENTED_EDGE('',*,*,#1670,.F.);
#2309=ORIENTED_EDGE('',*,*,#1671,.F.);
#2310=ORIENTED_EDGE('',*,*,#1672,.F.);
#2311=ORIENTED_EDGE('',*,*,#1638,.F.);
#2312=ORIENTED_EDGE('',*,*,#1673,.F.);
#2313=ORIENTED_EDGE('',*,*,#1674,.F.);
#2314=ORIENTED_EDGE('',*,*,#1675,.F.);
#2315=ORIENTED_EDGE('',*,*,#1676,.F.);
#2316=ORIENTED_EDGE('',*,*,#1669,.F.);
#2317=ORIENTED_EDGE('',*,*,#1635,.F.);
#2318=ORIENTED_EDGE('',*,*,#1677,.T.);
#2319=ORIENTED_EDGE('',*,*,#1678,.T.);
#2320=ORIENTED_EDGE('',*,*,#1679,.T.);
#2321=ORIENTED_EDGE('',*,*,#1673,.T.);
#2322=ORIENTED_EDGE('',*,*,#1632,.F.);
#2323=ORIENTED_EDGE('',*,*,#1508,.F.);
#2324=ORIENTED_EDGE('',*,*,#1680,.F.);
#2325=ORIENTED_EDGE('',*,*,#1503,.F.);
#2326=ORIENTED_EDGE('',*,*,#1627,.F.);
#2327=ORIENTED_EDGE('',*,*,#1497,.F.);
#2328=ORIENTED_EDGE('',*,*,#1414,.F.);
#2329=ORIENTED_EDGE('',*,*,#1496,.T.);
#2330=ORIENTED_EDGE('',*,*,#1622,.F.);
#2331=ORIENTED_EDGE('',*,*,#1535,.F.);
#2332=ORIENTED_EDGE('',*,*,#1410,.F.);
#2333=ORIENTED_EDGE('',*,*,#1534,.T.);
#2334=ORIENTED_EDGE('',*,*,#1617,.F.);
#2335=ORIENTED_EDGE('',*,*,#1681,.F.);
#2336=ORIENTED_EDGE('',*,*,#1682,.F.);
#2337=ORIENTED_EDGE('',*,*,#1683,.F.);
#2338=ORIENTED_EDGE('',*,*,#1668,.F.);
#2339=ORIENTED_EDGE('',*,*,#1684,.T.);
#2340=ORIENTED_EDGE('',*,*,#1685,.F.);
#2341=ORIENTED_EDGE('',*,*,#1686,.F.);
#2342=ORIENTED_EDGE('',*,*,#1687,.F.);
#2343=ORIENTED_EDGE('',*,*,#1564,.F.);
#2344=ORIENTED_EDGE('',*,*,#1688,.T.);
#2345=ORIENTED_EDGE('',*,*,#1689,.T.);
#2346=ORIENTED_EDGE('',*,*,#1572,.T.);
#2347=ORIENTED_EDGE('',*,*,#1559,.F.);
#2348=ORIENTED_EDGE('',*,*,#1690,.T.);
#2349=ORIENTED_EDGE('',*,*,#1691,.F.);
#2350=ORIENTED_EDGE('',*,*,#1692,.F.);
#2351=ORIENTED_EDGE('',*,*,#1667,.F.);
#2352=ORIENTED_EDGE('',*,*,#1693,.F.);
#2353=ORIENTED_EDGE('',*,*,#1694,.F.);
#2354=ORIENTED_EDGE('',*,*,#1695,.F.);
#2355=ORIENTED_EDGE('',*,*,#1696,.F.);
#2356=ORIENTED_EDGE('',*,*,#1684,.F.);
#2357=ORIENTED_EDGE('',*,*,#1562,.F.);
#2358=ORIENTED_EDGE('',*,*,#1692,.T.);
#2359=ORIENTED_EDGE('',*,*,#1697,.F.);
#2360=ORIENTED_EDGE('',*,*,#1688,.F.);
#2361=ORIENTED_EDGE('',*,*,#1556,.F.);
#2362=ORIENTED_EDGE('',*,*,#1567,.T.);
#2363=ORIENTED_EDGE('',*,*,#1698,.F.);
#2364=ORIENTED_EDGE('',*,*,#1690,.F.);
#2365=ORIENTED_EDGE('',*,*,#1660,.F.);
#2366=ORIENTED_EDGE('',*,*,#1699,.T.);
#2367=ORIENTED_EDGE('',*,*,#1700,.F.);
#2368=ORIENTED_EDGE('',*,*,#1701,.T.);
#2369=ORIENTED_EDGE('',*,*,#1702,.F.);
#2370=ORIENTED_EDGE('',*,*,#1703,.F.);
#2371=ORIENTED_EDGE('',*,*,#1524,.T.);
#2372=ORIENTED_EDGE('',*,*,#1646,.F.);
#2373=ORIENTED_EDGE('',*,*,#1704,.T.);
#2374=ORIENTED_EDGE('',*,*,#1705,.F.);
#2375=ORIENTED_EDGE('',*,*,#1706,.T.);
#2376=ORIENTED_EDGE('',*,*,#1405,.F.);
#2377=ORIENTED_EDGE('',*,*,#1707,.F.);
#2378=ORIENTED_EDGE('',*,*,#1520,.T.);
#2379=ORIENTED_EDGE('',*,*,#1689,.F.);
#2380=ORIENTED_EDGE('',*,*,#1708,.F.);
#2381=ORIENTED_EDGE('',*,*,#1709,.T.);
#2382=ORIENTED_EDGE('',*,*,#1710,.F.);
#2383=ORIENTED_EDGE('',*,*,#1711,.F.);
#2384=ORIENTED_EDGE('',*,*,#1571,.F.);
#2385=ORIENTED_EDGE('',*,*,#1712,.F.);
#2386=ORIENTED_EDGE('',*,*,#1713,.T.);
#2387=ORIENTED_EDGE('',*,*,#1710,.T.);
#2388=ORIENTED_EDGE('',*,*,#1714,.T.);
#2389=ORIENTED_EDGE('',*,*,#1712,.T.);
#2390=ORIENTED_EDGE('',*,*,#1573,.T.);
#2391=ORIENTED_EDGE('',*,*,#1715,.T.);
#2392=ORIENTED_EDGE('',*,*,#1716,.T.);
#2393=ORIENTED_EDGE('',*,*,#1708,.T.);
#2394=ORIENTED_EDGE('',*,*,#1697,.T.);
#2395=ORIENTED_EDGE('',*,*,#1717,.T.);
#2396=ORIENTED_EDGE('',*,*,#1718,.T.);
#2397=ORIENTED_EDGE('',*,*,#1715,.F.);
#2398=ORIENTED_EDGE('',*,*,#1691,.T.);
#2399=ORIENTED_EDGE('',*,*,#1719,.T.);
#2400=ORIENTED_EDGE('',*,*,#1720,.T.);
#2401=ORIENTED_EDGE('',*,*,#1717,.F.);
#2402=ORIENTED_EDGE('',*,*,#1698,.T.);
#2403=ORIENTED_EDGE('',*,*,#1721,.T.);
#2404=ORIENTED_EDGE('',*,*,#1722,.T.);
#2405=ORIENTED_EDGE('',*,*,#1719,.F.);
#2406=ORIENTED_EDGE('',*,*,#1566,.T.);
#2407=ORIENTED_EDGE('',*,*,#1711,.T.);
#2408=ORIENTED_EDGE('',*,*,#1723,.T.);
#2409=ORIENTED_EDGE('',*,*,#1721,.F.);
#2410=ORIENTED_EDGE('',*,*,#1569,.T.);
#2411=ORIENTED_EDGE('',*,*,#1489,.T.);
#2412=ORIENTED_EDGE('',*,*,#1487,.T.);
#2413=ORIENTED_EDGE('',*,*,#1481,.T.);
#2414=ORIENTED_EDGE('',*,*,#1476,.T.);
#2415=ORIENTED_EDGE('',*,*,#1479,.T.);
#2416=ORIENTED_EDGE('',*,*,#1480,.T.);
#2417=ORIENTED_EDGE('',*,*,#1473,.T.);
#2418=ORIENTED_EDGE('',*,*,#1471,.T.);
#2419=ORIENTED_EDGE('',*,*,#1469,.T.);
#2420=ORIENTED_EDGE('',*,*,#1467,.T.);
#2421=ORIENTED_EDGE('',*,*,#1484,.T.);
#2422=ORIENTED_EDGE('',*,*,#1486,.T.);
#2423=ORIENTED_EDGE('',*,*,#1713,.F.);
#2424=ORIENTED_EDGE('',*,*,#1714,.F.);
#2425=ORIENTED_EDGE('',*,*,#1709,.F.);
#2426=ORIENTED_EDGE('',*,*,#1716,.F.);
#2427=ORIENTED_EDGE('',*,*,#1718,.F.);
#2428=ORIENTED_EDGE('',*,*,#1720,.F.);
#2429=ORIENTED_EDGE('',*,*,#1722,.F.);
#2430=ORIENTED_EDGE('',*,*,#1723,.F.);
#2431=ORIENTED_EDGE('',*,*,#1724,.T.);
#2432=ORIENTED_EDGE('',*,*,#1725,.T.);
#2433=ORIENTED_EDGE('',*,*,#1726,.T.);
#2434=ORIENTED_EDGE('',*,*,#1727,.T.);
#2435=ORIENTED_EDGE('',*,*,#1685,.T.);
#2436=ORIENTED_EDGE('',*,*,#1696,.T.);
#2437=ORIENTED_EDGE('',*,*,#1728,.T.);
#2438=ORIENTED_EDGE('',*,*,#1729,.T.);
#2439=ORIENTED_EDGE('',*,*,#1725,.F.);
#2440=ORIENTED_EDGE('',*,*,#1730,.T.);
#2441=ORIENTED_EDGE('',*,*,#1731,.T.);
#2442=ORIENTED_EDGE('',*,*,#1732,.T.);
#2443=ORIENTED_EDGE('',*,*,#1728,.F.);
#2444=ORIENTED_EDGE('',*,*,#1733,.T.);
#2445=ORIENTED_EDGE('',*,*,#1734,.T.);
#2446=ORIENTED_EDGE('',*,*,#1735,.T.);
#2447=ORIENTED_EDGE('',*,*,#1731,.F.);
#2448=ORIENTED_EDGE('',*,*,#1736,.T.);
#2449=ORIENTED_EDGE('',*,*,#1737,.T.);
#2450=ORIENTED_EDGE('',*,*,#1734,.F.);
#2451=ORIENTED_EDGE('',*,*,#1738,.T.);
#2452=ORIENTED_EDGE('',*,*,#1694,.T.);
#2453=ORIENTED_EDGE('',*,*,#1739,.F.);
#2454=ORIENTED_EDGE('',*,*,#1740,.T.);
#2455=ORIENTED_EDGE('',*,*,#1686,.T.);
#2456=ORIENTED_EDGE('',*,*,#1727,.F.);
#2457=ORIENTED_EDGE('',*,*,#1741,.T.);
#2458=ORIENTED_EDGE('',*,*,#1742,.F.);
#2459=ORIENTED_EDGE('',*,*,#1743,.T.);
#2460=ORIENTED_EDGE('',*,*,#1740,.F.);
#2461=ORIENTED_EDGE('',*,*,#1738,.F.);
#2462=ORIENTED_EDGE('',*,*,#1736,.F.);
#2463=ORIENTED_EDGE('',*,*,#1733,.F.);
#2464=ORIENTED_EDGE('',*,*,#1730,.F.);
#2465=ORIENTED_EDGE('',*,*,#1724,.F.);
#2466=ORIENTED_EDGE('',*,*,#1695,.T.);
#2467=ORIENTED_EDGE('',*,*,#1744,.T.);
#2468=ORIENTED_EDGE('',*,*,#1745,.T.);
#2469=ORIENTED_EDGE('',*,*,#1746,.T.);
#2470=ORIENTED_EDGE('',*,*,#1747,.T.);
#2471=ORIENTED_EDGE('',*,*,#1670,.T.);
#2472=ORIENTED_EDGE('',*,*,#1676,.T.);
#2473=ORIENTED_EDGE('',*,*,#1748,.T.);
#2474=ORIENTED_EDGE('',*,*,#1749,.T.);
#2475=ORIENTED_EDGE('',*,*,#1745,.F.);
#2476=ORIENTED_EDGE('',*,*,#1750,.T.);
#2477=ORIENTED_EDGE('',*,*,#1751,.T.);
#2478=ORIENTED_EDGE('',*,*,#1752,.T.);
#2479=ORIENTED_EDGE('',*,*,#1748,.F.);
#2480=ORIENTED_EDGE('',*,*,#1753,.T.);
#2481=ORIENTED_EDGE('',*,*,#1754,.T.);
#2482=ORIENTED_EDGE('',*,*,#1755,.T.);
#2483=ORIENTED_EDGE('',*,*,#1751,.F.);
#2484=ORIENTED_EDGE('',*,*,#1756,.T.);
#2485=ORIENTED_EDGE('',*,*,#1757,.T.);
#2486=ORIENTED_EDGE('',*,*,#1754,.F.);
#2487=ORIENTED_EDGE('',*,*,#1758,.T.);
#2488=ORIENTED_EDGE('',*,*,#1674,.T.);
#2489=ORIENTED_EDGE('',*,*,#1679,.F.);
#2490=ORIENTED_EDGE('',*,*,#1759,.T.);
#2491=ORIENTED_EDGE('',*,*,#1671,.T.);
#2492=ORIENTED_EDGE('',*,*,#1747,.F.);
#2493=ORIENTED_EDGE('',*,*,#1760,.T.);
#2494=ORIENTED_EDGE('',*,*,#1678,.F.);
#2495=ORIENTED_EDGE('',*,*,#1761,.T.);
#2496=ORIENTED_EDGE('',*,*,#1759,.F.);
#2497=ORIENTED_EDGE('',*,*,#1758,.F.);
#2498=ORIENTED_EDGE('',*,*,#1756,.F.);
#2499=ORIENTED_EDGE('',*,*,#1753,.F.);
#2500=ORIENTED_EDGE('',*,*,#1750,.F.);
#2501=ORIENTED_EDGE('',*,*,#1744,.F.);
#2502=ORIENTED_EDGE('',*,*,#1675,.T.);
#2503=ORIENTED_EDGE('',*,*,#1610,.F.);
#2504=ORIENTED_EDGE('',*,*,#1762,.F.);
#2505=ORIENTED_EDGE('',*,*,#1742,.T.);
#2506=ORIENTED_EDGE('',*,*,#1739,.T.);
#2507=ORIENTED_EDGE('',*,*,#1693,.T.);
#2508=ORIENTED_EDGE('',*,*,#1538,.T.);
#2509=ORIENTED_EDGE('',*,*,#1539,.T.);
#2510=ORIENTED_EDGE('',*,*,#1531,.T.);
#2511=ORIENTED_EDGE('',*,*,#1408,.F.);
#2512=ORIENTED_EDGE('',*,*,#1499,.T.);
#2513=ORIENTED_EDGE('',*,*,#1490,.T.);
#2514=ORIENTED_EDGE('',*,*,#1494,.T.);
#2515=ORIENTED_EDGE('',*,*,#1412,.F.);
#2516=ORIENTED_EDGE('',*,*,#1510,.T.);
#2517=ORIENTED_EDGE('',*,*,#1505,.T.);
#2518=ORIENTED_EDGE('',*,*,#1500,.T.);
#2519=ORIENTED_EDGE('',*,*,#1763,.F.);
#2520=ORIENTED_EDGE('',*,*,#1703,.T.);
#2521=ORIENTED_EDGE('',*,*,#1764,.F.);
#2522=ORIENTED_EDGE('',*,*,#1529,.T.);
#2523=ORIENTED_EDGE('',*,*,#1521,.T.);
#2524=ORIENTED_EDGE('',*,*,#1441,.F.);
#2525=ORIENTED_EDGE('',*,*,#1765,.T.);
#2526=ORIENTED_EDGE('',*,*,#1766,.F.);
#2527=ORIENTED_EDGE('',*,*,#1464,.T.);
#2528=ORIENTED_EDGE('',*,*,#1430,.F.);
#2529=ORIENTED_EDGE('',*,*,#1459,.F.);
#2530=ORIENTED_EDGE('',*,*,#1767,.F.);
#2531=ORIENTED_EDGE('',*,*,#1768,.F.);
#2532=ORIENTED_EDGE('',*,*,#1438,.F.);
#2533=ORIENTED_EDGE('',*,*,#1769,.F.);
#2534=ORIENTED_EDGE('',*,*,#1770,.F.);
#2535=ORIENTED_EDGE('',*,*,#1765,.F.);
#2536=ORIENTED_EDGE('',*,*,#1433,.F.);
#2537=ORIENTED_EDGE('',*,*,#1768,.T.);
#2538=ORIENTED_EDGE('',*,*,#1771,.F.);
#2539=ORIENTED_EDGE('',*,*,#1769,.T.);
#2540=ORIENTED_EDGE('',*,*,#1772,.T.);
#2541=ORIENTED_EDGE('',*,*,#1773,.T.);
#2542=ORIENTED_EDGE('',*,*,#1774,.T.);
#2543=ORIENTED_EDGE('',*,*,#1775,.T.);
#2544=ORIENTED_EDGE('',*,*,#1776,.T.);
#2545=ORIENTED_EDGE('',*,*,#1777,.T.);
#2546=ORIENTED_EDGE('',*,*,#1774,.F.);
#2547=ORIENTED_EDGE('',*,*,#1682,.T.);
#2548=ORIENTED_EDGE('',*,*,#1778,.T.);
#2549=ORIENTED_EDGE('',*,*,#1779,.T.);
#2550=ORIENTED_EDGE('',*,*,#1776,.F.);
#2551=ORIENTED_EDGE('',*,*,#1780,.T.);
#2552=ORIENTED_EDGE('',*,*,#1781,.T.);
#2553=ORIENTED_EDGE('',*,*,#1782,.T.);
#2554=ORIENTED_EDGE('',*,*,#1778,.F.);
#2555=ORIENTED_EDGE('',*,*,#1783,.T.);
#2556=ORIENTED_EDGE('',*,*,#1784,.T.);
#2557=ORIENTED_EDGE('',*,*,#1785,.T.);
#2558=ORIENTED_EDGE('',*,*,#1781,.F.);
#2559=ORIENTED_EDGE('',*,*,#1786,.T.);
#2560=ORIENTED_EDGE('',*,*,#1787,.T.);
#2561=ORIENTED_EDGE('',*,*,#1788,.T.);
#2562=ORIENTED_EDGE('',*,*,#1784,.F.);
#2563=ORIENTED_EDGE('',*,*,#1789,.T.);
#2564=ORIENTED_EDGE('',*,*,#1790,.T.);
#2565=ORIENTED_EDGE('',*,*,#1791,.T.);
#2566=ORIENTED_EDGE('',*,*,#1787,.F.);
#2567=ORIENTED_EDGE('',*,*,#1792,.T.);
#2568=ORIENTED_EDGE('',*,*,#1793,.T.);
#2569=ORIENTED_EDGE('',*,*,#1794,.T.);
#2570=ORIENTED_EDGE('',*,*,#1790,.F.);
#2571=ORIENTED_EDGE('',*,*,#1795,.T.);
#2572=ORIENTED_EDGE('',*,*,#1796,.T.);
#2573=ORIENTED_EDGE('',*,*,#1797,.T.);
#2574=ORIENTED_EDGE('',*,*,#1793,.F.);
#2575=ORIENTED_EDGE('',*,*,#1798,.T.);
#2576=ORIENTED_EDGE('',*,*,#1799,.T.);
#2577=ORIENTED_EDGE('',*,*,#1800,.T.);
#2578=ORIENTED_EDGE('',*,*,#1796,.F.);
#2579=ORIENTED_EDGE('',*,*,#1801,.T.);
#2580=ORIENTED_EDGE('',*,*,#1802,.T.);
#2581=ORIENTED_EDGE('',*,*,#1803,.T.);
#2582=ORIENTED_EDGE('',*,*,#1799,.F.);
#2583=ORIENTED_EDGE('',*,*,#1804,.T.);
#2584=ORIENTED_EDGE('',*,*,#1805,.T.);
#2585=ORIENTED_EDGE('',*,*,#1806,.T.);
#2586=ORIENTED_EDGE('',*,*,#1802,.F.);
#2587=ORIENTED_EDGE('',*,*,#1807,.T.);
#2588=ORIENTED_EDGE('',*,*,#1808,.T.);
#2589=ORIENTED_EDGE('',*,*,#1809,.T.);
#2590=ORIENTED_EDGE('',*,*,#1805,.F.);
#2591=ORIENTED_EDGE('',*,*,#1810,.T.);
#2592=ORIENTED_EDGE('',*,*,#1811,.T.);
#2593=ORIENTED_EDGE('',*,*,#1812,.T.);
#2594=ORIENTED_EDGE('',*,*,#1808,.F.);
#2595=ORIENTED_EDGE('',*,*,#1813,.T.);
#2596=ORIENTED_EDGE('',*,*,#1814,.T.);
#2597=ORIENTED_EDGE('',*,*,#1815,.T.);
#2598=ORIENTED_EDGE('',*,*,#1811,.F.);
#2599=ORIENTED_EDGE('',*,*,#1816,.T.);
#2600=ORIENTED_EDGE('',*,*,#1817,.T.);
#2601=ORIENTED_EDGE('',*,*,#1818,.T.);
#2602=ORIENTED_EDGE('',*,*,#1814,.F.);
#2603=ORIENTED_EDGE('',*,*,#1819,.T.);
#2604=ORIENTED_EDGE('',*,*,#1820,.T.);
#2605=ORIENTED_EDGE('',*,*,#1821,.T.);
#2606=ORIENTED_EDGE('',*,*,#1817,.F.);
#2607=ORIENTED_EDGE('',*,*,#1822,.T.);
#2608=ORIENTED_EDGE('',*,*,#1823,.T.);
#2609=ORIENTED_EDGE('',*,*,#1824,.T.);
#2610=ORIENTED_EDGE('',*,*,#1820,.F.);
#2611=ORIENTED_EDGE('',*,*,#1825,.T.);
#2612=ORIENTED_EDGE('',*,*,#1826,.T.);
#2613=ORIENTED_EDGE('',*,*,#1827,.T.);
#2614=ORIENTED_EDGE('',*,*,#1823,.F.);
#2615=ORIENTED_EDGE('',*,*,#1828,.T.);
#2616=ORIENTED_EDGE('',*,*,#1772,.F.);
#2617=ORIENTED_EDGE('',*,*,#1829,.T.);
#2618=ORIENTED_EDGE('',*,*,#1826,.F.);
#2619=ORIENTED_EDGE('',*,*,#1830,.T.);
#2620=ORIENTED_EDGE('',*,*,#1801,.F.);
#2621=ORIENTED_EDGE('',*,*,#1831,.F.);
#2622=ORIENTED_EDGE('',*,*,#1664,.F.);
#2623=ORIENTED_EDGE('',*,*,#1527,.T.);
#2624=ORIENTED_EDGE('',*,*,#1526,.T.);
#2625=ORIENTED_EDGE('',*,*,#1525,.F.);
#2626=ORIENTED_EDGE('',*,*,#1832,.F.);
#2627=ORIENTED_EDGE('',*,*,#1701,.F.);
#2628=ORIENTED_EDGE('',*,*,#1700,.T.);
#2629=ORIENTED_EDGE('',*,*,#1699,.F.);
#2630=ORIENTED_EDGE('',*,*,#1658,.F.);
#2631=ORIENTED_EDGE('',*,*,#1833,.F.);
#2632=ORIENTED_EDGE('',*,*,#1798,.F.);
#2633=ORIENTED_EDGE('',*,*,#1834,.F.);
#2634=ORIENTED_EDGE('',*,*,#1743,.F.);
#2635=ORIENTED_EDGE('',*,*,#1762,.T.);
#2636=ORIENTED_EDGE('',*,*,#1665,.F.);
#2637=ORIENTED_EDGE('',*,*,#1831,.T.);
#2638=ORIENTED_EDGE('',*,*,#1795,.F.);
#2639=ORIENTED_EDGE('',*,*,#1835,.F.);
#2640=ORIENTED_EDGE('',*,*,#1737,.F.);
#2641=ORIENTED_EDGE('',*,*,#1834,.T.);
#2642=ORIENTED_EDGE('',*,*,#1792,.F.);
#2643=ORIENTED_EDGE('',*,*,#1836,.F.);
#2644=ORIENTED_EDGE('',*,*,#1735,.F.);
#2645=ORIENTED_EDGE('',*,*,#1835,.T.);
#2646=ORIENTED_EDGE('',*,*,#1789,.F.);
#2647=ORIENTED_EDGE('',*,*,#1837,.F.);
#2648=ORIENTED_EDGE('',*,*,#1732,.F.);
#2649=ORIENTED_EDGE('',*,*,#1836,.T.);
#2650=ORIENTED_EDGE('',*,*,#1786,.F.);
#2651=ORIENTED_EDGE('',*,*,#1838,.F.);
#2652=ORIENTED_EDGE('',*,*,#1729,.F.);
#2653=ORIENTED_EDGE('',*,*,#1837,.T.);
#2654=ORIENTED_EDGE('',*,*,#1783,.F.);
#2655=ORIENTED_EDGE('',*,*,#1839,.F.);
#2656=ORIENTED_EDGE('',*,*,#1726,.F.);
#2657=ORIENTED_EDGE('',*,*,#1838,.T.);
#2658=ORIENTED_EDGE('',*,*,#1780,.F.);
#2659=ORIENTED_EDGE('',*,*,#1681,.T.);
#2660=ORIENTED_EDGE('',*,*,#1613,.F.);
#2661=ORIENTED_EDGE('',*,*,#1687,.T.);
#2662=ORIENTED_EDGE('',*,*,#1741,.F.);
#2663=ORIENTED_EDGE('',*,*,#1839,.T.);
#2664=ORIENTED_EDGE('',*,*,#1773,.F.);
#2665=ORIENTED_EDGE('',*,*,#1840,.F.);
#2666=ORIENTED_EDGE('',*,*,#1761,.F.);
#2667=ORIENTED_EDGE('',*,*,#1677,.F.);
#2668=ORIENTED_EDGE('',*,*,#1633,.F.);
#2669=ORIENTED_EDGE('',*,*,#1683,.T.);
#2670=ORIENTED_EDGE('',*,*,#1775,.F.);
#2671=ORIENTED_EDGE('',*,*,#1777,.F.);
#2672=ORIENTED_EDGE('',*,*,#1779,.F.);
#2673=ORIENTED_EDGE('',*,*,#1782,.F.);
#2674=ORIENTED_EDGE('',*,*,#1785,.F.);
#2675=ORIENTED_EDGE('',*,*,#1788,.F.);
#2676=ORIENTED_EDGE('',*,*,#1791,.F.);
#2677=ORIENTED_EDGE('',*,*,#1794,.F.);
#2678=ORIENTED_EDGE('',*,*,#1797,.F.);
#2679=ORIENTED_EDGE('',*,*,#1800,.F.);
#2680=ORIENTED_EDGE('',*,*,#1803,.F.);
#2681=ORIENTED_EDGE('',*,*,#1806,.F.);
#2682=ORIENTED_EDGE('',*,*,#1809,.F.);
#2683=ORIENTED_EDGE('',*,*,#1812,.F.);
#2684=ORIENTED_EDGE('',*,*,#1815,.F.);
#2685=ORIENTED_EDGE('',*,*,#1818,.F.);
#2686=ORIENTED_EDGE('',*,*,#1821,.F.);
#2687=ORIENTED_EDGE('',*,*,#1824,.F.);
#2688=ORIENTED_EDGE('',*,*,#1827,.F.);
#2689=ORIENTED_EDGE('',*,*,#1829,.F.);
#2690=ORIENTED_EDGE('',*,*,#1841,.F.);
#2691=ORIENTED_EDGE('',*,*,#1842,.F.);
#2692=ORIENTED_EDGE('',*,*,#1843,.F.);
#2693=ORIENTED_EDGE('',*,*,#1844,.F.);
#2694=ORIENTED_EDGE('',*,*,#1845,.F.);
#2695=ORIENTED_EDGE('',*,*,#1846,.F.);
#2696=ORIENTED_EDGE('',*,*,#1847,.F.);
#2697=ORIENTED_EDGE('',*,*,#1848,.F.);
#2698=ORIENTED_EDGE('',*,*,#1849,.T.);
#2699=ORIENTED_EDGE('',*,*,#1770,.T.);
#2700=ORIENTED_EDGE('',*,*,#1850,.T.);
#2701=ORIENTED_EDGE('',*,*,#1841,.T.);
#2702=ORIENTED_EDGE('',*,*,#1851,.T.);
#2703=ORIENTED_EDGE('',*,*,#1842,.T.);
#2704=ORIENTED_EDGE('',*,*,#1850,.F.);
#2705=ORIENTED_EDGE('',*,*,#1771,.T.);
#2706=ORIENTED_EDGE('',*,*,#1852,.T.);
#2707=ORIENTED_EDGE('',*,*,#1843,.T.);
#2708=ORIENTED_EDGE('',*,*,#1851,.F.);
#2709=ORIENTED_EDGE('',*,*,#1767,.T.);
#2710=ORIENTED_EDGE('',*,*,#1853,.T.);
#2711=ORIENTED_EDGE('',*,*,#1844,.T.);
#2712=ORIENTED_EDGE('',*,*,#1852,.F.);
#2713=ORIENTED_EDGE('',*,*,#1458,.T.);
#2714=ORIENTED_EDGE('',*,*,#1854,.T.);
#2715=ORIENTED_EDGE('',*,*,#1845,.T.);
#2716=ORIENTED_EDGE('',*,*,#1853,.F.);
#2717=ORIENTED_EDGE('',*,*,#1461,.T.);
#2718=ORIENTED_EDGE('',*,*,#1855,.T.);
#2719=ORIENTED_EDGE('',*,*,#1846,.T.);
#2720=ORIENTED_EDGE('',*,*,#1854,.F.);
#2721=ORIENTED_EDGE('',*,*,#1463,.T.);
#2722=ORIENTED_EDGE('',*,*,#1856,.T.);
#2723=ORIENTED_EDGE('',*,*,#1847,.T.);
#2724=ORIENTED_EDGE('',*,*,#1855,.F.);
#2725=ORIENTED_EDGE('',*,*,#1465,.T.);
#2726=ORIENTED_EDGE('',*,*,#1849,.F.);
#2727=ORIENTED_EDGE('',*,*,#1848,.T.);
#2728=ORIENTED_EDGE('',*,*,#1856,.F.);
#2729=ORIENTED_EDGE('',*,*,#1766,.T.);
#2730=ORIENTED_EDGE('',*,*,#1830,.F.);
#2731=ORIENTED_EDGE('',*,*,#1857,.F.);
#2732=ORIENTED_EDGE('',*,*,#1757,.F.);
#2733=ORIENTED_EDGE('',*,*,#1840,.T.);
#2734=ORIENTED_EDGE('',*,*,#1819,.F.);
#2735=ORIENTED_EDGE('',*,*,#1858,.F.);
#2736=ORIENTED_EDGE('',*,*,#1746,.F.);
#2737=ORIENTED_EDGE('',*,*,#1859,.T.);
#2738=ORIENTED_EDGE('',*,*,#1810,.F.);
#2739=ORIENTED_EDGE('',*,*,#1860,.F.);
#2740=ORIENTED_EDGE('',*,*,#1652,.F.);
#2741=ORIENTED_EDGE('',*,*,#1861,.T.);
#2742=ORIENTED_EDGE('',*,*,#1804,.F.);
#2743=ORIENTED_EDGE('',*,*,#1833,.T.);
#2744=ORIENTED_EDGE('',*,*,#1656,.F.);
#2745=ORIENTED_EDGE('',*,*,#1862,.T.);
#2746=ORIENTED_EDGE('',*,*,#1828,.F.);
#2747=ORIENTED_EDGE('',*,*,#1863,.F.);
#2748=ORIENTED_EDGE('',*,*,#1755,.F.);
#2749=ORIENTED_EDGE('',*,*,#1857,.T.);
#2750=ORIENTED_EDGE('',*,*,#1825,.F.);
#2751=ORIENTED_EDGE('',*,*,#1864,.F.);
#2752=ORIENTED_EDGE('',*,*,#1752,.F.);
#2753=ORIENTED_EDGE('',*,*,#1863,.T.);
#2754=ORIENTED_EDGE('',*,*,#1822,.F.);
#2755=ORIENTED_EDGE('',*,*,#1859,.F.);
#2756=ORIENTED_EDGE('',*,*,#1749,.F.);
#2757=ORIENTED_EDGE('',*,*,#1864,.T.);
#2758=ORIENTED_EDGE('',*,*,#1813,.F.);
#2759=ORIENTED_EDGE('',*,*,#1861,.F.);
#2760=ORIENTED_EDGE('',*,*,#1650,.F.);
#2761=ORIENTED_EDGE('',*,*,#1514,.T.);
#2762=ORIENTED_EDGE('',*,*,#1513,.T.);
#2763=ORIENTED_EDGE('',*,*,#1512,.F.);
#2764=ORIENTED_EDGE('',*,*,#1406,.F.);
#2765=ORIENTED_EDGE('',*,*,#1706,.F.);
#2766=ORIENTED_EDGE('',*,*,#1705,.T.);
#2767=ORIENTED_EDGE('',*,*,#1704,.F.);
#2768=ORIENTED_EDGE('',*,*,#1644,.F.);
#2769=ORIENTED_EDGE('',*,*,#1865,.F.);
#2770=ORIENTED_EDGE('',*,*,#1816,.F.);
#2771=ORIENTED_EDGE('',*,*,#1865,.T.);
#2772=ORIENTED_EDGE('',*,*,#1641,.F.);
#2773=ORIENTED_EDGE('',*,*,#1672,.T.);
#2774=ORIENTED_EDGE('',*,*,#1760,.F.);
#2775=ORIENTED_EDGE('',*,*,#1858,.T.);
#2776=ORIENTED_EDGE('',*,*,#1807,.F.);
#2777=ORIENTED_EDGE('',*,*,#1862,.F.);
#2778=ORIENTED_EDGE('',*,*,#1654,.F.);
#2779=ORIENTED_EDGE('',*,*,#1860,.T.);
#2780=ORIENTED_EDGE('',*,*,#1707,.T.);
#2781=ORIENTED_EDGE('',*,*,#1404,.F.);
#2782=ORIENTED_EDGE('',*,*,#1517,.T.);
#2783=ORIENTED_EDGE('',*,*,#1518,.T.);
#2784=ORIENTED_EDGE('',*,*,#1702,.T.);
#2785=ORIENTED_EDGE('',*,*,#1832,.T.);
#2786=ORIENTED_EDGE('',*,*,#1530,.T.);
#2787=ORIENTED_EDGE('',*,*,#1764,.T.);
#2788=ORIENTED_EDGE('',*,*,#1504,.T.);
#2789=ORIENTED_EDGE('',*,*,#1680,.T.);
#2790=ORIENTED_EDGE('',*,*,#1511,.T.);
#2791=ORIENTED_EDGE('',*,*,#1763,.T.);
#2792=CYLINDRICAL_SURFACE('',#3082,0.5);
#2793=CYLINDRICAL_SURFACE('',#3083,0.5);
#2794=CYLINDRICAL_SURFACE('',#3084,0.5);
#2795=CYLINDRICAL_SURFACE('',#3085,0.5);
#2796=CYLINDRICAL_SURFACE('',#3092,0.5);
#2797=CYLINDRICAL_SURFACE('',#3098,0.5);
#2798=CYLINDRICAL_SURFACE('',#3105,0.5);
#2799=CYLINDRICAL_SURFACE('',#3123,1.4);
#2800=CYLINDRICAL_SURFACE('',#3126,1.39999999999997);
#2801=CYLINDRICAL_SURFACE('',#3129,4.);
#2802=CYLINDRICAL_SURFACE('',#3132,3.99999999999999);
#2803=CYLINDRICAL_SURFACE('',#3135,1.54999999999994);
#2804=CYLINDRICAL_SURFACE('',#3137,4.74999999999266);
#2805=CYLINDRICAL_SURFACE('',#3139,1.54999999999999);
#2806=CYLINDRICAL_SURFACE('',#3143,1.54999999999999);
#2807=CYLINDRICAL_SURFACE('',#3145,1.55000000000001);
#2808=CYLINDRICAL_SURFACE('',#3147,4.75000000000236);
#2809=CYLINDRICAL_SURFACE('',#3149,2.09999999999999);
#2810=CYLINDRICAL_SURFACE('',#3152,1.35);
#2811=CYLINDRICAL_SURFACE('',#3155,1.35);
#2812=CYLINDRICAL_SURFACE('',#3158,1.35);
#2813=CYLINDRICAL_SURFACE('',#3161,2.1);
#2814=CYLINDRICAL_SURFACE('',#3164,1.35);
#2815=CYLINDRICAL_SURFACE('',#3167,1.35);
#2816=CYLINDRICAL_SURFACE('',#3170,2.1);
#2817=CYLINDRICAL_SURFACE('',#3173,2.09999999999999);
#2818=CYLINDRICAL_SURFACE('',#3176,1.35000000000002);
#2819=CYLINDRICAL_SURFACE('',#3179,1.34999999999997);
#2820=CYLINDRICAL_SURFACE('',#3182,1.35);
#2821=CYLINDRICAL_SURFACE('',#3185,2.10000000000001);
#2822=CYLINDRICAL_SURFACE('',#3188,0.5);
#2823=CYLINDRICAL_SURFACE('',#3195,0.5);
#2824=CYLINDRICAL_SURFACE('',#3201,0.5);
#2825=CYLINDRICAL_SURFACE('',#3207,0.5);
#2826=CYLINDRICAL_SURFACE('',#3212,0.750000000000003);
#2827=CYLINDRICAL_SURFACE('',#3215,1.00000000000007);
#2828=CYLINDRICAL_SURFACE('',#3252,0.5);
#2829=CYLINDRICAL_SURFACE('',#3260,0.5);
#2830=CYLINDRICAL_SURFACE('',#3268,0.5);
#2831=CYLINDRICAL_SURFACE('',#3276,0.5);
#2832=CYLINDRICAL_SURFACE('',#3291,0.5);
#2833=CYLINDRICAL_SURFACE('',#3300,0.5);
#2834=CYLINDRICAL_SURFACE('',#3305,0.5);
#2835=CYLINDRICAL_SURFACE('',#3310,0.5);
#2836=CYLINDRICAL_SURFACE('',#3319,0.5);
#2837=CYLINDRICAL_SURFACE('',#3328,2.);
#2838=CYLINDRICAL_SURFACE('',#3330,4.2);
#2839=CYLINDRICAL_SURFACE('',#3332,2.);
#2840=CYLINDRICAL_SURFACE('',#3335,2.);
#2841=CYLINDRICAL_SURFACE('',#3337,1.);
#2842=CYLINDRICAL_SURFACE('',#3339,0.750000000000043);
#2843=CYLINDRICAL_SURFACE('',#3341,4.2);
#2844=CYLINDRICAL_SURFACE('',#3345,1.35);
#2845=CYLINDRICAL_SURFACE('',#3347,1.35);
#2846=CYLINDRICAL_SURFACE('',#3357,0.5);
#2847=CYLINDRICAL_SURFACE('',#3358,0.5);
#2848=CYLINDRICAL_SURFACE('',#3363,0.5);
#2849=CYLINDRICAL_SURFACE('',#3368,0.5);
#2850=CYLINDRICAL_SURFACE('',#3419,2.);
#2851=CYLINDRICAL_SURFACE('',#3424,1.39999999999996);
#2852=CYLINDRICAL_SURFACE('',#3428,1.39999999999997);
#2853=CYLINDRICAL_SURFACE('',#3435,0.5);
#2854=CYLINDRICAL_SURFACE('',#3463,0.5);
#2855=CYLINDRICAL_SURFACE('',#3469,0.5);
#2856=CYLINDRICAL_SURFACE('',#3475,0.5);
#2857=CYLINDRICAL_SURFACE('',#3499,1.40000000000001);
#2858=CYLINDRICAL_SURFACE('',#3500,0.799999999999989);
#2859=CYLINDRICAL_SURFACE('',#3501,1.);
#2860=CYLINDRICAL_SURFACE('',#3502,3.1);
#2861=CYLINDRICAL_SURFACE('',#3503,1.);
#2862=CYLINDRICAL_SURFACE('',#3504,0.800000000000005);
#2863=CYLINDRICAL_SURFACE('',#3505,1.40000000000001);
#2864=CYLINDRICAL_SURFACE('',#3506,1.40000000000001);
#2865=CYLINDRICAL_SURFACE('',#3512,0.5);
#2866=CYLINDRICAL_SURFACE('',#3517,0.5);
#2867=CYLINDRICAL_SURFACE('',#3521,0.5);
#2868=CYLINDRICAL_SURFACE('',#3525,0.5);
#2869=CYLINDRICAL_SURFACE('',#3528,0.800000000000001);
#2870=CYLINDRICAL_SURFACE('',#3529,0.799999999999995);
#2871=CYLINDRICAL_SURFACE('',#3530,3.80000000000002);
#2872=CYLINDRICAL_SURFACE('',#3531,3.8);
#2873=CYLINDRICAL_SURFACE('',#3532,1.);
#2874=CYLINDRICAL_SURFACE('',#3533,3.1);
#2875=CYLINDRICAL_SURFACE('',#3534,1.);
#2876=CYLINDRICAL_SURFACE('',#3536,1.4);
#2877=CYLINDRICAL_SURFACE('',#3539,0.5);
#2878=CYLINDRICAL_SURFACE('',#3540,0.5);
#2879=ADVANCED_FACE('',(#402),#2792,.T.);
#2880=ADVANCED_FACE('',(#403),#2793,.T.);
#2881=ADVANCED_FACE('',(#404),#2794,.T.);
#2882=ADVANCED_FACE('',(#405),#2795,.T.);
#2883=ADVANCED_FACE('',(#406),#62,.T.);
#2884=ADVANCED_FACE('',(#407),#2796,.T.);
#2885=ADVANCED_FACE('',(#408),#63,.T.);
#2886=ADVANCED_FACE('',(#409),#2797,.T.);
#2887=ADVANCED_FACE('',(#410),#64,.T.);
#2888=ADVANCED_FACE('',(#411),#2798,.T.);
#2889=ADVANCED_FACE('',(#412),#65,.T.);
#2890=ADVANCED_FACE('',(#413),#34,.F.);
#2891=ADVANCED_FACE('',(#414),#35,.F.);
#2892=ADVANCED_FACE('',(#415),#2799,.F.);
#2893=ADVANCED_FACE('',(#416),#36,.T.);
#2894=ADVANCED_FACE('',(#417),#2800,.F.);
#2895=ADVANCED_FACE('',(#418),#37,.T.);
#2896=ADVANCED_FACE('',(#419),#2801,.F.);
#2897=ADVANCED_FACE('',(#420),#38,.T.);
#2898=ADVANCED_FACE('',(#421),#2802,.F.);
#2899=ADVANCED_FACE('',(#422),#39,.T.);
#2900=ADVANCED_FACE('',(#423),#2803,.F.);
#2901=ADVANCED_FACE('',(#424),#2804,.T.);
#2902=ADVANCED_FACE('',(#425),#2805,.F.);
#2903=ADVANCED_FACE('',(#426),#40,.T.);
#2904=ADVANCED_FACE('',(#427),#41,.T.);
#2905=ADVANCED_FACE('',(#428),#2806,.F.);
#2906=ADVANCED_FACE('',(#429),#2807,.F.);
#2907=ADVANCED_FACE('',(#430),#2808,.T.);
#2908=ADVANCED_FACE('',(#431),#2809,.F.);
#2909=ADVANCED_FACE('',(#432),#2810,.T.);
#2910=ADVANCED_FACE('',(#433),#2811,.T.);
#2911=ADVANCED_FACE('',(#434),#2812,.T.);
#2912=ADVANCED_FACE('',(#435),#2813,.F.);
#2913=ADVANCED_FACE('',(#436),#2814,.T.);
#2914=ADVANCED_FACE('',(#437),#2815,.T.);
#2915=ADVANCED_FACE('',(#438),#2816,.F.);
#2916=ADVANCED_FACE('',(#439),#2817,.F.);
#2917=ADVANCED_FACE('',(#440),#2818,.T.);
#2918=ADVANCED_FACE('',(#441),#2819,.T.);
#2919=ADVANCED_FACE('',(#442),#2820,.T.);
#2920=ADVANCED_FACE('',(#443),#2821,.F.);
#2921=ADVANCED_FACE('',(#444),#2822,.T.);
#2922=ADVANCED_FACE('',(#445),#66,.T.);
#2923=ADVANCED_FACE('',(#446),#2823,.T.);
#2924=ADVANCED_FACE('',(#447),#67,.T.);
#2925=ADVANCED_FACE('',(#448),#2824,.T.);
#2926=ADVANCED_FACE('',(#449),#68,.T.);
#2927=ADVANCED_FACE('',(#450),#2825,.T.);
#2928=ADVANCED_FACE('',(#451),#69,.T.);
#2929=ADVANCED_FACE('',(#452),#2826,.F.);
#2930=ADVANCED_FACE('',(#453),#42,.T.);
#2931=ADVANCED_FACE('',(#454),#2827,.F.);
#2932=ADVANCED_FACE('',(#455),#43,.T.);
#2933=ADVANCED_FACE('',(#456,#31),#44,.F.);
#2934=ADVANCED_FACE('',(#457),#70,.T.);
#2935=ADVANCED_FACE('',(#458),#71,.T.);
#2936=ADVANCED_FACE('',(#459),#2828,.T.);
#2937=ADVANCED_FACE('',(#460),#72,.T.);
#2938=ADVANCED_FACE('',(#461),#73,.T.);
#2939=ADVANCED_FACE('',(#462),#74,.T.);
#2940=ADVANCED_FACE('',(#463),#2829,.T.);
#2941=ADVANCED_FACE('',(#464),#75,.T.);
#2942=ADVANCED_FACE('',(#465),#76,.T.);
#2943=ADVANCED_FACE('',(#466),#77,.T.);
#2944=ADVANCED_FACE('',(#467),#2830,.T.);
#2945=ADVANCED_FACE('',(#468),#78,.T.);
#2946=ADVANCED_FACE('',(#469),#79,.T.);
#2947=ADVANCED_FACE('',(#470),#80,.T.);
#2948=ADVANCED_FACE('',(#471),#2831,.T.);
#2949=ADVANCED_FACE('',(#472),#81,.T.);
#2950=ADVANCED_FACE('',(#473),#82,.T.);
#2951=ADVANCED_FACE('',(#474),#83,.T.);
#2952=ADVANCED_FACE('',(#475),#84,.T.);
#2953=ADVANCED_FACE('',(#476),#85,.T.);
#2954=ADVANCED_FACE('',(#477),#2832,.T.);
#2955=ADVANCED_FACE('',(#478),#86,.T.);
#2956=ADVANCED_FACE('',(#479),#87,.T.);
#2957=ADVANCED_FACE('',(#480),#88,.T.);
#2958=ADVANCED_FACE('',(#481),#2833,.T.);
#2959=ADVANCED_FACE('',(#482),#89,.T.);
#2960=ADVANCED_FACE('',(#483),#2834,.T.);
#2961=ADVANCED_FACE('',(#484),#90,.T.);
#2962=ADVANCED_FACE('',(#485),#2835,.T.);
#2963=ADVANCED_FACE('',(#486),#91,.T.);
#2964=ADVANCED_FACE('',(#487),#92,.T.);
#2965=ADVANCED_FACE('',(#488),#93,.T.);
#2966=ADVANCED_FACE('',(#489),#2836,.T.);
#2967=ADVANCED_FACE('',(#490),#94,.T.);
#2968=ADVANCED_FACE('',(#491),#95,.T.);
#2969=ADVANCED_FACE('',(#492),#96,.T.);
#2970=ADVANCED_FACE('',(#493),#2837,.T.);
#2971=ADVANCED_FACE('',(#494),#2838,.F.);
#2972=ADVANCED_FACE('',(#495),#2839,.T.);
#2973=ADVANCED_FACE('',(#496),#45,.T.);
#2974=ADVANCED_FACE('',(#497),#2840,.T.);
#2975=ADVANCED_FACE('',(#498),#2841,.F.);
#2976=ADVANCED_FACE('',(#499),#2842,.F.);
#2977=ADVANCED_FACE('',(#500),#2843,.F.);
#2978=ADVANCED_FACE('',(#501),#46,.T.);
#2979=ADVANCED_FACE('',(#502),#47,.T.);
#2980=ADVANCED_FACE('',(#503),#2844,.T.);
#2981=ADVANCED_FACE('',(#504),#2845,.T.);
#2982=ADVANCED_FACE('',(#505),#97,.T.);
#2983=ADVANCED_FACE('',(#506),#98,.T.);
#2984=ADVANCED_FACE('',(#507),#2846,.T.);
#2985=ADVANCED_FACE('',(#508),#2847,.T.);
#2986=ADVANCED_FACE('',(#509),#99,.T.);
#2987=ADVANCED_FACE('',(#510),#2848,.T.);
#2988=ADVANCED_FACE('',(#511),#100,.T.);
#2989=ADVANCED_FACE('',(#512),#2849,.T.);
#2990=ADVANCED_FACE('',(#513,#32),#48,.T.);
#2991=ADVANCED_FACE('',(#514),#101,.T.);
#2992=ADVANCED_FACE('',(#515),#19,.F.);
#2993=ADVANCED_FACE('',(#516),#102,.T.);
#2994=ADVANCED_FACE('',(#517),#20,.F.);
#2995=ADVANCED_FACE('',(#518),#103,.T.);
#2996=ADVANCED_FACE('',(#519),#104,.T.);
#2997=ADVANCED_FACE('',(#520),#105,.T.);
#2998=ADVANCED_FACE('',(#521),#49,.F.);
#2999=ADVANCED_FACE('',(#522),#106,.T.);
#3000=ADVANCED_FACE('',(#523),#21,.F.);
#3001=ADVANCED_FACE('',(#524),#107,.T.);
#3002=ADVANCED_FACE('',(#525),#22,.F.);
#3003=ADVANCED_FACE('',(#526),#108,.T.);
#3004=ADVANCED_FACE('',(#527),#109,.T.);
#3005=ADVANCED_FACE('',(#528),#110,.T.);
#3006=ADVANCED_FACE('',(#529),#50,.F.);
#3007=ADVANCED_FACE('',(#530),#2850,.T.);
#3008=ADVANCED_FACE('',(#531),#51,.F.);
#3009=ADVANCED_FACE('',(#532),#52,.F.);
#3010=ADVANCED_FACE('',(#533),#53,.F.);
#3011=ADVANCED_FACE('',(#534),#54,.F.);
#3012=ADVANCED_FACE('',(#535),#2851,.F.);
#3013=ADVANCED_FACE('',(#536),#55,.T.);
#3014=ADVANCED_FACE('',(#537),#56,.T.);
#3015=ADVANCED_FACE('',(#538),#2852,.F.);
#3016=ADVANCED_FACE('',(#539),#111,.T.);
#3017=ADVANCED_FACE('',(#540),#2853,.T.);
#3018=ADVANCED_FACE('',(#541),#112,.T.);
#3019=ADVANCED_FACE('',(#542),#113,.T.);
#3020=ADVANCED_FACE('',(#543),#23,.F.);
#3021=ADVANCED_FACE('',(#544),#114,.T.);
#3022=ADVANCED_FACE('',(#545),#24,.F.);
#3023=ADVANCED_FACE('',(#546),#115,.T.);
#3024=ADVANCED_FACE('',(#547),#116,.T.);
#3025=ADVANCED_FACE('',(#548),#2854,.T.);
#3026=ADVANCED_FACE('',(#549),#117,.T.);
#3027=ADVANCED_FACE('',(#550),#2855,.T.);
#3028=ADVANCED_FACE('',(#551),#118,.T.);
#3029=ADVANCED_FACE('',(#552),#2856,.T.);
#3030=ADVANCED_FACE('',(#553),#119,.T.);
#3031=ADVANCED_FACE('',(#554),#120,.T.);
#3032=ADVANCED_FACE('',(#555),#25,.F.);
#3033=ADVANCED_FACE('',(#556),#121,.T.);
#3034=ADVANCED_FACE('',(#557),#26,.F.);
#3035=ADVANCED_FACE('',(#558),#122,.T.);
#3036=ADVANCED_FACE('',(#559),#57,.T.);
#3037=ADVANCED_FACE('',(#560),#2857,.T.);
#3038=ADVANCED_FACE('',(#561),#2858,.F.);
#3039=ADVANCED_FACE('',(#562),#2859,.T.);
#3040=ADVANCED_FACE('',(#563),#2860,.F.);
#3041=ADVANCED_FACE('',(#564),#2861,.T.);
#3042=ADVANCED_FACE('',(#565),#2862,.F.);
#3043=ADVANCED_FACE('',(#566),#2863,.T.);
#3044=ADVANCED_FACE('',(#567),#2864,.T.);
#3045=ADVANCED_FACE('',(#568,#33),#58,.T.);
#3046=ADVANCED_FACE('',(#569),#2865,.T.);
#3047=ADVANCED_FACE('',(#570),#123,.T.);
#3048=ADVANCED_FACE('',(#571),#2866,.T.);
#3049=ADVANCED_FACE('',(#572),#124,.T.);
#3050=ADVANCED_FACE('',(#573),#2867,.T.);
#3051=ADVANCED_FACE('',(#574),#125,.T.);
#3052=ADVANCED_FACE('',(#575),#2868,.T.);
#3053=ADVANCED_FACE('',(#576),#126,.T.);
#3054=ADVANCED_FACE('',(#577),#2869,.F.);
#3055=ADVANCED_FACE('',(#578),#2870,.F.);
#3056=ADVANCED_FACE('',(#579),#2871,.T.);
#3057=ADVANCED_FACE('',(#580),#2872,.T.);
#3058=ADVANCED_FACE('',(#581),#2873,.T.);
#3059=ADVANCED_FACE('',(#582),#2874,.F.);
#3060=ADVANCED_FACE('',(#583),#2875,.T.);
#3061=ADVANCED_FACE('',(#584),#59,.T.);
#3062=ADVANCED_FACE('',(#585),#2876,.T.);
#3063=ADVANCED_FACE('',(#586),#60,.T.);
#3064=ADVANCED_FACE('',(#587),#61,.F.);
#3065=ADVANCED_FACE('',(#588),#2877,.T.);
#3066=ADVANCED_FACE('',(#589),#2878,.T.);
#3067=CLOSED_SHELL('',(#2879,#2880,#2881,#2882,#2883,#2884,#2885,#2886,
#2887,#2888,#2889,#2890,#2891,#2892,#2893,#2894,#2895,#2896,#2897,#2898,
#2899,#2900,#2901,#2902,#2903,#2904,#2905,#2906,#2907,#2908,#2909,#2910,
#2911,#2912,#2913,#2914,#2915,#2916,#2917,#2918,#2919,#2920,#2921,#2922,
#2923,#2924,#2925,#2926,#2927,#2928,#2929,#2930,#2931,#2932,#2933,#2934,
#2935,#2936,#2937,#2938,#2939,#2940,#2941,#2942,#2943,#2944,#2945,#2946,
#2947,#2948,#2949,#2950,#2951,#2952,#2953,#2954,#2955,#2956,#2957,#2958,
#2959,#2960,#2961,#2962,#2963,#2964,#2965,#2966,#2967,#2968,#2969,#2970,
#2971,#2972,#2973,#2974,#2975,#2976,#2977,#2978,#2979,#2980,#2981,#2982,
#2983,#2984,#2985,#2986,#2987,#2988,#2989,#2990,#2991,#2992,#2993,#2994,
#2995,#2996,#2997,#2998,#2999,#3000,#3001,#3002,#3003,#3004,#3005,#3006,
#3007,#3008,#3009,#3010,#3011,#3012,#3013,#3014,#3015,#3016,#3017,#3018,
#3019,#3020,#3021,#3022,#3023,#3024,#3025,#3026,#3027,#3028,#3029,#3030,
#3031,#3032,#3033,#3034,#3035,#3036,#3037,#3038,#3039,#3040,#3041,#3042,
#3043,#3044,#3045,#3046,#3047,#3048,#3049,#3050,#3051,#3052,#3053,#3054,
#3055,#3056,#3057,#3058,#3059,#3060,#3061,#3062,#3063,#3064,#3065,#3066));
#3068=DERIVED_UNIT_ELEMENT(#3070,1.);
#3069=DERIVED_UNIT_ELEMENT(#5837,-3.);
#3070=(
MASS_UNIT()
NAMED_UNIT(*)
SI_UNIT(.KILO.,.GRAM.)
);
#3071=DERIVED_UNIT((#3068,#3069));
#3072=MEASURE_REPRESENTATION_ITEM('density measure',
POSITIVE_RATIO_MEASURE(7850.),#3071);
#3073=PROPERTY_DEFINITION_REPRESENTATION(#3078,#3075);
#3074=PROPERTY_DEFINITION_REPRESENTATION(#3079,#3076);
#3075=REPRESENTATION('material name',(#3077),#5834);
#3076=REPRESENTATION('density',(#3072),#5834);
#3077=DESCRIPTIVE_REPRESENTATION_ITEM('Steel','Steel');
#3078=PROPERTY_DEFINITION('material property','material name',#5849);
#3079=PROPERTY_DEFINITION('material property','density of part',#5849);
#3080=AXIS2_PLACEMENT_3D('placement',#4626,#3542,#3543);
#3081=AXIS2_PLACEMENT_3D('placement',#4627,#3544,#3545);
#3082=AXIS2_PLACEMENT_3D('',#4628,#3546,#3547);
#3083=AXIS2_PLACEMENT_3D('',#4651,#3550,#3551);
#3084=AXIS2_PLACEMENT_3D('',#4674,#3554,#3555);
#3085=AXIS2_PLACEMENT_3D('',#4697,#3558,#3559);
#3086=AXIS2_PLACEMENT_3D('',#4700,#3560,#3561);
#3087=AXIS2_PLACEMENT_3D('',#4704,#3563,#3564);
#3088=AXIS2_PLACEMENT_3D('',#4706,#3566,#3567);
#3089=AXIS2_PLACEMENT_3D('',#4709,#3568,#3569);
#3090=AXIS2_PLACEMENT_3D('',#4710,#3570,#3571);
#3091=AXIS2_PLACEMENT_3D('',#4711,#3572,#3573);
#3092=AXIS2_PLACEMENT_3D('',#4712,#3574,#3575);
#3093=AXIS2_PLACEMENT_3D('',#4715,#3576,#3577);
#3094=AXIS2_PLACEMENT_3D('',#4718,#3580,#3581);
#3095=AXIS2_PLACEMENT_3D('',#4721,#3582,#3583);
#3096=AXIS2_PLACEMENT_3D('',#4722,#3584,#3585);
#3097=AXIS2_PLACEMENT_3D('',#4723,#3586,#3587);
#3098=AXIS2_PLACEMENT_3D('',#4724,#3588,#3589);
#3099=AXIS2_PLACEMENT_3D('',#4727,#3590,#3591);
#3100=AXIS2_PLACEMENT_3D('',#4730,#3594,#3595);
#3101=AXIS2_PLACEMENT_3D('',#4751,#3596,#3597);
#3102=AXIS2_PLACEMENT_3D('',#4753,#3598,#3599);
#3103=AXIS2_PLACEMENT_3D('',#4755,#3600,#3601);
#3104=AXIS2_PLACEMENT_3D('',#4756,#3602,#3603);
#3105=AXIS2_PLACEMENT_3D('',#4757,#3604,#3605);
#3106=AXIS2_PLACEMENT_3D('',#4760,#3606,#3607);
#3107=AXIS2_PLACEMENT_3D('',#4763,#3610,#3611);
#3108=AXIS2_PLACEMENT_3D('',#4784,#3612,#3613);
#3109=AXIS2_PLACEMENT_3D('',#4785,#3614,#3615);
#3110=AXIS2_PLACEMENT_3D('',#4786,#3616,#3617);
#3111=AXIS2_PLACEMENT_3D('',#4787,#3618,#3619);
#3112=AXIS2_PLACEMENT_3D('',#4789,#3620,#3621);
#3113=AXIS2_PLACEMENT_3D('',#4791,#3622,#3623);
#3114=AXIS2_PLACEMENT_3D('',#4795,#3625,#3626);
#3115=AXIS2_PLACEMENT_3D('',#4799,#3628,#3629);
#3116=AXIS2_PLACEMENT_3D('',#4803,#3631,#3632);
#3117=AXIS2_PLACEMENT_3D('',#4804,#3633,#3634);
#3118=AXIS2_PLACEMENT_3D('',#4805,#3635,#3636);
#3119=AXIS2_PLACEMENT_3D('',#4807,#3637,#3638);
#3120=AXIS2_PLACEMENT_3D('',#4809,#3639,#3640);
#3121=AXIS2_PLACEMENT_3D('',#4813,#3642,#3643);
#3122=AXIS2_PLACEMENT_3D('',#4814,#3644,#3645);
#3123=AXIS2_PLACEMENT_3D('',#4815,#3646,#3647);
#3124=AXIS2_PLACEMENT_3D('',#4819,#3649,#3650);
#3125=AXIS2_PLACEMENT_3D('',#4821,#3652,#3653);
#3126=AXIS2_PLACEMENT_3D('',#4825,#3656,#3657);
#3127=AXIS2_PLACEMENT_3D('',#4828,#3659,#3660);
#3128=AXIS2_PLACEMENT_3D('',#4829,#3661,#3662);
#3129=AXIS2_PLACEMENT_3D('',#4833,#3665,#3666);
#3130=AXIS2_PLACEMENT_3D('',#4837,#3668,#3669);
#3131=AXIS2_PLACEMENT_3D('',#4839,#3671,#3672);
#3132=AXIS2_PLACEMENT_3D('',#4843,#3675,#3676);
#3133=AXIS2_PLACEMENT_3D('',#4845,#3677,#3678);
#3134=AXIS2_PLACEMENT_3D('',#4847,#3680,#3681);
#3135=AXIS2_PLACEMENT_3D('',#4851,#3684,#3685);
#3136=AXIS2_PLACEMENT_3D('',#4855,#3687,#3688);
#3137=AXIS2_PLACEMENT_3D('',#4857,#3690,#3691);
#3138=AXIS2_PLACEMENT_3D('',#4860,#3693,#3694);
#3139=AXIS2_PLACEMENT_3D('',#4861,#3695,#3696);
#3140=AXIS2_PLACEMENT_3D('',#4862,#3697,#3698);
#3141=AXIS2_PLACEMENT_3D('',#4863,#3699,#3700);
#3142=AXIS2_PLACEMENT_3D('',#4867,#3703,#3704);
#3143=AXIS2_PLACEMENT_3D('',#4871,#3707,#3708);
#3144=AXIS2_PLACEMENT_3D('',#4874,#3710,#3711);
#3145=AXIS2_PLACEMENT_3D('',#4875,#3712,#3713);
#3146=AXIS2_PLACEMENT_3D('',#4877,#3714,#3715);
#3147=AXIS2_PLACEMENT_3D('',#4879,#3717,#3718);
#3148=AXIS2_PLACEMENT_3D('',#4880,#3719,#3720);
#3149=AXIS2_PLACEMENT_3D('',#4881,#3721,#3722);
#3150=AXIS2_PLACEMENT_3D('',#4884,#3723,#3724);
#3151=AXIS2_PLACEMENT_3D('',#4888,#3726,#3727);
#3152=AXIS2_PLACEMENT_3D('',#4890,#3729,#3730);
#3153=AXIS2_PLACEMENT_3D('',#4891,#3731,#3732);
#3154=AXIS2_PLACEMENT_3D('',#4893,#3733,#3734);
#3155=AXIS2_PLACEMENT_3D('',#4895,#3736,#3737);
#3156=AXIS2_PLACEMENT_3D('',#4898,#3739,#3740);
#3157=AXIS2_PLACEMENT_3D('',#4899,#3741,#3742);
#3158=AXIS2_PLACEMENT_3D('',#4900,#3743,#3744);
#3159=AXIS2_PLACEMENT_3D('',#4903,#3745,#3746);
#3160=AXIS2_PLACEMENT_3D('',#4907,#3748,#3749);
#3161=AXIS2_PLACEMENT_3D('',#4918,#3751,#3752);
#3162=AXIS2_PLACEMENT_3D('',#4920,#3753,#3754);
#3163=AXIS2_PLACEMENT_3D('',#4923,#3756,#3757);
#3164=AXIS2_PLACEMENT_3D('',#4924,#3758,#3759);
#3165=AXIS2_PLACEMENT_3D('',#4928,#3761,#3762);
#3166=AXIS2_PLACEMENT_3D('',#4930,#3763,#3764);
#3167=AXIS2_PLACEMENT_3D('',#4939,#3765,#3766);
#3168=AXIS2_PLACEMENT_3D('',#4947,#3770,#3771);
#3169=AXIS2_PLACEMENT_3D('',#4950,#3773,#3774);
#3170=AXIS2_PLACEMENT_3D('',#4951,#3775,#3776);
#3171=AXIS2_PLACEMENT_3D('',#4953,#3777,#3778);
#3172=AXIS2_PLACEMENT_3D('',#4955,#3779,#3780);
#3173=AXIS2_PLACEMENT_3D('',#4957,#3782,#3783);
#3174=AXIS2_PLACEMENT_3D('',#4960,#3784,#3785);
#3175=AXIS2_PLACEMENT_3D('',#4964,#3787,#3788);
#3176=AXIS2_PLACEMENT_3D('',#4966,#3790,#3791);
#3177=AXIS2_PLACEMENT_3D('',#4974,#3795,#3796);
#3178=AXIS2_PLACEMENT_3D('',#4976,#3797,#3798);
#3179=AXIS2_PLACEMENT_3D('',#4985,#3799,#3800);
#3180=AXIS2_PLACEMENT_3D('',#4987,#3801,#3802);
#3181=AXIS2_PLACEMENT_3D('',#4991,#3804,#3805);
#3182=AXIS2_PLACEMENT_3D('',#4993,#3807,#3808);
#3183=AXIS2_PLACEMENT_3D('',#4997,#3810,#3811);
#3184=AXIS2_PLACEMENT_3D('',#5000,#3813,#3814);
#3185=AXIS2_PLACEMENT_3D('',#5001,#3815,#3816);
#3186=AXIS2_PLACEMENT_3D('',#5002,#3817,#3818);
#3187=AXIS2_PLACEMENT_3D('',#5003,#3819,#3820);
#3188=AXIS2_PLACEMENT_3D('',#5004,#3821,#3822);
#3189=AXIS2_PLACEMENT_3D('',#5007,#3823,#3824);
#3190=AXIS2_PLACEMENT_3D('',#5011,#3826,#3827);
#3191=AXIS2_PLACEMENT_3D('',#5013,#3829,#3830);
#3192=AXIS2_PLACEMENT_3D('',#5016,#3831,#3832);
#3193=AXIS2_PLACEMENT_3D('',#5017,#3833,#3834);
#3194=AXIS2_PLACEMENT_3D('',#5018,#3835,#3836);
#3195=AXIS2_PLACEMENT_3D('',#5019,#3837,#3838);
#3196=AXIS2_PLACEMENT_3D('',#5022,#3839,#3840);
#3197=AXIS2_PLACEMENT_3D('',#5025,#3843,#3844);
#3198=AXIS2_PLACEMENT_3D('',#5028,#3845,#3846);
#3199=AXIS2_PLACEMENT_3D('',#5029,#3847,#3848);
#3200=AXIS2_PLACEMENT_3D('',#5030,#3849,#3850);
#3201=AXIS2_PLACEMENT_3D('',#5031,#3851,#3852);
#3202=AXIS2_PLACEMENT_3D('',#5034,#3853,#3854);
#3203=AXIS2_PLACEMENT_3D('',#5037,#3857,#3858);
#3204=AXIS2_PLACEMENT_3D('',#5040,#3859,#3860);
#3205=AXIS2_PLACEMENT_3D('',#5041,#3861,#3862);
#3206=AXIS2_PLACEMENT_3D('',#5042,#3863,#3864);
#3207=AXIS2_PLACEMENT_3D('',#5043,#3865,#3866);
#3208=AXIS2_PLACEMENT_3D('',#5046,#3867,#3868);
#3209=AXIS2_PLACEMENT_3D('',#5049,#3871,#3872);
#3210=AXIS2_PLACEMENT_3D('',#5050,#3873,#3874);
#3211=AXIS2_PLACEMENT_3D('',#5051,#3875,#3876);
#3212=AXIS2_PLACEMENT_3D('',#5052,#3877,#3878);
#3213=AXIS2_PLACEMENT_3D('',#5056,#3880,#3881);
#3214=AXIS2_PLACEMENT_3D('',#5058,#3883,#3884);
#3215=AXIS2_PLACEMENT_3D('',#5062,#3887,#3888);
#3216=AXIS2_PLACEMENT_3D('',#5065,#3890,#3891);
#3217=AXIS2_PLACEMENT_3D('',#5066,#3892,#3893);
#3218=AXIS2_PLACEMENT_3D('',#5070,#3896,#3897);
#3219=AXIS2_PLACEMENT_3D('',#5073,#3898,#3899);
#3220=AXIS2_PLACEMENT_3D('',#5077,#3901,#3902);
#3221=AXIS2_PLACEMENT_3D('',#5079,#3903,#3904);
#3222=AXIS2_PLACEMENT_3D('',#5081,#3905,#3906);
#3223=AXIS2_PLACEMENT_3D('',#5085,#3908,#3909);
#3224=AXIS2_PLACEMENT_3D('',#5087,#3910,#3911);
#3225=AXIS2_PLACEMENT_3D('',#5089,#3912,#3913);
#3226=AXIS2_PLACEMENT_3D('',#5093,#3915,#3916);
#3227=AXIS2_PLACEMENT_3D('',#5095,#3917,#3918);
#3228=AXIS2_PLACEMENT_3D('',#5097,#3919,#3920);
#3229=AXIS2_PLACEMENT_3D('',#5101,#3922,#3923);
#3230=AXIS2_PLACEMENT_3D('',#5103,#3924,#3925);
#3231=AXIS2_PLACEMENT_3D('',#5105,#3926,#3927);
#3232=AXIS2_PLACEMENT_3D('',#5107,#3928,#3929);
#3233=AXIS2_PLACEMENT_3D('',#5109,#3930,#3931);
#3234=AXIS2_PLACEMENT_3D('',#5113,#3933,#3934);
#3235=AXIS2_PLACEMENT_3D('',#5115,#3935,#3936);
#3236=AXIS2_PLACEMENT_3D('',#5117,#3937,#3938);
#3237=AXIS2_PLACEMENT_3D('',#5121,#3940,#3941);
#3238=AXIS2_PLACEMENT_3D('',#5125,#3943,#3944);
#3239=AXIS2_PLACEMENT_3D('',#5129,#3946,#3947);
#3240=AXIS2_PLACEMENT_3D('',#5131,#3948,#3949);
#3241=AXIS2_PLACEMENT_3D('',#5133,#3950,#3951);
#3242=AXIS2_PLACEMENT_3D('',#5137,#3953,#3954);
#3243=AXIS2_PLACEMENT_3D('',#5139,#3955,#3956);
#3244=AXIS2_PLACEMENT_3D('',#5141,#3957,#3958);
#3245=AXIS2_PLACEMENT_3D('',#5142,#3959,#3960);
#3246=AXIS2_PLACEMENT_3D('',#5143,#3961,#3962);
#3247=AXIS2_PLACEMENT_3D('',#5146,#3963,#3964);
#3248=AXIS2_PLACEMENT_3D('',#5147,#3965,#3966);
#3249=AXIS2_PLACEMENT_3D('',#5164,#3967,#3968);
#3250=AXIS2_PLACEMENT_3D('',#5167,#3969,#3970);
#3251=AXIS2_PLACEMENT_3D('',#5168,#3971,#3972);
#3252=AXIS2_PLACEMENT_3D('',#5185,#3973,#3974);
#3253=AXIS2_PLACEMENT_3D('',#5186,#3975,#3976);
#3254=AXIS2_PLACEMENT_3D('',#5188,#3978,#3979);
#3255=AXIS2_PLACEMENT_3D('',#5189,#3980,#3981);
#3256=AXIS2_PLACEMENT_3D('',#5190,#3982,#3983);
#3257=AXIS2_PLACEMENT_3D('',#5191,#3984,#3985);
#3258=AXIS2_PLACEMENT_3D('',#5192,#3986,#3987);
#3259=AXIS2_PLACEMENT_3D('',#5193,#3988,#3989);
#3260=AXIS2_PLACEMENT_3D('',#5194,#3990,#3991);
#3261=AXIS2_PLACEMENT_3D('',#5195,#3992,#3993);
#3262=AXIS2_PLACEMENT_3D('',#5197,#3995,#3996);
#3263=AXIS2_PLACEMENT_3D('',#5198,#3997,#3998);
#3264=AXIS2_PLACEMENT_3D('',#5199,#3999,#4000);
#3265=AXIS2_PLACEMENT_3D('',#5200,#4001,#4002);
#3266=AXIS2_PLACEMENT_3D('',#5201,#4003,#4004);
#3267=AXIS2_PLACEMENT_3D('',#5202,#4005,#4006);
#3268=AXIS2_PLACEMENT_3D('',#5203,#4007,#4008);
#3269=AXIS2_PLACEMENT_3D('',#5204,#4009,#4010);
#3270=AXIS2_PLACEMENT_3D('',#5206,#4012,#4013);
#3271=AXIS2_PLACEMENT_3D('',#5207,#4014,#4015);
#3272=AXIS2_PLACEMENT_3D('',#5208,#4016,#4017);
#3273=AXIS2_PLACEMENT_3D('',#5209,#4018,#4019);
#3274=AXIS2_PLACEMENT_3D('',#5210,#4020,#4021);
#3275=AXIS2_PLACEMENT_3D('',#5211,#4022,#4023);
#3276=AXIS2_PLACEMENT_3D('',#5212,#4024,#4025);
#3277=AXIS2_PLACEMENT_3D('',#5214,#4026,#4027);
#3278=AXIS2_PLACEMENT_3D('',#5216,#4029,#4030);
#3279=AXIS2_PLACEMENT_3D('',#5218,#4031,#4032);
#3280=AXIS2_PLACEMENT_3D('',#5235,#4033,#4034);
#3281=AXIS2_PLACEMENT_3D('',#5237,#4035,#4036);
#3282=AXIS2_PLACEMENT_3D('',#5238,#4037,#4038);
#3283=AXIS2_PLACEMENT_3D('',#5239,#4039,#4040);
#3284=AXIS2_PLACEMENT_3D('',#5241,#4041,#4042);
#3285=AXIS2_PLACEMENT_3D('',#5242,#4043,#4044);
#3286=AXIS2_PLACEMENT_3D('',#5243,#4045,#4046);
#3287=AXIS2_PLACEMENT_3D('',#5245,#4047,#4048);
#3288=AXIS2_PLACEMENT_3D('',#5262,#4049,#4050);
#3289=AXIS2_PLACEMENT_3D('',#5264,#4051,#4052);
#3290=AXIS2_PLACEMENT_3D('',#5265,#4053,#4054);
#3291=AXIS2_PLACEMENT_3D('',#5266,#4055,#4056);
#3292=AXIS2_PLACEMENT_3D('',#5268,#4057,#4058);
#3293=AXIS2_PLACEMENT_3D('',#5270,#4060,#4061);
#3294=AXIS2_PLACEMENT_3D('',#5271,#4062,#4063);
#3295=AXIS2_PLACEMENT_3D('',#5272,#4064,#4065);
#3296=AXIS2_PLACEMENT_3D('',#5273,#4066,#4067);
#3297=AXIS2_PLACEMENT_3D('',#5274,#4068,#4069);
#3298=AXIS2_PLACEMENT_3D('',#5275,#4070,#4071);
#3299=AXIS2_PLACEMENT_3D('',#5276,#4072,#4073);
#3300=AXIS2_PLACEMENT_3D('',#5277,#4074,#4075);
#3301=AXIS2_PLACEMENT_3D('',#5279,#4076,#4077);
#3302=AXIS2_PLACEMENT_3D('',#5281,#4079,#4080);
#3303=AXIS2_PLACEMENT_3D('',#5283,#4081,#4082);
#3304=AXIS2_PLACEMENT_3D('',#5284,#4083,#4084);
#3305=AXIS2_PLACEMENT_3D('',#5285,#4085,#4086);
#3306=AXIS2_PLACEMENT_3D('',#5287,#4087,#4088);
#3307=AXIS2_PLACEMENT_3D('',#5289,#4090,#4091);
#3308=AXIS2_PLACEMENT_3D('',#5291,#4092,#4093);
#3309=AXIS2_PLACEMENT_3D('',#5292,#4094,#4095);
#3310=AXIS2_PLACEMENT_3D('',#5293,#4096,#4097);
#3311=AXIS2_PLACEMENT_3D('',#5295,#4098,#4099);
#3312=AXIS2_PLACEMENT_3D('',#5297,#4101,#4102);
#3313=AXIS2_PLACEMENT_3D('',#5298,#4103,#4104);
#3314=AXIS2_PLACEMENT_3D('',#5299,#4105,#4106);
#3315=AXIS2_PLACEMENT_3D('',#5300,#4107,#4108);
#3316=AXIS2_PLACEMENT_3D('',#5301,#4109,#4110);
#3317=AXIS2_PLACEMENT_3D('',#5302,#4111,#4112);
#3318=AXIS2_PLACEMENT_3D('',#5303,#4113,#4114);
#3319=AXIS2_PLACEMENT_3D('',#5304,#4115,#4116);
#3320=AXIS2_PLACEMENT_3D('',#5306,#4117,#4118);
#3321=AXIS2_PLACEMENT_3D('',#5308,#4120,#4121);
#3322=AXIS2_PLACEMENT_3D('',#5309,#4122,#4123);
#3323=AXIS2_PLACEMENT_3D('',#5310,#4124,#4125);
#3324=AXIS2_PLACEMENT_3D('',#5312,#4126,#4127);
#3325=AXIS2_PLACEMENT_3D('',#5313,#4128,#4129);
#3326=AXIS2_PLACEMENT_3D('',#5314,#4130,#4131);
#3327=AXIS2_PLACEMENT_3D('',#5315,#4132,#4133);
#3328=AXIS2_PLACEMENT_3D('',#5316,#4134,#4135);
#3329=AXIS2_PLACEMENT_3D('',#5329,#4137,#4138);
#3330=AXIS2_PLACEMENT_3D('',#5331,#4140,#4141);
#3331=AXIS2_PLACEMENT_3D('',#5340,#4143,#4144);
#3332=AXIS2_PLACEMENT_3D('',#5347,#4145,#4146);
#3333=AXIS2_PLACEMENT_3D('',#5351,#4148,#4149);
#3334=AXIS2_PLACEMENT_3D('',#5360,#4150,#4151);
#3335=AXIS2_PLACEMENT_3D('',#5367,#4156,#4157);
#3336=AXIS2_PLACEMENT_3D('',#5380,#4159,#4160);
#3337=AXIS2_PLACEMENT_3D('',#5382,#4162,#4163);
#3338=AXIS2_PLACEMENT_3D('',#5385,#4165,#4166);
#3339=AXIS2_PLACEMENT_3D('',#5386,#4167,#4168);
#3340=AXIS2_PLACEMENT_3D('',#5390,#4170,#4171);
#3341=AXIS2_PLACEMENT_3D('',#5392,#4173,#4174);
#3342=AXIS2_PLACEMENT_3D('',#5401,#4176,#4177);
#3343=AXIS2_PLACEMENT_3D('',#5408,#4178,#4179);
#3344=AXIS2_PLACEMENT_3D('',#5410,#4181,#4182);
#3345=AXIS2_PLACEMENT_3D('',#5412,#4184,#4185);
#3346=AXIS2_PLACEMENT_3D('',#5428,#4189,#4190);
#3347=AXIS2_PLACEMENT_3D('',#5429,#4191,#4192);
#3348=AXIS2_PLACEMENT_3D('',#5435,#4196,#4197);
#3349=AXIS2_PLACEMENT_3D('',#5436,#4198,#4199);
#3350=AXIS2_PLACEMENT_3D('',#5438,#4200,#4201);
#3351=AXIS2_PLACEMENT_3D('',#5440,#4202,#4203);
#3352=AXIS2_PLACEMENT_3D('',#5441,#4204,#4205);
#3353=AXIS2_PLACEMENT_3D('',#5442,#4206,#4207);
#3354=AXIS2_PLACEMENT_3D('',#5444,#4208,#4209);
#3355=AXIS2_PLACEMENT_3D('',#5446,#4210,#4211);
#3356=AXIS2_PLACEMENT_3D('',#5447,#4212,#4213);
#3357=AXIS2_PLACEMENT_3D('',#5448,#4214,#4215);
#3358=AXIS2_PLACEMENT_3D('',#5450,#4217,#4218);
#3359=AXIS2_PLACEMENT_3D('',#5452,#4219,#4220);
#3360=AXIS2_PLACEMENT_3D('',#5454,#4222,#4223);
#3361=AXIS2_PLACEMENT_3D('',#5456,#4224,#4225);
#3362=AXIS2_PLACEMENT_3D('',#5457,#4226,#4227);
#3363=AXIS2_PLACEMENT_3D('',#5458,#4228,#4229);
#3364=AXIS2_PLACEMENT_3D('',#5460,#4230,#4231);
#3365=AXIS2_PLACEMENT_3D('',#5462,#4233,#4234);
#3366=AXIS2_PLACEMENT_3D('',#5464,#4235,#4236);
#3367=AXIS2_PLACEMENT_3D('',#5465,#4237,#4238);
#3368=AXIS2_PLACEMENT_3D('',#5466,#4239,#4240);
#3369=AXIS2_PLACEMENT_3D('',#5468,#4242,#4243);
#3370=AXIS2_PLACEMENT_3D('',#5469,#4244,#4245);
#3371=AXIS2_PLACEMENT_3D('',#5471,#4246,#4247);
#3372=AXIS2_PLACEMENT_3D('',#5473,#4248,#4249);
#3373=AXIS2_PLACEMENT_3D('',#5475,#4250,#4251);
#3374=AXIS2_PLACEMENT_3D('',#5476,#4252,#4253);
#3375=AXIS2_PLACEMENT_3D('',#5488,#4254,#4255);
#3376=AXIS2_PLACEMENT_3D('',#5489,#4256,#4257);
#3377=AXIS2_PLACEMENT_3D('',#5490,#4258,#4259);
#3378=AXIS2_PLACEMENT_3D('',#5491,#4260,#4261);
#3379=AXIS2_PLACEMENT_3D('',#5494,#4262,#4263);
#3380=AXIS2_PLACEMENT_3D('',#5495,#4264,#4265);
#3381=AXIS2_PLACEMENT_3D('',#5496,#4266,#4267);
#3382=AXIS2_PLACEMENT_3D('',#5508,#4268,#4269);
#3383=AXIS2_PLACEMENT_3D('',#5509,#4270,#4271);
#3384=AXIS2_PLACEMENT_3D('',#5510,#4272,#4273);
#3385=AXIS2_PLACEMENT_3D('',#5511,#4274,#4275);
#3386=AXIS2_PLACEMENT_3D('',#5513,#4276,#4277);
#3387=AXIS2_PLACEMENT_3D('',#5514,#4278,#4279);
#3388=AXIS2_PLACEMENT_3D('',#5524,#4280,#4281);
#3389=AXIS2_PLACEMENT_3D('',#5525,#4282,#4283);
#3390=AXIS2_PLACEMENT_3D('',#5526,#4284,#4285);
#3391=AXIS2_PLACEMENT_3D('',#5527,#4286,#4287);
#3392=AXIS2_PLACEMENT_3D('',#5529,#4288,#4289);
#3393=AXIS2_PLACEMENT_3D('',#5530,#4290,#4291);
#3394=AXIS2_PLACEMENT_3D('',#5531,#4292,#4293);
#3395=AXIS2_PLACEMENT_3D('',#5532,#4294,#4295);
#3396=AXIS2_PLACEMENT_3D('',#5534,#4296,#4297);
#3397=AXIS2_PLACEMENT_3D('',#5536,#4298,#4299);
#3398=AXIS2_PLACEMENT_3D('',#5538,#4300,#4301);
#3399=AXIS2_PLACEMENT_3D('',#5539,#4302,#4303);
#3400=AXIS2_PLACEMENT_3D('',#5551,#4304,#4305);
#3401=AXIS2_PLACEMENT_3D('',#5552,#4306,#4307);
#3402=AXIS2_PLACEMENT_3D('',#5553,#4308,#4309);
#3403=AXIS2_PLACEMENT_3D('',#5554,#4310,#4311);
#3404=AXIS2_PLACEMENT_3D('',#5557,#4312,#4313);
#3405=AXIS2_PLACEMENT_3D('',#5558,#4314,#4315);
#3406=AXIS2_PLACEMENT_3D('',#5559,#4316,#4317);
#3407=AXIS2_PLACEMENT_3D('',#5571,#4318,#4319);
#3408=AXIS2_PLACEMENT_3D('',#5572,#4320,#4321);
#3409=AXIS2_PLACEMENT_3D('',#5573,#4322,#4323);
#3410=AXIS2_PLACEMENT_3D('',#5574,#4324,#4325);
#3411=AXIS2_PLACEMENT_3D('',#5576,#4326,#4327);
#3412=AXIS2_PLACEMENT_3D('',#5577,#4328,#4329);
#3413=AXIS2_PLACEMENT_3D('',#5578,#4330,#4331);
#3414=AXIS2_PLACEMENT_3D('',#5579,#4332,#4333);
#3415=AXIS2_PLACEMENT_3D('',#5580,#4334,#4335);
#3416=AXIS2_PLACEMENT_3D('',#5581,#4336,#4337);
#3417=AXIS2_PLACEMENT_3D('',#5582,#4338,#4339);
#3418=AXIS2_PLACEMENT_3D('',#5583,#4340,#4341);
#3419=AXIS2_PLACEMENT_3D('',#5584,#4342,#4343);
#3420=AXIS2_PLACEMENT_3D('',#5586,#4345,#4346);
#3421=AXIS2_PLACEMENT_3D('',#5587,#4347,#4348);
#3422=AXIS2_PLACEMENT_3D('',#5588,#4349,#4350);
#3423=AXIS2_PLACEMENT_3D('',#5590,#4352,#4353);
#3424=AXIS2_PLACEMENT_3D('',#5592,#4355,#4356);
#3425=AXIS2_PLACEMENT_3D('',#5595,#4358,#4359);
#3426=AXIS2_PLACEMENT_3D('',#5596,#4360,#4361);
#3427=AXIS2_PLACEMENT_3D('',#5600,#4364,#4365);
#3428=AXIS2_PLACEMENT_3D('',#5604,#4368,#4369);
#3429=AXIS2_PLACEMENT_3D('',#5605,#4370,#4371);
#3430=AXIS2_PLACEMENT_3D('',#5606,#4372,#4373);
#3431=AXIS2_PLACEMENT_3D('',#5609,#4374,#4375);
#3432=AXIS2_PLACEMENT_3D('',#5610,#4376,#4377);
#3433=AXIS2_PLACEMENT_3D('',#5612,#4378,#4379);
#3434=AXIS2_PLACEMENT_3D('',#5613,#4380,#4381);
#3435=AXIS2_PLACEMENT_3D('',#5614,#4382,#4383);
#3436=AXIS2_PLACEMENT_3D('',#5616,#4384,#4385);
#3437=AXIS2_PLACEMENT_3D('',#5618,#4387,#4388);
#3438=AXIS2_PLACEMENT_3D('',#5621,#4389,#4390);
#3439=AXIS2_PLACEMENT_3D('',#5622,#4391,#4392);
#3440=AXIS2_PLACEMENT_3D('',#5623,#4393,#4394);
#3441=AXIS2_PLACEMENT_3D('',#5624,#4395,#4396);
#3442=AXIS2_PLACEMENT_3D('',#5627,#4397,#4398);
#3443=AXIS2_PLACEMENT_3D('',#5628,#4399,#4400);
#3444=AXIS2_PLACEMENT_3D('',#5629,#4401,#4402);
#3445=AXIS2_PLACEMENT_3D('',#5641,#4403,#4404);
#3446=AXIS2_PLACEMENT_3D('',#5642,#4405,#4406);
#3447=AXIS2_PLACEMENT_3D('',#5643,#4407,#4408);
#3448=AXIS2_PLACEMENT_3D('',#5644,#4409,#4410);
#3449=AXIS2_PLACEMENT_3D('',#5647,#4411,#4412);
#3450=AXIS2_PLACEMENT_3D('',#5648,#4413,#4414);
#3451=AXIS2_PLACEMENT_3D('',#5649,#4415,#4416);
#3452=AXIS2_PLACEMENT_3D('',#5661,#4417,#4418);
#3453=AXIS2_PLACEMENT_3D('',#5662,#4419,#4420);
#3454=AXIS2_PLACEMENT_3D('',#5663,#4421,#4422);
#3455=AXIS2_PLACEMENT_3D('',#5664,#4423,#4424);
#3456=AXIS2_PLACEMENT_3D('',#5667,#4425,#4426);
#3457=AXIS2_PLACEMENT_3D('',#5668,#4427,#4428);
#3458=AXIS2_PLACEMENT_3D('',#5669,#4429,#4430);
#3459=AXIS2_PLACEMENT_3D('',#5670,#4431,#4432);
#3460=AXIS2_PLACEMENT_3D('',#5673,#4433,#4434);
#3461=AXIS2_PLACEMENT_3D('',#5674,#4435,#4436);
#3462=AXIS2_PLACEMENT_3D('',#5675,#4437,#4438);
#3463=AXIS2_PLACEMENT_3D('',#5676,#4439,#4440);
#3464=AXIS2_PLACEMENT_3D('',#5679,#4441,#4442);
#3465=AXIS2_PLACEMENT_3D('',#5682,#4445,#4446);
#3466=AXIS2_PLACEMENT_3D('',#5685,#4447,#4448);
#3467=AXIS2_PLACEMENT_3D('',#5686,#4449,#4450);
#3468=AXIS2_PLACEMENT_3D('',#5687,#4451,#4452);
#3469=AXIS2_PLACEMENT_3D('',#5688,#4453,#4454);
#3470=AXIS2_PLACEMENT_3D('',#5691,#4455,#4456);
#3471=AXIS2_PLACEMENT_3D('',#5694,#4459,#4460);
#3472=AXIS2_PLACEMENT_3D('',#5697,#4461,#4462);
#3473=AXIS2_PLACEMENT_3D('',#5698,#4463,#4464);
#3474=AXIS2_PLACEMENT_3D('',#5699,#4465,#4466);
#3475=AXIS2_PLACEMENT_3D('',#5700,#4467,#4468);
#3476=AXIS2_PLACEMENT_3D('',#5703,#4469,#4470);
#3477=AXIS2_PLACEMENT_3D('',#5706,#4473,#4474);
#3478=AXIS2_PLACEMENT_3D('',#5709,#4475,#4476);
#3479=AXIS2_PLACEMENT_3D('',#5710,#4477,#4478);
#3480=AXIS2_PLACEMENT_3D('',#5711,#4479,#4480);
#3481=AXIS2_PLACEMENT_3D('',#5712,#4481,#4482);
#3482=AXIS2_PLACEMENT_3D('',#5715,#4483,#4484);
#3483=AXIS2_PLACEMENT_3D('',#5716,#4485,#4486);
#3484=AXIS2_PLACEMENT_3D('',#5717,#4487,#4488);
#3485=AXIS2_PLACEMENT_3D('',#5729,#4489,#4490);
#3486=AXIS2_PLACEMENT_3D('',#5730,#4491,#4492);
#3487=AXIS2_PLACEMENT_3D('',#5731,#4493,#4494);
#3488=AXIS2_PLACEMENT_3D('',#5732,#4495,#4496);
#3489=AXIS2_PLACEMENT_3D('',#5735,#4497,#4498);
#3490=AXIS2_PLACEMENT_3D('',#5736,#4499,#4500);
#3491=AXIS2_PLACEMENT_3D('',#5737,#4501,#4502);
#3492=AXIS2_PLACEMENT_3D('',#5749,#4503,#4504);
#3493=AXIS2_PLACEMENT_3D('',#5750,#4505,#4506);
#3494=AXIS2_PLACEMENT_3D('',#5751,#4507,#4508);
#3495=AXIS2_PLACEMENT_3D('',#5752,#4509,#4510);
#3496=AXIS2_PLACEMENT_3D('',#5753,#4511,#4512);
#3497=AXIS2_PLACEMENT_3D('',#5754,#4513,#4514);
#3498=AXIS2_PLACEMENT_3D('',#5755,#4515,#4516);
#3499=AXIS2_PLACEMENT_3D('',#5759,#4520,#4521);
#3500=AXIS2_PLACEMENT_3D('',#5761,#4523,#4524);
#3501=AXIS2_PLACEMENT_3D('',#5763,#4526,#4527);
#3502=AXIS2_PLACEMENT_3D('',#5765,#4529,#4530);
#3503=AXIS2_PLACEMENT_3D('',#5767,#4532,#4533);
#3504=AXIS2_PLACEMENT_3D('',#5769,#4535,#4536);
#3505=AXIS2_PLACEMENT_3D('',#5771,#4538,#4539);
#3506=AXIS2_PLACEMENT_3D('',#5772,#4540,#4541);
#3507=AXIS2_PLACEMENT_3D('',#5774,#4543,#4544);
#3508=AXIS2_PLACEMENT_3D('',#5779,#4546,#4547);
#3509=AXIS2_PLACEMENT_3D('',#5783,#4549,#4550);
#3510=AXIS2_PLACEMENT_3D('',#5787,#4552,#4553);
#3511=AXIS2_PLACEMENT_3D('',#5790,#4555,#4556);
#3512=AXIS2_PLACEMENT_3D('',#5791,#4557,#4558);
#3513=AXIS2_PLACEMENT_3D('',#5792,#4559,#4560);
#3514=AXIS2_PLACEMENT_3D('',#5793,#4561,#4562);
#3515=AXIS2_PLACEMENT_3D('',#5794,#4563,#4564);
#3516=AXIS2_PLACEMENT_3D('',#5795,#4565,#4566);
#3517=AXIS2_PLACEMENT_3D('',#5796,#4567,#4568);
#3518=AXIS2_PLACEMENT_3D('',#5797,#4569,#4570);
#3519=AXIS2_PLACEMENT_3D('',#5798,#4571,#4572);
#3520=AXIS2_PLACEMENT_3D('',#5799,#4573,#4574);
#3521=AXIS2_PLACEMENT_3D('',#5800,#4575,#4576);
#3522=AXIS2_PLACEMENT_3D('',#5801,#4577,#4578);
#3523=AXIS2_PLACEMENT_3D('',#5802,#4579,#4580);
#3524=AXIS2_PLACEMENT_3D('',#5803,#4581,#4582);
#3525=AXIS2_PLACEMENT_3D('',#5804,#4583,#4584);
#3526=AXIS2_PLACEMENT_3D('',#5805,#4585,#4586);
#3527=AXIS2_PLACEMENT_3D('',#5806,#4587,#4588);
#3528=AXIS2_PLACEMENT_3D('',#5807,#4589,#4590);
#3529=AXIS2_PLACEMENT_3D('',#5809,#4592,#4593);
#3530=AXIS2_PLACEMENT_3D('',#5812,#4596,#4597);
#3531=AXIS2_PLACEMENT_3D('',#5815,#4600,#4601);
#3532=AXIS2_PLACEMENT_3D('',#5817,#4603,#4604);
#3533=AXIS2_PLACEMENT_3D('',#5819,#4606,#4607);
#3534=AXIS2_PLACEMENT_3D('',#5821,#4609,#4610);
#3535=AXIS2_PLACEMENT_3D('',#5822,#4611,#4612);
#3536=AXIS2_PLACEMENT_3D('',#5824,#4614,#4615);
#3537=AXIS2_PLACEMENT_3D('',#5825,#4616,#4617);
#3538=AXIS2_PLACEMENT_3D('',#5826,#4618,#4619);
#3539=AXIS2_PLACEMENT_3D('',#5827,#4620,#4621);
#3540=AXIS2_PLACEMENT_3D('',#5828,#4622,#4623);
#3541=AXIS2_PLACEMENT_3D('',#5829,#4624,#4625);
#3542=DIRECTION('axis',(0.,0.,1.));
#3543=DIRECTION('refdir',(1.,0.,0.));
#3544=DIRECTION('axis',(0.,0.,1.));
#3545=DIRECTION('refdir',(1.,0.,0.));
#3546=DIRECTION('center_axis',(0.,-1.,0.));
#3547=DIRECTION('ref_axis',(-0.707106781186553,0.,-0.707106781186543));
#3548=DIRECTION('',(0.,-1.,0.));
#3549=DIRECTION('',(0.,1.,0.));
#3550=DIRECTION('center_axis',(1.,0.,0.));
#3551=DIRECTION('ref_axis',(0.,-0.707106781186553,-0.707106781186543));
#3552=DIRECTION('',(1.,0.,0.));
#3553=DIRECTION('',(-1.,0.,0.));
#3554=DIRECTION('center_axis',(1.,0.,0.));
#3555=DIRECTION('ref_axis',(0.,-0.707106781186553,-0.707106781186543));
#3556=DIRECTION('',(1.,0.,0.));
#3557=DIRECTION('',(-1.,0.,0.));
#3558=DIRECTION('center_axis',(1.92073414952537E-16,1.,0.));
#3559=DIRECTION('ref_axis',(-0.707106781186527,1.35816414198593E-16,-0.707106781186568));
#3560=DIRECTION('center_axis',(0.,1.,0.));
#3561=DIRECTION('ref_axis',(0.,0.,-1.));
#3562=DIRECTION('',(1.92073414952537E-16,1.,0.));
#3563=DIRECTION('center_axis',(2.49800180540657E-15,-1.,0.));
#3564=DIRECTION('ref_axis',(-1.,-2.49800180540657E-15,0.));
#3565=DIRECTION('',(-1.92073414952537E-16,-1.,0.));
#3566=DIRECTION('center_axis',(0.,0.,1.));
#3567=DIRECTION('ref_axis',(1.,0.,0.));
#3568=DIRECTION('center_axis',(1.,0.,0.));
#3569=DIRECTION('ref_axis',(0.,-1.,0.));
#3570=DIRECTION('center_axis',(0.,0.,-1.));
#3571=DIRECTION('ref_axis',(0.707106781186553,0.707106781186542,0.));
#3572=DIRECTION('center_axis',(0.,0.,1.));
#3573=DIRECTION('ref_axis',(0.707106781186553,0.707106781186542,0.));
#3574=DIRECTION('center_axis',(-1.,1.22464658788737E-16,0.));
#3575=DIRECTION('ref_axis',(-8.65955906852126E-17,-0.707106781186547,-0.707106781186548));
#3576=DIRECTION('center_axis',(1.,-6.10622663543837E-15,0.));
#3577=DIRECTION('ref_axis',(-6.10622663543837E-15,-1.,0.));
#3578=DIRECTION('',(1.,-1.22464658788737E-16,0.));
#3579=DIRECTION('',(-1.,1.22464658788737E-16,0.));
#3580=DIRECTION('center_axis',(0.,0.,1.));
#3581=DIRECTION('ref_axis',(1.,0.,0.));
#3582=DIRECTION('center_axis',(5.55111512312579E-16,1.,0.));
#3583=DIRECTION('ref_axis',(1.,-5.55111512312579E-16,0.));
#3584=DIRECTION('center_axis',(0.,0.,-1.));
#3585=DIRECTION('ref_axis',(-0.707106781186547,0.707106781186548,0.));
#3586=DIRECTION('center_axis',(0.,0.,1.));
#3587=DIRECTION('ref_axis',(-0.707106781186547,0.707106781186548,0.));
#3588=DIRECTION('center_axis',(-1.22464658788737E-16,-1.,0.));
#3589=DIRECTION('ref_axis',(0.707106781186548,-8.65955906852127E-17,-0.707106781186547));
#3590=DIRECTION('center_axis',(0.,1.,0.));
#3591=DIRECTION('ref_axis',(1.,0.,0.));
#3592=DIRECTION('',(1.22464658788737E-16,1.,0.));
#3593=DIRECTION('',(-1.22464658788737E-16,-1.,0.));
#3594=DIRECTION('center_axis',(0.,0.,1.));
#3595=DIRECTION('ref_axis',(1.,0.,0.));
#3596=DIRECTION('center_axis',(0.,0.,-1.));
#3597=DIRECTION('ref_axis',(-0.707106781186548,-0.707106781186547,0.));
#3598=DIRECTION('center_axis',(0.,0.,1.));
#3599=DIRECTION('ref_axis',(-0.707106781186548,-0.707106781186547,0.));
#3600=DIRECTION('center_axis',(-1.,-2.77555756156285E-16,0.));
#3601=DIRECTION('ref_axis',(-2.77555756156285E-16,1.,0.));
#3602=DIRECTION('center_axis',(0.,0.,-1.));
#3603=DIRECTION('ref_axis',(-0.707106781186548,-0.707106781186547,0.));
#3604=DIRECTION('center_axis',(1.,-1.22464658788737E-16,0.));
#3605=DIRECTION('ref_axis',(8.65955906852133E-17,0.707106781186553,-0.707106781186543));
#3606=DIRECTION('center_axis',(-1.,0.,0.));
#3607=DIRECTION('ref_axis',(0.,1.,0.));
#3608=DIRECTION('',(-1.,1.22464658788737E-16,0.));
#3609=DIRECTION('',(1.,-1.22464658788737E-16,0.));
#3610=DIRECTION('center_axis',(0.,0.,1.));
#3611=DIRECTION('ref_axis',(1.,0.,0.));
#3612=DIRECTION('center_axis',(0.,0.,-1.));
#3613=DIRECTION('ref_axis',(0.707106781186541,-0.707106781186554,0.));
#3614=DIRECTION('center_axis',(0.,0.,1.));
#3615=DIRECTION('ref_axis',(0.707106781186541,-0.707106781186554,0.));
#3616=DIRECTION('center_axis',(0.,0.,-1.));
#3617=DIRECTION('ref_axis',(0.707106781186541,-0.707106781186554,0.));
#3618=DIRECTION('center_axis',(0.,0.,1.));
#3619=DIRECTION('ref_axis',(-1.,1.22464658788737E-16,0.));
#3620=DIRECTION('center_axis',(0.,0.,1.));
#3621=DIRECTION('ref_axis',(0.912419460878238,0.40925631016597,0.));
#3622=DIRECTION('center_axis',(0.,0.,-1.));
#3623=DIRECTION('ref_axis',(-1.,0.,0.));
#3624=DIRECTION('',(6.05157610038523E-18,1.,0.));
#3625=DIRECTION('center_axis',(0.,0.,-1.));
#3626=DIRECTION('ref_axis',(2.77555756156289E-16,1.,0.));
#3627=DIRECTION('',(1.,1.96464868096796E-17,0.));
#3628=DIRECTION('center_axis',(0.,0.,-1.));
#3629=DIRECTION('ref_axis',(1.,-1.38777878078145E-15,0.));
#3630=DIRECTION('',(0.,-1.,0.));
#3631=DIRECTION('center_axis',(0.,0.,-1.));
#3632=DIRECTION('ref_axis',(0.409254087935919,-0.912420457633288,0.));
#3633=DIRECTION('center_axis',(0.,0.,1.));
#3634=DIRECTION('ref_axis',(-0.409254087937328,0.912420457632656,0.));
#3635=DIRECTION('center_axis',(0.,0.,1.));
#3636=DIRECTION('ref_axis',(-1.,1.22464658788737E-16,0.));
#3637=DIRECTION('center_axis',(0.,0.,1.));
#3638=DIRECTION('ref_axis',(-0.409254087937328,0.912420457632656,0.));
#3639=DIRECTION('center_axis',(0.,0.,-1.));
#3640=DIRECTION('ref_axis',(-2.2920733411617E-14,-1.,0.));
#3641=DIRECTION('',(-1.,0.,0.));
#3642=DIRECTION('center_axis',(0.,0.,-1.));
#3643=DIRECTION('ref_axis',(-0.912419460880137,-0.409256310161737,0.));
#3644=DIRECTION('center_axis',(0.,0.,1.));
#3645=DIRECTION('ref_axis',(0.912419460878238,0.40925631016597,0.));
#3646=DIRECTION('center_axis',(0.,0.,1.));
#3647=DIRECTION('ref_axis',(-0.707106781186546,0.707106781186549,0.));
#3648=DIRECTION('',(0.,0.,1.));
#3649=DIRECTION('center_axis',(0.,0.,-1.));
#3650=DIRECTION('ref_axis',(-0.707106781186547,0.707106781186547,0.));
#3651=DIRECTION('',(0.,0.,-1.));
#3652=DIRECTION('center_axis',(-1.22464658788737E-16,-1.,0.));
#3653=DIRECTION('ref_axis',(1.,-1.22464658788737E-16,0.));
#3654=DIRECTION('',(0.,0.,-1.));
#3655=DIRECTION('',(1.,-1.22464658788737E-16,0.));
#3656=DIRECTION('center_axis',(0.,0.,-1.));
#3657=DIRECTION('ref_axis',(0.707106781186558,0.707106781186537,0.));
#3658=DIRECTION('',(0.,0.,1.));
#3659=DIRECTION('center_axis',(0.,0.,-1.));
#3660=DIRECTION('ref_axis',(0.707106781186553,0.707106781186543,0.));
#3661=DIRECTION('center_axis',(-1.,1.92073414952537E-16,0.));
#3662=DIRECTION('ref_axis',(-1.92073414952537E-16,-1.,0.));
#3663=DIRECTION('',(0.,0.,-1.));
#3664=DIRECTION('',(-1.92073414952537E-16,-1.,0.));
#3665=DIRECTION('center_axis',(0.,0.,1.));
#3666=DIRECTION('ref_axis',(2.77555756156289E-16,1.,0.));
#3667=DIRECTION('',(0.,0.,1.));
#3668=DIRECTION('center_axis',(0.,0.,1.));
#3669=DIRECTION('ref_axis',(2.77555756156289E-16,1.,0.));
#3670=DIRECTION('',(0.,0.,1.));
#3671=DIRECTION('center_axis',(1.96464868096796E-17,-1.,0.));
#3672=DIRECTION('ref_axis',(1.,1.96464868096796E-17,0.));
#3673=DIRECTION('',(-1.,-1.96464868096796E-17,0.));
#3674=DIRECTION('',(0.,0.,1.));
#3675=DIRECTION('center_axis',(0.,0.,1.));
#3676=DIRECTION('ref_axis',(1.,-1.38777878078145E-15,0.));
#3677=DIRECTION('center_axis',(0.,0.,1.));
#3678=DIRECTION('ref_axis',(1.,-1.38777878078145E-15,0.));
#3679=DIRECTION('',(0.,0.,1.));
#3680=DIRECTION('center_axis',(-1.,0.,0.));
#3681=DIRECTION('ref_axis',(0.,-1.,0.));
#3682=DIRECTION('',(0.,1.,0.));
#3683=DIRECTION('',(0.,0.,1.));
#3684=DIRECTION('center_axis',(0.,0.,1.));
#3685=DIRECTION('ref_axis',(-2.2920733411617E-14,-1.,0.));
#3686=DIRECTION('',(0.,0.,1.));
#3687=DIRECTION('center_axis',(0.,0.,1.));
#3688=DIRECTION('ref_axis',(-2.2920733411617E-14,-1.,0.));
#3689=DIRECTION('',(0.,0.,1.));
#3690=DIRECTION('center_axis',(0.,0.,1.));
#3691=DIRECTION('ref_axis',(-0.409254087937328,0.912420457632656,0.));
#3692=DIRECTION('',(0.,0.,1.));
#3693=DIRECTION('center_axis',(0.,0.,-1.));
#3694=DIRECTION('ref_axis',(-0.409254087937328,0.912420457632656,0.));
#3695=DIRECTION('center_axis',(0.,0.,1.));
#3696=DIRECTION('ref_axis',(0.409254087935919,-0.912420457633288,0.));
#3697=DIRECTION('center_axis',(0.,0.,1.));
#3698=DIRECTION('ref_axis',(0.409254087935919,-0.912420457633288,0.));
#3699=DIRECTION('center_axis',(0.,1.,0.));
#3700=DIRECTION('ref_axis',(-1.,0.,0.));
#3701=DIRECTION('',(1.,0.,0.));
#3702=DIRECTION('',(0.,0.,1.));
#3703=DIRECTION('center_axis',(1.,-6.05157610038523E-18,0.));
#3704=DIRECTION('ref_axis',(6.05157610038523E-18,1.,0.));
#3705=DIRECTION('',(0.,0.,1.));
#3706=DIRECTION('',(-6.05157610038523E-18,-1.,0.));
#3707=DIRECTION('center_axis',(0.,0.,1.));
#3708=DIRECTION('ref_axis',(-1.,0.,0.));
#3709=DIRECTION('',(0.,0.,1.));
#3710=DIRECTION('center_axis',(0.,0.,1.));
#3711=DIRECTION('ref_axis',(-1.,0.,0.));
#3712=DIRECTION('center_axis',(0.,0.,1.));
#3713=DIRECTION('ref_axis',(-0.912419460880137,-0.409256310161737,0.));
#3714=DIRECTION('center_axis',(0.,0.,1.));
#3715=DIRECTION('ref_axis',(-0.912419460880137,-0.409256310161737,0.));
#3716=DIRECTION('',(0.,0.,1.));
#3717=DIRECTION('center_axis',(0.,0.,1.));
#3718=DIRECTION('ref_axis',(0.912419460878238,0.40925631016597,0.));
#3719=DIRECTION('center_axis',(0.,0.,-1.));
#3720=DIRECTION('ref_axis',(0.912419460878238,0.40925631016597,0.));
#3721=DIRECTION('center_axis',(0.,0.,1.));
#3722=DIRECTION('ref_axis',(0.998855677966756,0.0478260869565264,0.));
#3723=DIRECTION('center_axis',(0.,0.,-1.));
#3724=DIRECTION('ref_axis',(0.998855677966756,0.0478260869565264,0.));
#3725=DIRECTION('',(0.,0.,1.));
#3726=DIRECTION('center_axis',(7.17464813734306E-43,5.29395592033938E-23,
1.));
#3727=DIRECTION('ref_axis',(1.70824955651026E-43,1.,-5.29395592033938E-23));
#3728=DIRECTION('',(0.,0.,1.));
#3729=DIRECTION('center_axis',(0.,0.,1.));
#3730=DIRECTION('ref_axis',(-0.998855677966756,-0.0478260869565194,0.));
#3731=DIRECTION('center_axis',(0.,0.,1.));
#3732=DIRECTION('ref_axis',(-0.998855677966756,-0.0478260869565194,0.));
#3733=DIRECTION('center_axis',(-7.17464813734306E-43,-5.29395592033938E-23,
-1.));
#3734=DIRECTION('ref_axis',(-0.689990548139425,-0.723818377411251,3.83186258434674E-23));
#3735=DIRECTION('',(0.,0.,-1.));
#3736=DIRECTION('center_axis',(0.,0.,1.));
#3737=DIRECTION('ref_axis',(0.,-1.,0.));
#3738=DIRECTION('',(0.,0.,-1.));
#3739=DIRECTION('center_axis',(-7.17464813734306E-43,-5.29395592033938E-23,
-1.));
#3740=DIRECTION('ref_axis',(0.689990548139418,-0.723818377411257,3.83186258434677E-23));
#3741=DIRECTION('center_axis',(0.,0.,1.));
#3742=DIRECTION('ref_axis',(0.,-1.,0.));
#3743=DIRECTION('center_axis',(0.,0.,1.));
#3744=DIRECTION('ref_axis',(-0.998855677966756,-0.0478260869565064,0.));
#3745=DIRECTION('center_axis',(0.,0.,1.));
#3746=DIRECTION('ref_axis',(-0.998855677966756,-0.0478260869565064,0.));
#3747=DIRECTION('',(0.,0.,1.));
#3748=DIRECTION('center_axis',(-7.17464813734306E-43,-5.29395592033938E-23,
-1.));
#3749=DIRECTION('ref_axis',(-0.68999054813943,-0.723818377411246,3.83186258434671E-23));
#3750=DIRECTION('',(0.,0.,1.));
#3751=DIRECTION('center_axis',(0.,0.,1.));
#3752=DIRECTION('ref_axis',(0.998855677966756,0.0478260869565261,0.));
#3753=DIRECTION('center_axis',(0.,0.,-1.));
#3754=DIRECTION('ref_axis',(0.998855677966756,0.0478260869565261,0.));
#3755=DIRECTION('',(0.,0.,1.));
#3756=DIRECTION('center_axis',(7.17464813734306E-43,5.29395592033938E-23,
1.));
#3757=DIRECTION('ref_axis',(-4.22942104619109E-15,1.,-5.29395592033938E-23));
#3758=DIRECTION('center_axis',(0.,0.,1.));
#3759=DIRECTION('ref_axis',(3.28954970259306E-15,-1.,0.));
#3760=DIRECTION('',(0.,0.,-1.));
#3761=DIRECTION('center_axis',(-7.17464813734306E-43,-5.29395592033938E-23,
-1.));
#3762=DIRECTION('ref_axis',(0.689990548139423,-0.723818377411252,3.83186258434674E-23));
#3763=DIRECTION('center_axis',(0.,0.,1.));
#3764=DIRECTION('ref_axis',(3.28954970259306E-15,-1.,0.));
#3765=DIRECTION('center_axis',(0.,0.,1.));
#3766=DIRECTION('ref_axis',(-1.,0.,0.));
#3767=DIRECTION('',(0.,0.,1.));
#3768=DIRECTION('',(0.,1.,0.));
#3769=DIRECTION('',(0.,0.,1.));
#3770=DIRECTION('center_axis',(-7.17464813734306E-43,-5.29395592033938E-23,
-1.));
#3771=DIRECTION('ref_axis',(-0.703510864331094,-0.710684503678051,3.76233243573987E-23));
#3772=DIRECTION('',(0.,0.,1.));
#3773=DIRECTION('center_axis',(0.,0.,1.));
#3774=DIRECTION('ref_axis',(-1.,0.,0.));
#3775=DIRECTION('center_axis',(0.,0.,1.));
#3776=DIRECTION('ref_axis',(1.,-1.1420262883514E-15,0.));
#3777=DIRECTION('center_axis',(0.,0.,-1.));
#3778=DIRECTION('ref_axis',(-0.0101449275362328,-0.99994853889852,0.));
#3779=DIRECTION('center_axis',(7.17464813734306E-43,5.29395592033938E-23,
1.));
#3780=DIRECTION('ref_axis',(1.,1.2604656953189E-23,-7.18132098717318E-43));
#3781=DIRECTION('',(0.,0.,-1.));
#3782=DIRECTION('center_axis',(0.,0.,1.));
#3783=DIRECTION('ref_axis',(-1.,1.2597396670784E-16,0.));
#3784=DIRECTION('center_axis',(0.,0.,-1.));
#3785=DIRECTION('ref_axis',(0.0101449275362429,0.99994853889852,0.));
#3786=DIRECTION('',(0.,0.,1.));
#3787=DIRECTION('center_axis',(7.17464813734306E-43,5.29395592033938E-23,
1.));
#3788=DIRECTION('ref_axis',(-1.,1.26046569531889E-23,7.16797528751294E-43));
#3789=DIRECTION('',(0.,0.,-1.));
#3790=DIRECTION('center_axis',(0.,0.,1.));
#3791=DIRECTION('ref_axis',(1.,0.,0.));
#3792=DIRECTION('',(0.,0.,1.));
#3793=DIRECTION('',(0.,-1.,0.));
#3794=DIRECTION('',(0.,0.,1.));
#3795=DIRECTION('center_axis',(-7.17464813734306E-43,-5.29395592033938E-23,
-1.));
#3796=DIRECTION('ref_axis',(0.703510864331091,0.710684503678053,-3.76233243573988E-23));
#3797=DIRECTION('center_axis',(0.,0.,1.));
#3798=DIRECTION('ref_axis',(1.,0.,0.));
#3799=DIRECTION('center_axis',(0.,0.,1.));
#3800=DIRECTION('ref_axis',(-0.998855677966755,-0.0478260869565338,0.));
#3801=DIRECTION('center_axis',(0.,0.,1.));
#3802=DIRECTION('ref_axis',(-0.998855677966755,-0.0478260869565338,0.));
#3803=DIRECTION('',(0.,0.,1.));
#3804=DIRECTION('center_axis',(-7.17464813734306E-43,-5.29395592033938E-23,
-1.));
#3805=DIRECTION('ref_axis',(-0.689990548139418,-0.723818377411258,3.83186258434677E-23));
#3806=DIRECTION('',(0.,0.,-1.));
#3807=DIRECTION('center_axis',(0.,0.,1.));
#3808=DIRECTION('ref_axis',(0.,-1.,0.));
#3809=DIRECTION('',(0.,0.,-1.));
#3810=DIRECTION('center_axis',(-7.17464813734306E-43,-5.29395592033938E-23,
-1.));
#3811=DIRECTION('ref_axis',(0.689990548139405,-0.72381837741127,3.83186258434684E-23));
#3812=DIRECTION('',(0.,0.,1.));
#3813=DIRECTION('center_axis',(0.,0.,1.));
#3814=DIRECTION('ref_axis',(0.,-1.,0.));
#3815=DIRECTION('center_axis',(0.,0.,1.));
#3816=DIRECTION('ref_axis',(0.998855677966756,0.047826086956526,0.));
#3817=DIRECTION('center_axis',(0.,0.,-1.));
#3818=DIRECTION('ref_axis',(0.998855677966756,0.047826086956526,0.));
#3819=DIRECTION('center_axis',(7.17464813734306E-43,5.29395592033938E-23,
1.));
#3820=DIRECTION('ref_axis',(1.70824955651025E-43,1.,-5.29395592033938E-23));
#3821=DIRECTION('center_axis',(1.,-1.35525271560688E-20,0.));
#3822=DIRECTION('ref_axis',(9.58308385427116E-21,0.707106781186553,-0.707106781186542));
#3823=DIRECTION('center_axis',(1.,0.,0.));
#3824=DIRECTION('ref_axis',(0.,0.,-1.));
#3825=DIRECTION('',(1.,-1.35525271560688E-20,0.));
#3826=DIRECTION('center_axis',(-1.,0.,0.));
#3827=DIRECTION('ref_axis',(0.,1.,0.));
#3828=DIRECTION('',(-1.,1.35525271560688E-20,0.));
#3829=DIRECTION('center_axis',(7.17464813734306E-43,5.29395592033938E-23,
1.));
#3830=DIRECTION('ref_axis',(1.,0.,0.));
#3831=DIRECTION('center_axis',(0.,-1.,0.));
#3832=DIRECTION('ref_axis',(-1.,0.,0.));
#3833=DIRECTION('center_axis',(-7.17464813734306E-43,-5.29395592033938E-23,
-1.));
#3834=DIRECTION('ref_axis',(0.707106781186556,-0.707106781186539,3.7433921305746E-23));
#3835=DIRECTION('center_axis',(7.17464813734306E-43,5.29395592033938E-23,
1.));
#3836=DIRECTION('ref_axis',(0.707106781186556,-0.707106781186539,3.7433921305746E-23));
#3837=DIRECTION('center_axis',(2.39244418457826E-17,1.,-5.29395592033938E-23));
#3838=DIRECTION('ref_axis',(-0.707106781186528,1.69170976313343E-17,-0.707106781186567));
#3839=DIRECTION('center_axis',(2.77555756156285E-16,-1.,0.));
#3840=DIRECTION('ref_axis',(-1.,-2.77555756156285E-16,0.));
#3841=DIRECTION('',(-2.39244418457826E-17,-1.,5.29395592033938E-23));
#3842=DIRECTION('',(2.39244418457826E-17,1.,-5.29395592033938E-23));
#3843=DIRECTION('center_axis',(7.17464813734306E-43,5.29395592033938E-23,
1.));
#3844=DIRECTION('ref_axis',(1.,0.,0.));
#3845=DIRECTION('center_axis',(1.,0.,0.));
#3846=DIRECTION('ref_axis',(0.,-1.,0.));
#3847=DIRECTION('center_axis',(-7.17464813734306E-43,-5.29395592033938E-23,
-1.));
#3848=DIRECTION('ref_axis',(0.707106781186538,0.707106781186557,-3.7433921305747E-23));
#3849=DIRECTION('center_axis',(7.17464813734306E-43,5.29395592033938E-23,
1.));
#3850=DIRECTION('ref_axis',(0.707106781186538,0.707106781186557,-3.7433921305747E-23));
#3851=DIRECTION('center_axis',(-1.,5.01777252145144E-19,-2.58464017331198E-41));
#3852=DIRECTION('ref_axis',(-3.54810097636984E-19,-0.707106781186548,-0.707106781186547));
#3853=DIRECTION('center_axis',(1.,0.,0.));
#3854=DIRECTION('ref_axis',(0.,-1.,0.));
#3855=DIRECTION('',(1.,-5.01777252145144E-19,2.58464017331198E-41));
#3856=DIRECTION('',(-1.,5.01777252145144E-19,-2.58464017331198E-41));
#3857=DIRECTION('center_axis',(7.17464813734306E-43,5.29395592033938E-23,
1.));
#3858=DIRECTION('ref_axis',(1.,0.,0.));
#3859=DIRECTION('center_axis',(6.32827124036321E-14,1.,0.));
#3860=DIRECTION('ref_axis',(1.,-6.32827124036321E-14,0.));
#3861=DIRECTION('center_axis',(-7.17464813734306E-43,-5.29395592033938E-23,
-1.));
#3862=DIRECTION('ref_axis',(-0.707106781186525,0.70710678118657,-3.74339213057476E-23));
#3863=DIRECTION('center_axis',(7.17464813734306E-43,5.29395592033938E-23,
1.));
#3864=DIRECTION('ref_axis',(-0.707106781186525,0.70710678118657,-3.74339213057477E-23));
#3865=DIRECTION('center_axis',(-1.35525271560688E-20,-1.,5.29395592033938E-23));
#3866=DIRECTION('ref_axis',(0.707106781186547,-9.62051777557682E-21,-0.707106781186548));
#3867=DIRECTION('center_axis',(0.,1.,0.));
#3868=DIRECTION('ref_axis',(1.,0.,0.));
#3869=DIRECTION('',(1.35525271560688E-20,1.,-5.29395592033938E-23));
#3870=DIRECTION('',(-1.35525271560688E-20,-1.,5.29395592033938E-23));
#3871=DIRECTION('center_axis',(7.17464813734306E-43,5.29395592033938E-23,
1.));
#3872=DIRECTION('ref_axis',(1.,0.,0.));
#3873=DIRECTION('center_axis',(-7.17464813734306E-43,-5.29395592033938E-23,
-1.));
#3874=DIRECTION('ref_axis',(-0.707106781186545,-0.70710678118655,3.74339213057466E-23));
#3875=DIRECTION('center_axis',(7.17464813734306E-43,5.29395592033938E-23,
1.));
#3876=DIRECTION('ref_axis',(-0.707106781186545,-0.70710678118655,3.74339213057466E-23));
#3877=DIRECTION('center_axis',(7.17464813734306E-43,5.29395592033938E-23,
1.));
#3878=DIRECTION('ref_axis',(1.,9.43688215678664E-15,-4.99585099099471E-37));
#3879=DIRECTION('',(7.17464813734306E-43,5.29395592033938E-23,1.));
#3880=DIRECTION('center_axis',(-7.17464813734306E-43,-5.29395592033938E-23,
-1.));
#3881=DIRECTION('ref_axis',(0.707106781186538,0.707106781186557,-3.7433921305747E-23));
#3882=DIRECTION('',(7.17464813734306E-43,5.29395592033938E-23,1.));
#3883=DIRECTION('center_axis',(-1.,2.39244418457826E-17,-1.26583194068922E-39));
#3884=DIRECTION('ref_axis',(-2.39244418457826E-17,-1.,5.29395592033938E-23));
#3885=DIRECTION('',(-7.17464813734306E-43,-5.29395592033938E-23,-1.));
#3886=DIRECTION('',(-2.39244418457826E-17,-1.,5.29395592033938E-23));
#3887=DIRECTION('center_axis',(7.17464813734306E-43,5.29395592033938E-23,
1.));
#3888=DIRECTION('ref_axis',(0.70710678118656,-0.707106781186535,3.74339213057458E-23));
#3889=DIRECTION('',(7.17464813734306E-43,5.29395592033938E-23,1.));
#3890=DIRECTION('center_axis',(0.,0.,-1.));
#3891=DIRECTION('ref_axis',(0.,-1.,0.));
#3892=DIRECTION('center_axis',(1.35525271560688E-20,1.,-5.29395592033938E-23));
#3893=DIRECTION('ref_axis',(-1.,1.35525271560688E-20,0.));
#3894=DIRECTION('',(-7.17464813734306E-43,-5.29395592033938E-23,-1.));
#3895=DIRECTION('',(-1.,1.35525271560688E-20,0.));
#3896=DIRECTION('center_axis',(7.17464813734306E-43,5.29395592033938E-23,
1.));
#3897=DIRECTION('ref_axis',(-1.,1.35525271560688E-20,-3.1861838222649E-58));
#3898=DIRECTION('center_axis',(7.17464813734306E-43,5.29395592033938E-23,
1.));
#3899=DIRECTION('ref_axis',(0.674592118683621,-0.738190675510023,3.90794889695561E-23));
#3900=DIRECTION('',(1.,0.,-7.17464813734306E-43));
#3901=DIRECTION('center_axis',(7.17464813734306E-43,5.29395592033938E-23,
1.));
#3902=DIRECTION('ref_axis',(-0.689990548139418,-0.723818377411258,3.83186258434677E-23));
#3903=DIRECTION('center_axis',(-7.17464813734306E-43,-5.29395592033938E-23,
-1.));
#3904=DIRECTION('ref_axis',(1.70824955651025E-43,1.,-5.29395592033938E-23));
#3905=DIRECTION('center_axis',(7.17464813734306E-43,5.29395592033938E-23,
1.));
#3906=DIRECTION('ref_axis',(0.689990548139405,-0.72381837741127,3.83186258434684E-23));
#3907=DIRECTION('',(1.,0.,-7.17464813734306E-43));
#3908=DIRECTION('center_axis',(7.17464813734306E-43,5.29395592033938E-23,
1.));
#3909=DIRECTION('ref_axis',(-0.689990548139425,-0.723818377411251,3.83186258434674E-23));
#3910=DIRECTION('center_axis',(-7.17464813734306E-43,-5.29395592033938E-23,
-1.));
#3911=DIRECTION('ref_axis',(1.70824955651026E-43,1.,-5.29395592033938E-23));
#3912=DIRECTION('center_axis',(7.17464813734306E-43,5.29395592033938E-23,
1.));
#3913=DIRECTION('ref_axis',(0.689990548139418,-0.723818377411257,3.83186258434677E-23));
#3914=DIRECTION('',(1.,0.,-7.17464813734306E-43));
#3915=DIRECTION('center_axis',(7.17464813734306E-43,5.29395592033938E-23,
1.));
#3916=DIRECTION('ref_axis',(-0.68999054813943,-0.723818377411246,3.83186258434671E-23));
#3917=DIRECTION('center_axis',(-7.17464813734306E-43,-5.29395592033938E-23,
-1.));
#3918=DIRECTION('ref_axis',(-4.22942104619109E-15,1.,-5.29395592033938E-23));
#3919=DIRECTION('center_axis',(7.17464813734306E-43,5.29395592033938E-23,
1.));
#3920=DIRECTION('ref_axis',(0.689990548139423,-0.723818377411252,3.83186258434674E-23));
#3921=DIRECTION('',(1.,0.,-7.17464813734306E-43));
#3922=DIRECTION('center_axis',(7.17464813734306E-43,5.29395592033938E-23,
1.));
#3923=DIRECTION('ref_axis',(-0.674592118683331,-0.738190675510287,3.90794889695701E-23));
#3924=DIRECTION('center_axis',(7.17464813734306E-43,5.29395592033938E-23,
1.));
#3925=DIRECTION('ref_axis',(-0.991702359612019,0.128555163023325,-6.80565366377526E-24));
#3926=DIRECTION('center_axis',(-7.17464813734306E-43,-5.29395592033938E-23,
-1.));
#3927=DIRECTION('ref_axis',(0.693516019728835,0.72044120535924,-3.81398398436799E-23));
#3928=DIRECTION('center_axis',(7.17464813734306E-43,5.29395592033938E-23,
1.));
#3929=DIRECTION('ref_axis',(0.166212374013395,-0.986089979020592,5.2203168824234E-23));
#3930=DIRECTION('center_axis',(7.17464813734306E-43,5.29395592033938E-23,
1.));
#3931=DIRECTION('ref_axis',(-0.725192731852668,-0.688545932867274,3.64513181772831E-23));
#3932=DIRECTION('',(0.,-1.,5.29395592033938E-23));
#3933=DIRECTION('center_axis',(7.17464813734306E-43,5.29395592033938E-23,
1.));
#3934=DIRECTION('ref_axis',(-0.703510864331093,0.710684503678051,-3.76233243573987E-23));
#3935=DIRECTION('center_axis',(-7.17464813734306E-43,-5.29395592033938E-23,
-1.));
#3936=DIRECTION('ref_axis',(1.,1.2604656953189E-23,-7.18132098717318E-43));
#3937=DIRECTION('center_axis',(7.17464813734306E-43,5.29395592033938E-23,
1.));
#3938=DIRECTION('ref_axis',(-0.703510864331094,-0.710684503678051,3.76233243573987E-23));
#3939=DIRECTION('',(0.,-1.,5.29395592033938E-23));
#3940=DIRECTION('center_axis',(7.17464813734306E-43,5.29395592033938E-23,
1.));
#3941=DIRECTION('ref_axis',(-0.707106781186546,0.707106781186549,-3.74339213057465E-23));
#3942=DIRECTION('',(-1.,0.,7.17464813734306E-43));
#3943=DIRECTION('center_axis',(7.17464813734306E-43,5.29395592033938E-23,
1.));
#3944=DIRECTION('ref_axis',(0.707106781186545,0.70710678118655,-3.74339213057466E-23));
#3945=DIRECTION('',(0.,1.,-5.29395592033938E-23));
#3946=DIRECTION('center_axis',(7.17464813734306E-43,5.29395592033938E-23,
1.));
#3947=DIRECTION('ref_axis',(0.703510864331095,-0.71068450367805,3.76233243573987E-23));
#3948=DIRECTION('center_axis',(-7.17464813734306E-43,-5.29395592033938E-23,
-1.));
#3949=DIRECTION('ref_axis',(-1.,1.26046569531889E-23,7.16797528751294E-43));
#3950=DIRECTION('center_axis',(7.17464813734306E-43,5.29395592033938E-23,
1.));
#3951=DIRECTION('ref_axis',(0.703510864331091,0.710684503678053,-3.76233243573988E-23));
#3952=DIRECTION('',(0.,1.,-5.29395592033938E-23));
#3953=DIRECTION('center_axis',(7.17464813734306E-43,5.29395592033938E-23,
1.));
#3954=DIRECTION('ref_axis',(0.725192731845602,-0.688545932874716,3.6451318177677E-23));
#3955=DIRECTION('center_axis',(7.17464813734306E-43,5.29395592033938E-23,
1.));
#3956=DIRECTION('ref_axis',(-0.166212374011571,-0.986089979020899,5.22031688242502E-23));
#3957=DIRECTION('center_axis',(-7.17464813734306E-43,-5.29395592033938E-23,
-1.));
#3958=DIRECTION('ref_axis',(-0.693516019756056,0.720441205333036,-3.81398398422926E-23));
#3959=DIRECTION('center_axis',(7.17464813734306E-43,5.29395592033938E-23,
1.));
#3960=DIRECTION('ref_axis',(0.991702359622182,0.128555162944926,-6.80565365962485E-24));
#3961=DIRECTION('center_axis',(-7.17464813734306E-43,-5.29395592033938E-23,
-1.));
#3962=DIRECTION('ref_axis',(-1.,0.,0.));
#3963=DIRECTION('center_axis',(-7.17464813734306E-43,-5.29395592033938E-23,
-1.));
#3964=DIRECTION('ref_axis',(-0.166212374011571,-0.986089979020899,5.22031688242503E-23));
#3965=DIRECTION('center_axis',(0.937329738635844,-0.348443626816248,0.));
#3966=DIRECTION('ref_axis',(-0.348443626816248,-0.937329738635844,0.));
#3967=DIRECTION('center_axis',(-7.17464813734306E-43,-5.29395592033938E-23,
-1.));
#3968=DIRECTION('ref_axis',(-1.,0.,0.));
#3969=DIRECTION('center_axis',(-7.17464813734306E-43,-5.29395592033938E-23,
-1.));
#3970=DIRECTION('ref_axis',(0.674592118683621,-0.738190675510023,3.90794889695561E-23));
#3971=DIRECTION('center_axis',(1.,0.,0.));
#3972=DIRECTION('ref_axis',(0.,-1.,0.));
#3973=DIRECTION('center_axis',(-1.,0.,7.17464813734306E-43));
#3974=DIRECTION('ref_axis',(-5.07324235054267E-43,-0.707106781186553,-0.707106781186542));
#3975=DIRECTION('center_axis',(1.,0.,0.));
#3976=DIRECTION('ref_axis',(0.,-1.,0.));
#3977=DIRECTION('',(-1.,0.,7.17464813734306E-43));
#3978=DIRECTION('center_axis',(-7.17464813734306E-43,-5.29395592033938E-23,
-1.));
#3979=DIRECTION('ref_axis',(-1.,0.,0.));
#3980=DIRECTION('center_axis',(0.0478260869565614,-0.998855677966754,0.));
#3981=DIRECTION('ref_axis',(-0.998855677966754,-0.0478260869565614,0.));
#3982=DIRECTION('center_axis',(7.17464813734306E-43,5.29395592033938E-23,
1.));
#3983=DIRECTION('ref_axis',(1.,0.,0.));
#3984=DIRECTION('center_axis',(0.047826086956526,0.998855677966756,0.));
#3985=DIRECTION('ref_axis',(0.998855677966756,-0.047826086956526,0.));
#3986=DIRECTION('center_axis',(-7.17464813734306E-43,-5.29395592033938E-23,
-1.));
#3987=DIRECTION('ref_axis',(-1.,0.,0.));
#3988=DIRECTION('center_axis',(1.,0.,0.));
#3989=DIRECTION('ref_axis',(0.,-1.,0.));
#3990=DIRECTION('center_axis',(-1.,0.,7.17464813734306E-43));
#3991=DIRECTION('ref_axis',(-5.07324235054267E-43,-0.707106781186553,-0.707106781186542));
#3992=DIRECTION('center_axis',(1.,0.,0.));
#3993=DIRECTION('ref_axis',(0.,-1.,0.));
#3994=DIRECTION('',(-1.,0.,7.17464813734306E-43));
#3995=DIRECTION('center_axis',(-7.17464813734306E-43,-5.29395592033938E-23,
-1.));
#3996=DIRECTION('ref_axis',(-1.,0.,0.));
#3997=DIRECTION('center_axis',(0.047826086956526,-0.998855677966756,0.));
#3998=DIRECTION('ref_axis',(-0.998855677966756,-0.047826086956526,0.));
#3999=DIRECTION('center_axis',(7.17464813734306E-43,5.29395592033938E-23,
1.));
#4000=DIRECTION('ref_axis',(1.,0.,0.));
#4001=DIRECTION('center_axis',(0.047826086956526,0.998855677966756,0.));
#4002=DIRECTION('ref_axis',(0.998855677966756,-0.047826086956526,0.));
#4003=DIRECTION('center_axis',(-7.17464813734306E-43,-5.29395592033938E-23,
-1.));
#4004=DIRECTION('ref_axis',(-1.,0.,0.));
#4005=DIRECTION('center_axis',(1.,0.,0.));
#4006=DIRECTION('ref_axis',(0.,-1.,0.));
#4007=DIRECTION('center_axis',(-1.,0.,7.17464813734306E-43));
#4008=DIRECTION('ref_axis',(-5.07324235054267E-43,-0.707106781186553,-0.707106781186542));
#4009=DIRECTION('center_axis',(1.,2.66453525910034E-14,0.));
#4010=DIRECTION('ref_axis',(2.66453525910034E-14,-1.,0.));
#4011=DIRECTION('',(-1.,0.,7.17464813734306E-43));
#4012=DIRECTION('center_axis',(-7.17464813734306E-43,-5.29395592033938E-23,
-1.));
#4013=DIRECTION('ref_axis',(-1.,0.,0.));
#4014=DIRECTION('center_axis',(0.0478260869564905,-0.998855677966757,0.));
#4015=DIRECTION('ref_axis',(-0.998855677966757,-0.0478260869564905,0.));
#4016=DIRECTION('center_axis',(7.17464813734306E-43,5.29395592033938E-23,
1.));
#4017=DIRECTION('ref_axis',(1.,0.,0.));
#4018=DIRECTION('center_axis',(0.0478260869564905,0.998855677966757,0.));
#4019=DIRECTION('ref_axis',(0.998855677966757,-0.0478260869564905,0.));
#4020=DIRECTION('center_axis',(-7.17464813734306E-43,-5.29395592033938E-23,
-1.));
#4021=DIRECTION('ref_axis',(-1.,0.,0.));
#4022=DIRECTION('center_axis',(1.,0.,0.));
#4023=DIRECTION('ref_axis',(0.,-1.,0.));
#4024=DIRECTION('center_axis',(-1.,0.,7.17464813734306E-43));
#4025=DIRECTION('ref_axis',(-5.07324235054267E-43,-0.707106781186553,-0.707106781186542));
#4026=DIRECTION('center_axis',(1.,5.5511151231257E-15,0.));
#4027=DIRECTION('ref_axis',(5.5511151231257E-15,-1.,0.));
#4028=DIRECTION('',(-1.,0.,7.17464813734306E-43));
#4029=DIRECTION('center_axis',(-7.17464813734306E-43,-5.29395592033938E-23,
-1.));
#4030=DIRECTION('ref_axis',(-1.,0.,0.));
#4031=DIRECTION('center_axis',(-7.17464813734306E-43,-5.29395592033938E-23,
-1.));
#4032=DIRECTION('ref_axis',(-0.674592118683331,-0.738190675510287,3.90794889695701E-23));
#4033=DIRECTION('center_axis',(-7.17464813734306E-43,-5.29395592033938E-23,
-1.));
#4034=DIRECTION('ref_axis',(-1.,0.,0.));
#4035=DIRECTION('center_axis',(-7.17464813734306E-43,-5.29395592033938E-23,
-1.));
#4036=DIRECTION('ref_axis',(-0.991702359612019,0.128555163023325,-6.80565366377526E-24));
#4037=DIRECTION('center_axis',(-0.312505879957609,-0.949915825213961,0.));
#4038=DIRECTION('ref_axis',(-0.949915825213961,0.312505879957609,0.));
#4039=DIRECTION('center_axis',(7.17464813734306E-43,5.29395592033938E-23,
1.));
#4040=DIRECTION('ref_axis',(1.,0.,0.));
#4041=DIRECTION('center_axis',(0.937329738635842,0.348443626816253,0.));
#4042=DIRECTION('ref_axis',(0.348443626816253,-0.937329738635842,0.));
#4043=DIRECTION('center_axis',(7.17464813734306E-43,5.29395592033938E-23,
1.));
#4044=DIRECTION('ref_axis',(0.693516019728835,0.72044120535924,-3.81398398436799E-23));
#4045=DIRECTION('center_axis',(-7.17464813734306E-43,-5.29395592033938E-23,
-1.));
#4046=DIRECTION('ref_axis',(-1.,0.,0.));
#4047=DIRECTION('center_axis',(-7.17464813734306E-43,-5.29395592033938E-23,
-1.));
#4048=DIRECTION('ref_axis',(0.166212374013395,-0.986089979020592,5.2203168824234E-23));
#4049=DIRECTION('center_axis',(-7.17464813734306E-43,-5.29395592033938E-23,
-1.));
#4050=DIRECTION('ref_axis',(-1.,0.,0.));
#4051=DIRECTION('center_axis',(-7.17464813734306E-43,-5.29395592033938E-23,
-1.));
#4052=DIRECTION('ref_axis',(-0.725192731852668,-0.688545932867274,3.64513181772831E-23));
#4053=DIRECTION('center_axis',(0.,-1.,0.));
#4054=DIRECTION('ref_axis',(-1.,0.,0.));
#4055=DIRECTION('center_axis',(0.,1.,-5.29395592033938E-23));
#4056=DIRECTION('ref_axis',(-0.70710678118655,-3.74339213057463E-23,-0.707106781186545));
#4057=DIRECTION('center_axis',(0.,-1.,0.));
#4058=DIRECTION('ref_axis',(-1.,0.,0.));
#4059=DIRECTION('',(0.,1.,-5.29395592033938E-23));
#4060=DIRECTION('center_axis',(-7.17464813734306E-43,-5.29395592033938E-23,
-1.));
#4061=DIRECTION('ref_axis',(-1.,0.,0.));
#4062=DIRECTION('center_axis',(-0.99994853889852,0.0101449275362309,0.));
#4063=DIRECTION('ref_axis',(0.0101449275362309,0.99994853889852,0.));
#4064=DIRECTION('center_axis',(-7.17464813734306E-43,-5.29395592033938E-23,
-1.));
#4065=DIRECTION('ref_axis',(-0.703510864331093,0.710684503678052,-3.76233243573988E-23));
#4066=DIRECTION('center_axis',(7.17464813734306E-43,5.29395592033938E-23,
1.));
#4067=DIRECTION('ref_axis',(1.,0.,0.));
#4068=DIRECTION('center_axis',(0.99994853889852,0.0101449275362309,0.));
#4069=DIRECTION('ref_axis',(0.0101449275362309,-0.99994853889852,0.));
#4070=DIRECTION('center_axis',(-7.17464813734306E-43,-5.29395592033938E-23,
-1.));
#4071=DIRECTION('ref_axis',(-1.,0.,0.));
#4072=DIRECTION('center_axis',(0.,-1.,0.));
#4073=DIRECTION('ref_axis',(-1.,0.,0.));
#4074=DIRECTION('center_axis',(0.,1.,-5.29395592033938E-23));
#4075=DIRECTION('ref_axis',(-0.70710678118655,-3.74339213057463E-23,-0.707106781186545));
#4076=DIRECTION('center_axis',(-1.11022302462515E-15,-1.,0.));
#4077=DIRECTION('ref_axis',(-1.,1.11022302462515E-15,0.));
#4078=DIRECTION('',(0.,1.,-5.29395592033938E-23));
#4079=DIRECTION('center_axis',(-7.17464813734306E-43,-5.29395592033938E-23,
-1.));
#4080=DIRECTION('ref_axis',(-1.,0.,0.));
#4081=DIRECTION('center_axis',(-1.,0.,0.));
#4082=DIRECTION('ref_axis',(0.,1.,0.));
#4083=DIRECTION('center_axis',(-7.17464813734306E-43,-5.29395592033938E-23,
-1.));
#4084=DIRECTION('ref_axis',(-0.707106781186546,0.707106781186549,-3.74339213057465E-23));
#4085=DIRECTION('center_axis',(1.,0.,-7.17464813734306E-43));
#4086=DIRECTION('ref_axis',(-5.07324235054271E-43,0.707106781186547,-0.707106781186548));
#4087=DIRECTION('center_axis',(-1.,0.,0.));
#4088=DIRECTION('ref_axis',(0.,1.,0.));
#4089=DIRECTION('',(1.,0.,-7.17464813734306E-43));
#4090=DIRECTION('center_axis',(-7.17464813734306E-43,-5.29395592033938E-23,
-1.));
#4091=DIRECTION('ref_axis',(-1.,0.,0.));
#4092=DIRECTION('center_axis',(1.11022302462522E-15,1.,0.));
#4093=DIRECTION('ref_axis',(1.,-1.11022302462522E-15,0.));
#4094=DIRECTION('center_axis',(-7.17464813734306E-43,-5.29395592033938E-23,
-1.));
#4095=DIRECTION('ref_axis',(0.707106781186545,0.70710678118655,-3.74339213057466E-23));
#4096=DIRECTION('center_axis',(0.,-1.,5.29395592033938E-23));
#4097=DIRECTION('ref_axis',(0.707106781186528,-3.74339213057475E-23,-0.707106781186567));
#4098=DIRECTION('center_axis',(0.,1.,0.));
#4099=DIRECTION('ref_axis',(1.,0.,0.));
#4100=DIRECTION('',(0.,-1.,5.29395592033938E-23));
#4101=DIRECTION('center_axis',(-7.17464813734306E-43,-5.29395592033938E-23,
-1.));
#4102=DIRECTION('ref_axis',(-1.,0.,0.));
#4103=DIRECTION('center_axis',(0.99994853889852,-0.0101449275361887,0.));
#4104=DIRECTION('ref_axis',(-0.0101449275361887,-0.99994853889852,0.));
#4105=DIRECTION('center_axis',(-7.17464813734306E-43,-5.29395592033938E-23,
-1.));
#4106=DIRECTION('ref_axis',(0.703510864331095,-0.71068450367805,3.76233243573987E-23));
#4107=DIRECTION('center_axis',(7.17464813734306E-43,5.29395592033938E-23,
1.));
#4108=DIRECTION('ref_axis',(-1.,-2.29207334116164E-15,0.));
#4109=DIRECTION('center_axis',(-0.99994853889852,-0.0101449275362594,0.));
#4110=DIRECTION('ref_axis',(-0.0101449275362594,0.99994853889852,0.));
#4111=DIRECTION('center_axis',(-7.17464813734306E-43,-5.29395592033938E-23,
-1.));
#4112=DIRECTION('ref_axis',(-1.,0.,0.));
#4113=DIRECTION('center_axis',(0.,1.,0.));
#4114=DIRECTION('ref_axis',(1.,0.,0.));
#4115=DIRECTION('center_axis',(0.,-1.,5.29395592033938E-23));
#4116=DIRECTION('ref_axis',(0.707106781186528,-3.74339213057475E-23,-0.707106781186567));
#4117=DIRECTION('center_axis',(0.,1.,0.));
#4118=DIRECTION('ref_axis',(1.,0.,0.));
#4119=DIRECTION('',(0.,-1.,5.29395592033938E-23));
#4120=DIRECTION('center_axis',(-7.17464813734306E-43,-5.29395592033938E-23,
-1.));
#4121=DIRECTION('ref_axis',(-1.,0.,0.));
#4122=DIRECTION('center_axis',(-7.17464813734306E-43,-5.29395592033938E-23,
-1.));
#4123=DIRECTION('ref_axis',(0.725192731845601,-0.688545932874717,3.64513181776771E-23));
#4124=DIRECTION('center_axis',(7.17464813734306E-43,5.29395592033938E-23,
1.));
#4125=DIRECTION('ref_axis',(-0.693516019756061,0.720441205333031,0.));
#4126=DIRECTION('center_axis',(-0.312505879806898,0.949915825263542,0.));
#4127=DIRECTION('ref_axis',(0.949915825263542,0.312505879806898,0.));
#4128=DIRECTION('center_axis',(7.17464813734306E-43,5.29395592033938E-23,
1.));
#4129=DIRECTION('ref_axis',(-0.693516019756056,0.720441205333036,-3.81398398422927E-23));
#4130=DIRECTION('center_axis',(-7.17464813734306E-43,-5.29395592033938E-23,
-1.));
#4131=DIRECTION('ref_axis',(0.991702359622182,0.128555162944926,0.));
#4132=DIRECTION('center_axis',(-7.17464813734306E-43,-5.29395592033938E-23,
-1.));
#4133=DIRECTION('ref_axis',(0.991702359622182,0.128555162944926,-6.80565365962485E-24));
#4134=DIRECTION('center_axis',(0.,0.,1.));
#4135=DIRECTION('ref_axis',(0.164166948357891,-0.986432568940654,0.));
#4136=DIRECTION('',(0.,0.,1.));
#4137=DIRECTION('center_axis',(0.0184005116578143,0.999830361455973,-0.000818218521765086));
#4138=DIRECTION('ref_axis',(0.999806254002688,-0.0183943334767794,0.00700734993109017));
#4139=DIRECTION('',(0.,0.,1.));
#4140=DIRECTION('center_axis',(0.,0.,-1.));
#4141=DIRECTION('ref_axis',(0.936472597163995,-0.350740751497343,0.));
#4142=DIRECTION('',(0.,0.,-1.));
#4143=DIRECTION('center_axis',(0.,0.,-1.));
#4144=DIRECTION('ref_axis',(0.936472597163995,-0.350740751497343,0.));
#4145=DIRECTION('center_axis',(0.,0.,-1.));
#4146=DIRECTION('ref_axis',(-0.991967449096496,0.126493398772393,0.));
#4147=DIRECTION('',(0.,0.,1.));
#4148=DIRECTION('center_axis',(0.998408925177801,0.0563817368125246,-0.000847277588218871));
#4149=DIRECTION('ref_axis',(0.0563689469191855,-0.998348703373347,-0.0110638282695801));
#4150=DIRECTION('center_axis',(0.,-1.,0.));
#4151=DIRECTION('ref_axis',(1.,0.,0.));
#4152=DIRECTION('',(-1.,0.,0.));
#4153=DIRECTION('',(0.,0.,-1.));
#4154=DIRECTION('',(1.,0.,0.));
#4155=DIRECTION('',(0.,0.,1.));
#4156=DIRECTION('center_axis',(0.,0.,1.));
#4157=DIRECTION('ref_axis',(0.991967449096493,0.126493398772413,0.));
#4158=DIRECTION('',(0.,0.,1.));
#4159=DIRECTION('center_axis',(-0.998405997349595,0.0564339602125753,-0.000820116507930506));
#4160=DIRECTION('ref_axis',(0.0564268521843448,0.998382123209357,0.00701044995291493));
#4161=DIRECTION('',(0.,0.,1.));
#4162=DIRECTION('center_axis',(-7.17464813734306E-43,-5.29395592033938E-23,
-1.));
#4163=DIRECTION('ref_axis',(-0.70710678118656,-0.707106781186535,3.74339213057458E-23));
#4164=DIRECTION('',(7.17464813734306E-43,5.29395592033938E-23,1.));
#4165=DIRECTION('center_axis',(0.,0.,-1.));
#4166=DIRECTION('ref_axis',(-1.,0.,0.));
#4167=DIRECTION('center_axis',(7.17464813734306E-43,5.29395592033938E-23,
1.));
#4168=DIRECTION('ref_axis',(-1.42108533599485E-13,1.,-5.29395592033938E-23));
#4169=DIRECTION('',(7.17464813734306E-43,5.29395592033938E-23,1.));
#4170=DIRECTION('center_axis',(-7.17464813734306E-43,-5.29395592033938E-23,
-1.));
#4171=DIRECTION('ref_axis',(-0.707106781186525,0.70710678118657,-3.74339213057477E-23));
#4172=DIRECTION('',(7.17464813734306E-43,5.29395592033938E-23,1.));
#4173=DIRECTION('center_axis',(0.,0.,-1.));
#4174=DIRECTION('ref_axis',(0.386138981592929,0.922440614291443,0.));
#4175=DIRECTION('',(0.,0.,-1.));
#4176=DIRECTION('center_axis',(0.,0.,-1.));
#4177=DIRECTION('ref_axis',(0.386138981592929,0.922440614291443,0.));
#4178=DIRECTION('center_axis',(1.,-1.35525271560688E-20,0.));
#4179=DIRECTION('ref_axis',(1.35525271560688E-20,1.,-5.29395592033938E-23));
#4180=DIRECTION('',(1.35525271560688E-20,1.,-5.29395592033938E-23));
#4181=DIRECTION('center_axis',(-5.01777252145144E-19,-1.,5.29395592033938E-23));
#4182=DIRECTION('ref_axis',(1.,-5.01777252145144E-19,2.58464017331198E-41));
#4183=DIRECTION('',(1.,-5.01777252145144E-19,2.58464017331198E-41));
#4184=DIRECTION('center_axis',(0.,0.,1.));
#4185=DIRECTION('ref_axis',(-0.0101449275362334,-0.99994853889852,0.));
#4186=DIRECTION('',(0.,0.,1.));
#4187=DIRECTION('',(0.,-1.,0.));
#4188=DIRECTION('',(0.,0.,1.));
#4189=DIRECTION('center_axis',(0.,0.,1.));
#4190=DIRECTION('ref_axis',(-0.0101449275362334,-0.99994853889852,0.));
#4191=DIRECTION('center_axis',(0.,0.,1.));
#4192=DIRECTION('ref_axis',(0.010144927536231,0.99994853889852,0.));
#4193=DIRECTION('',(0.,0.,1.));
#4194=DIRECTION('',(0.,1.,0.));
#4195=DIRECTION('',(0.,0.,1.));
#4196=DIRECTION('center_axis',(0.,0.,1.));
#4197=DIRECTION('ref_axis',(0.010144927536231,0.99994853889852,0.));
#4198=DIRECTION('center_axis',(0.,0.,-1.));
#4199=DIRECTION('ref_axis',(-1.,0.,0.));
#4200=DIRECTION('center_axis',(0.,1.,0.));
#4201=DIRECTION('ref_axis',(0.,0.,1.));
#4202=DIRECTION('center_axis',(7.17464813734306E-43,5.29395592033938E-23,
1.));
#4203=DIRECTION('ref_axis',(-0.707106781186545,-0.70710678118655,3.74339213057466E-23));
#4204=DIRECTION('center_axis',(1.,0.,0.));
#4205=DIRECTION('ref_axis',(0.,1.,0.));
#4206=DIRECTION('center_axis',(0.,0.,-1.));
#4207=DIRECTION('ref_axis',(-1.,0.,0.));
#4208=DIRECTION('center_axis',(0.,1.,0.));
#4209=DIRECTION('ref_axis',(-1.,0.,0.));
#4210=DIRECTION('center_axis',(-1.,0.,0.));
#4211=DIRECTION('ref_axis',(0.,0.,1.));
#4212=DIRECTION('center_axis',(7.17464813734306E-43,5.29395592033938E-23,
1.));
#4213=DIRECTION('ref_axis',(0.707106781186556,-0.707106781186539,3.7433921305746E-23));
#4214=DIRECTION('center_axis',(-1.,1.35525271560688E-20,0.));
#4215=DIRECTION('ref_axis',(9.58308385427116E-21,0.707106781186553,0.707106781186542));
#4216=DIRECTION('',(1.,-1.35525271560688E-20,0.));
#4217=DIRECTION('center_axis',(1.35525271560688E-20,1.,-5.29395592033938E-23));
#4218=DIRECTION('ref_axis',(0.707106781186546,-9.54564993296532E-21,0.707106781186549));
#4219=DIRECTION('center_axis',(-2.7755575615629E-16,-1.,0.));
#4220=DIRECTION('ref_axis',(1.,-2.7755575615629E-16,0.));
#4221=DIRECTION('',(-1.35525271560688E-20,-1.,5.29395592033938E-23));
#4222=DIRECTION('center_axis',(-7.17464813734306E-43,-5.29395592033938E-23,
-1.));
#4223=DIRECTION('ref_axis',(-1.,0.,0.));
#4224=DIRECTION('center_axis',(-1.,-2.77555756156289E-16,0.));
#4225=DIRECTION('ref_axis',(2.77555756156289E-16,-1.,0.));
#4226=DIRECTION('center_axis',(7.17464813734306E-43,5.29395592033938E-23,
1.));
#4227=DIRECTION('ref_axis',(-0.707106781186525,0.70710678118657,-3.74339213057476E-23));
#4228=DIRECTION('center_axis',(1.,-5.01777252145144E-19,2.58464017331198E-41));
#4229=DIRECTION('ref_axis',(-3.54810097636984E-19,-0.707106781186548,0.707106781186547));
#4230=DIRECTION('center_axis',(-1.,0.,0.));
#4231=DIRECTION('ref_axis',(0.,-1.,0.));
#4232=DIRECTION('',(-1.,5.01777252145144E-19,-2.58464017331198E-41));
#4233=DIRECTION('center_axis',(-7.17464813734306E-43,-5.29395592033938E-23,
-1.));
#4234=DIRECTION('ref_axis',(-1.,0.,0.));
#4235=DIRECTION('center_axis',(-9.15933995315741E-15,1.,0.));
#4236=DIRECTION('ref_axis',(-1.,-9.15933995315741E-15,0.));
#4237=DIRECTION('center_axis',(7.17464813734306E-43,5.29395592033938E-23,
1.));
#4238=DIRECTION('ref_axis',(0.707106781186538,0.707106781186557,-3.7433921305747E-23));
#4239=DIRECTION('center_axis',(-2.39244418457826E-17,-1.,5.29395592033938E-23));
#4240=DIRECTION('ref_axis',(-0.707106781186528,1.69171724991769E-17,0.707106781186568));
#4241=DIRECTION('',(2.39244418457826E-17,1.,-5.29395592033938E-23));
#4242=DIRECTION('center_axis',(7.17464813734306E-43,5.29395592033938E-23,
1.));
#4243=DIRECTION('ref_axis',(-1.,1.35525271560688E-20,-3.1861838222649E-58));
#4244=DIRECTION('center_axis',(0.,0.,1.));
#4245=DIRECTION('ref_axis',(1.,0.,0.));
#4246=DIRECTION('center_axis',(0.,0.,-1.));
#4247=DIRECTION('ref_axis',(-0.85467035968815,0.519171047219053,0.));
#4248=DIRECTION('center_axis',(-0.845443563221329,-0.534064772670528,0.));
#4249=DIRECTION('ref_axis',(0.,0.,-1.));
#4250=DIRECTION('center_axis',(0.,0.,1.));
#4251=DIRECTION('ref_axis',(-0.996443270161868,0.0842663001983772,0.));
#4252=DIRECTION('center_axis',(0.0842663001983729,0.996443270161868,0.));
#4253=DIRECTION('ref_axis',(0.996443270161868,-0.0842663001983729,0.));
#4254=DIRECTION('center_axis',(0.14518846160928,-0.989404017889321,0.));
#4255=DIRECTION('ref_axis',(0.,0.,-1.));
#4256=DIRECTION('center_axis',(0.,0.,-1.));
#4257=DIRECTION('ref_axis',(0.908612811437023,-0.417639508299334,0.));
#4258=DIRECTION('center_axis',(0.,0.,1.));
#4259=DIRECTION('ref_axis',(0.908612811437023,-0.417639508299334,0.));
#4260=DIRECTION('center_axis',(0.,0.,-1.));
#4261=DIRECTION('ref_axis',(-1.,0.,0.));
#4262=DIRECTION('center_axis',(-0.983159255261225,0.182750865371943,0.));
#4263=DIRECTION('ref_axis',(0.,0.,-1.));
#4264=DIRECTION('center_axis',(0.,0.,1.));
#4265=DIRECTION('ref_axis',(-0.69351601975606,0.720441205333032,0.));
#4266=DIRECTION('center_axis',(0.,0.,-1.));
#4267=DIRECTION('ref_axis',(-0.69351601975606,0.720441205333032,0.));
#4268=DIRECTION('center_axis',(-0.565864527272184,-0.824498233336511,0.));
#4269=DIRECTION('ref_axis',(0.,0.,-1.));
#4270=DIRECTION('center_axis',(0.,0.,-1.));
#4271=DIRECTION('ref_axis',(0.382744880532976,-0.923854077452602,0.));
#4272=DIRECTION('center_axis',(0.,0.,1.));
#4273=DIRECTION('ref_axis',(0.382744880532976,-0.923854077452602,0.));
#4274=DIRECTION('center_axis',(0.,0.,1.));
#4275=DIRECTION('ref_axis',(1.,0.,0.));
#4276=DIRECTION('center_axis',(0.,0.,1.));
#4277=DIRECTION('ref_axis',(-0.486236000499173,0.873827529789814,0.));
#4278=DIRECTION('center_axis',(0.,0.,-1.));
#4279=DIRECTION('ref_axis',(-0.486236000499173,0.873827529789814,0.));
#4280=DIRECTION('center_axis',(-0.998931155964047,-0.0462227827411252,0.));
#4281=DIRECTION('ref_axis',(0.,0.,-1.));
#4282=DIRECTION('center_axis',(0.,0.,1.));
#4283=DIRECTION('ref_axis',(1.,0.,0.));
#4284=DIRECTION('center_axis',(0.,0.,-1.));
#4285=DIRECTION('ref_axis',(0.996203160266683,-0.0870589655042677,0.));
#4286=DIRECTION('center_axis',(0.,0.,1.));
#4287=DIRECTION('ref_axis',(1.,0.,0.));
#4288=DIRECTION('center_axis',(-0.0183481750193692,0.999831300656286,-0.00084540015257483));
#4289=DIRECTION('ref_axis',(0.999785187751268,0.0183391635667672,-0.00965678170162715));
#4290=DIRECTION('center_axis',(0.,0.,-1.));
#4291=DIRECTION('ref_axis',(0.0490160813512826,-0.998797989469825,0.));
#4292=DIRECTION('center_axis',(0.,0.,1.));
#4293=DIRECTION('ref_axis',(-1.,0.,0.));
#4294=DIRECTION('center_axis',(0.,0.,1.));
#4295=DIRECTION('ref_axis',(1.,0.,0.));
#4296=DIRECTION('center_axis',(0.,0.,-1.));
#4297=DIRECTION('ref_axis',(0.486236000506356,0.873827529785817,0.));
#4298=DIRECTION('center_axis',(-0.565864527272208,0.824498233336495,0.));
#4299=DIRECTION('ref_axis',(0.,0.,-1.));
#4300=DIRECTION('center_axis',(0.,0.,1.));
#4301=DIRECTION('ref_axis',(0.0462227827575438,0.998931155963287,0.));
#4302=DIRECTION('center_axis',(0.998931155963287,-0.0462227827575448,0.));
#4303=DIRECTION('ref_axis',(-0.0462227827575448,-0.998931155963287,0.));
#4304=DIRECTION('center_axis',(-0.983159255261227,-0.18275086537193,0.));
#4305=DIRECTION('ref_axis',(0.,0.,-1.));
#4306=DIRECTION('center_axis',(0.,0.,-1.));
#4307=DIRECTION('ref_axis',(-0.382744880532997,-0.923854077452593,0.));
#4308=DIRECTION('center_axis',(0.,0.,1.));
#4309=DIRECTION('ref_axis',(-0.382744880532997,-0.923854077452593,0.));
#4310=DIRECTION('center_axis',(0.,0.,-1.));
#4311=DIRECTION('ref_axis',(0.69351601975606,0.720441205333032,0.));
#4312=DIRECTION('center_axis',(0.145188461609287,0.989404017889319,0.));
#4313=DIRECTION('ref_axis',(0.,0.,-1.));
#4314=DIRECTION('center_axis',(0.,0.,1.));
#4315=DIRECTION('ref_axis',(0.693516019756058,0.720441205333034,0.));
#4316=DIRECTION('center_axis',(0.,0.,-1.));
#4317=DIRECTION('ref_axis',(0.693516019756058,0.720441205333034,0.));
#4318=DIRECTION('center_axis',(-0.845443563221314,0.534064772670551,0.));
#4319=DIRECTION('ref_axis',(0.,0.,-1.));
#4320=DIRECTION('center_axis',(0.,0.,-1.));
#4321=DIRECTION('ref_axis',(-0.908612811437022,-0.417639508299335,0.));
#4322=DIRECTION('center_axis',(0.,0.,1.));
#4323=DIRECTION('ref_axis',(-0.908612811437022,-0.417639508299335,0.));
#4324=DIRECTION('center_axis',(0.,0.,-1.));
#4325=DIRECTION('ref_axis',(-1.,0.,0.));
#4326=DIRECTION('center_axis',(0.,0.,1.));
#4327=DIRECTION('ref_axis',(0.854670359688145,0.519171047219061,0.));
#4328=DIRECTION('center_axis',(0.,0.,-1.));
#4329=DIRECTION('ref_axis',(0.854670359688145,0.519171047219061,0.));
#4330=DIRECTION('center_axis',(-0.0842663001983715,0.996443270161868,0.));
#4331=DIRECTION('ref_axis',(0.,0.,-1.));
#4332=DIRECTION('center_axis',(0.,0.,1.));
#4333=DIRECTION('ref_axis',(1.,0.,0.));
#4334=DIRECTION('center_axis',(0.,0.,-1.));
#4335=DIRECTION('ref_axis',(-0.049016081369719,-0.99879798946892,0.));
#4336=DIRECTION('center_axis',(0.,0.,1.));
#4337=DIRECTION('ref_axis',(1.,0.,0.));
#4338=DIRECTION('center_axis',(0.,0.,-1.));
#4339=DIRECTION('ref_axis',(-0.996203160266648,-0.0870589655046744,0.));
#4340=DIRECTION('center_axis',(0.,0.,1.));
#4341=DIRECTION('ref_axis',(-1.,0.,0.));
#4342=DIRECTION('center_axis',(0.,0.,-1.));
#4343=DIRECTION('ref_axis',(-0.164166948357881,-0.986432568940655,0.));
#4344=DIRECTION('',(0.,0.,-1.));
#4345=DIRECTION('center_axis',(0.,0.,1.));
#4346=DIRECTION('ref_axis',(-1.,1.22464658788737E-16,0.));
#4347=DIRECTION('center_axis',(0.,0.,1.));
#4348=DIRECTION('ref_axis',(-1.,1.22464658788737E-16,0.));
#4349=DIRECTION('center_axis',(0.,0.,1.));
#4350=DIRECTION('ref_axis',(-1.,1.22464658788737E-16,0.));
#4351=DIRECTION('',(1.,0.,0.));
#4352=DIRECTION('center_axis',(0.,0.,1.));
#4353=DIRECTION('ref_axis',(-1.,1.22464658788737E-16,0.));
#4354=DIRECTION('',(0.,1.,0.));
#4355=DIRECTION('center_axis',(0.,0.,-1.));
#4356=DIRECTION('ref_axis',(0.707106781186539,-0.707106781186556,0.));
#4357=DIRECTION('',(0.,0.,1.));
#4358=DIRECTION('center_axis',(0.,0.,-1.));
#4359=DIRECTION('ref_axis',(0.707106781186541,-0.707106781186554,0.));
#4360=DIRECTION('center_axis',(1.,-1.22464658788737E-16,0.));
#4361=DIRECTION('ref_axis',(1.22464658788737E-16,1.,0.));
#4362=DIRECTION('',(1.22464658788737E-16,1.,0.));
#4363=DIRECTION('',(0.,0.,1.));
#4364=DIRECTION('center_axis',(1.22464658788737E-16,1.,0.));
#4365=DIRECTION('ref_axis',(-1.,1.22464658788737E-16,0.));
#4366=DIRECTION('',(0.,0.,-1.));
#4367=DIRECTION('',(-1.,1.22464658788737E-16,0.));
#4368=DIRECTION('center_axis',(0.,0.,-1.));
#4369=DIRECTION('ref_axis',(-0.707106781186547,-0.707106781186547,0.));
#4370=DIRECTION('center_axis',(0.,0.,-1.));
#4371=DIRECTION('ref_axis',(-0.707106781186547,-0.707106781186547,0.));
#4372=DIRECTION('center_axis',(0.,0.,1.));
#4373=DIRECTION('ref_axis',(1.,0.,0.));
#4374=DIRECTION('center_axis',(0.0842663001984087,-0.996443270161865,0.));
#4375=DIRECTION('ref_axis',(0.,0.,1.));
#4376=DIRECTION('center_axis',(0.,0.,1.));
#4377=DIRECTION('ref_axis',(-0.676658591832548,-0.736296917078426,0.));
#4378=DIRECTION('center_axis',(-1.,2.22044604925028E-15,0.));
#4379=DIRECTION('ref_axis',(-2.22044604925028E-15,-1.,0.));
#4380=DIRECTION('center_axis',(0.,0.,-1.));
#4381=DIRECTION('ref_axis',(-0.676658591832547,-0.736296917078426,0.));
#4382=DIRECTION('center_axis',(1.,0.,0.));
#4383=DIRECTION('ref_axis',(0.,-0.707106781186553,0.707106781186543));
#4384=DIRECTION('center_axis',(-1.,0.,0.));
#4385=DIRECTION('ref_axis',(0.,-1.,0.));
#4386=DIRECTION('',(-1.,0.,0.));
#4387=DIRECTION('center_axis',(0.,0.,1.));
#4388=DIRECTION('ref_axis',(1.,0.,0.));
#4389=DIRECTION('center_axis',(-0.0842663001984081,-0.996443270161865,0.));
#4390=DIRECTION('ref_axis',(0.996443270161865,-0.0842663001984081,0.));
#4391=DIRECTION('center_axis',(0.,0.,-1.));
#4392=DIRECTION('ref_axis',(0.67665859183254,-0.736296917078432,0.));
#4393=DIRECTION('center_axis',(0.,0.,1.));
#4394=DIRECTION('ref_axis',(0.67665859183254,-0.736296917078432,0.));
#4395=DIRECTION('center_axis',(0.,0.,-1.));
#4396=DIRECTION('ref_axis',(-1.,0.,0.));
#4397=DIRECTION('center_axis',(-0.845443563221329,-0.534064772670528,0.));
#4398=DIRECTION('ref_axis',(0.534064772670528,-0.845443563221329,0.));
#4399=DIRECTION('center_axis',(0.,0.,1.));
#4400=DIRECTION('ref_axis',(-0.85467035968815,0.519171047219053,0.));
#4401=DIRECTION('center_axis',(0.,0.,-1.));
#4402=DIRECTION('ref_axis',(-0.85467035968815,0.519171047219053,0.));
#4403=DIRECTION('center_axis',(0.14518846160928,-0.989404017889321,0.));
#4404=DIRECTION('ref_axis',(0.989404017889321,0.14518846160928,0.));
#4405=DIRECTION('center_axis',(0.,0.,-1.));
#4406=DIRECTION('ref_axis',(0.908612811437023,-0.417639508299334,0.));
#4407=DIRECTION('center_axis',(0.,0.,1.));
#4408=DIRECTION('ref_axis',(0.908612811437023,-0.417639508299334,0.));
#4409=DIRECTION('center_axis',(0.,0.,-1.));
#4410=DIRECTION('ref_axis',(-1.,0.,0.));
#4411=DIRECTION('center_axis',(-0.983159255261226,0.182750865371936,0.));
#4412=DIRECTION('ref_axis',(-0.182750865371936,-0.983159255261226,0.));
#4413=DIRECTION('center_axis',(0.,0.,1.));
#4414=DIRECTION('ref_axis',(-0.693516019756058,0.720441205333035,0.));
#4415=DIRECTION('center_axis',(0.,0.,-1.));
#4416=DIRECTION('ref_axis',(-0.693516019756057,0.720441205333034,0.));
#4417=DIRECTION('center_axis',(-0.565864527272241,-0.824498233336472,0.));
#4418=DIRECTION('ref_axis',(0.824498233336472,-0.565864527272241,0.));
#4419=DIRECTION('center_axis',(0.,0.,-1.));
#4420=DIRECTION('ref_axis',(0.382744880533007,-0.923854077452589,0.));
#4421=DIRECTION('center_axis',(0.,0.,1.));
#4422=DIRECTION('ref_axis',(0.382744880533007,-0.923854077452589,0.));
#4423=DIRECTION('center_axis',(0.,0.,-1.));
#4424=DIRECTION('ref_axis',(-1.,0.,0.));
#4425=DIRECTION('center_axis',(-0.998931155964047,-0.0462227827411269,0.));
#4426=DIRECTION('ref_axis',(0.0462227827411269,-0.998931155964047,0.));
#4427=DIRECTION('center_axis',(0.,0.,1.));
#4428=DIRECTION('ref_axis',(-0.486236000499225,0.873827529789785,0.));
#4429=DIRECTION('center_axis',(0.,0.,-1.));
#4430=DIRECTION('ref_axis',(-0.486236000499225,0.873827529789785,0.));
#4431=DIRECTION('center_axis',(0.,0.,1.));
#4432=DIRECTION('ref_axis',(1.,0.,0.));
#4433=DIRECTION('center_axis',(0.,-1.,0.));
#4434=DIRECTION('ref_axis',(1.,0.,0.));
#4435=DIRECTION('center_axis',(0.,0.,-1.));
#4436=DIRECTION('ref_axis',(0.723264399352398,-0.690571219085631,0.));
#4437=DIRECTION('center_axis',(0.,0.,1.));
#4438=DIRECTION('ref_axis',(0.723264399352399,-0.690571219085631,0.));
#4439=DIRECTION('center_axis',(0.,1.,0.));
#4440=DIRECTION('ref_axis',(0.707106781186578,0.,0.707106781186517));
#4441=DIRECTION('center_axis',(0.,-1.,0.));
#4442=DIRECTION('ref_axis',(1.,0.,0.));
#4443=DIRECTION('',(0.,-1.,0.));
#4444=DIRECTION('',(0.,1.,0.));
#4445=DIRECTION('center_axis',(0.,0.,1.));
#4446=DIRECTION('ref_axis',(1.,0.,0.));
#4447=DIRECTION('center_axis',(1.,0.,0.));
#4448=DIRECTION('ref_axis',(0.,1.,0.));
#4449=DIRECTION('center_axis',(0.,0.,-1.));
#4450=DIRECTION('ref_axis',(0.707106781186545,0.70710678118655,0.));
#4451=DIRECTION('center_axis',(0.,0.,1.));
#4452=DIRECTION('ref_axis',(0.707106781186545,0.70710678118655,0.));
#4453=DIRECTION('center_axis',(-1.,0.,0.));
#4454=DIRECTION('ref_axis',(0.,0.707106781186548,0.707106781186547));
#4455=DIRECTION('center_axis',(1.,0.,0.));
#4456=DIRECTION('ref_axis',(0.,1.,0.));
#4457=DIRECTION('',(1.,0.,0.));
#4458=DIRECTION('',(-1.,0.,0.));
#4459=DIRECTION('center_axis',(0.,0.,1.));
#4460=DIRECTION('ref_axis',(1.,0.,0.));
#4461=DIRECTION('center_axis',(0.,1.,0.));
#4462=DIRECTION('ref_axis',(-1.,0.,0.));
#4463=DIRECTION('center_axis',(0.,0.,-1.));
#4464=DIRECTION('ref_axis',(-0.707106781186547,0.707106781186548,0.));
#4465=DIRECTION('center_axis',(0.,0.,1.));
#4466=DIRECTION('ref_axis',(-0.707106781186547,0.707106781186548,0.));
#4467=DIRECTION('center_axis',(0.,-1.,0.));
#4468=DIRECTION('ref_axis',(-0.707106781186546,0.,0.707106781186549));
#4469=DIRECTION('center_axis',(0.,1.,0.));
#4470=DIRECTION('ref_axis',(-1.,0.,0.));
#4471=DIRECTION('',(0.,1.,0.));
#4472=DIRECTION('',(0.,-1.,0.));
#4473=DIRECTION('center_axis',(0.,0.,1.));
#4474=DIRECTION('ref_axis',(1.,0.,0.));
#4475=DIRECTION('center_axis',(-0.998931155963287,0.0462227827575465,0.));
#4476=DIRECTION('ref_axis',(-0.0462227827575465,-0.998931155963287,0.));
#4477=DIRECTION('center_axis',(0.,0.,-1.));
#4478=DIRECTION('ref_axis',(-0.723264399358062,-0.690571219079699,0.));
#4479=DIRECTION('center_axis',(0.,0.,1.));
#4480=DIRECTION('ref_axis',(-0.723264399358062,-0.690571219079699,0.));
#4481=DIRECTION('center_axis',(0.,0.,-1.));
#4482=DIRECTION('ref_axis',(-1.,0.,0.));
#4483=DIRECTION('center_axis',(-0.565864527272207,0.824498233336495,0.));
#4484=DIRECTION('ref_axis',(-0.824498233336495,-0.565864527272207,0.));
#4485=DIRECTION('center_axis',(0.,0.,1.));
#4486=DIRECTION('ref_axis',(0.486236000506357,0.873827529785817,0.));
#4487=DIRECTION('center_axis',(0.,0.,-1.));
#4488=DIRECTION('ref_axis',(0.486236000506357,0.873827529785817,0.));
#4489=DIRECTION('center_axis',(-0.983159255261227,-0.182750865371929,0.));
#4490=DIRECTION('ref_axis',(0.182750865371929,-0.983159255261227,0.));
#4491=DIRECTION('center_axis',(0.,0.,-1.));
#4492=DIRECTION('ref_axis',(-0.382744880532994,-0.923854077452594,0.));
#4493=DIRECTION('center_axis',(0.,0.,1.));
#4494=DIRECTION('ref_axis',(-0.382744880532994,-0.923854077452594,0.));
#4495=DIRECTION('center_axis',(0.,0.,-1.));
#4496=DIRECTION('ref_axis',(0.69351601975606,0.720441205333032,0.));
#4497=DIRECTION('center_axis',(0.145188461609287,0.989404017889319,0.));
#4498=DIRECTION('ref_axis',(-0.989404017889319,0.145188461609287,0.));
#4499=DIRECTION('center_axis',(0.,0.,1.));
#4500=DIRECTION('ref_axis',(0.693516019756058,0.720441205333034,0.));
#4501=DIRECTION('center_axis',(0.,0.,-1.));
#4502=DIRECTION('ref_axis',(0.693516019756058,0.720441205333034,0.));
#4503=DIRECTION('center_axis',(-0.845443563221318,0.534064772670546,0.));
#4504=DIRECTION('ref_axis',(-0.534064772670546,-0.845443563221318,0.));
#4505=DIRECTION('center_axis',(0.,0.,-1.));
#4506=DIRECTION('ref_axis',(-0.908612811437022,-0.417639508299336,0.));
#4507=DIRECTION('center_axis',(0.,0.,1.));
#4508=DIRECTION('ref_axis',(-0.908612811437022,-0.417639508299336,0.));
#4509=DIRECTION('center_axis',(0.,0.,-1.));
#4510=DIRECTION('ref_axis',(-1.,0.,0.));
#4511=DIRECTION('center_axis',(0.,0.,1.));
#4512=DIRECTION('ref_axis',(0.854670359688146,0.51917104721906,0.));
#4513=DIRECTION('center_axis',(0.,0.,-1.));
#4514=DIRECTION('ref_axis',(0.854670359688146,0.51917104721906,0.));
#4515=DIRECTION('center_axis',(1.,0.,0.));
#4516=DIRECTION('ref_axis',(0.,1.,0.));
#4517=DIRECTION('',(0.,0.,1.));
#4518=DIRECTION('',(0.,-1.,0.));
#4519=DIRECTION('',(0.,0.,-1.));
#4520=DIRECTION('center_axis',(0.,0.,1.));
#4521=DIRECTION('ref_axis',(-1.,0.,0.));
#4522=DIRECTION('',(0.,0.,1.));
#4523=DIRECTION('center_axis',(0.,0.,1.));
#4524=DIRECTION('ref_axis',(-0.0237383842484903,0.999718204852383,0.));
#4525=DIRECTION('',(0.,0.,1.));
#4526=DIRECTION('center_axis',(0.,0.,1.));
#4527=DIRECTION('ref_axis',(0.382744880533016,-0.923854077452585,0.));
#4528=DIRECTION('',(0.,0.,1.));
#4529=DIRECTION('center_axis',(0.,0.,1.));
#4530=DIRECTION('ref_axis',(-1.,0.,0.));
#4531=DIRECTION('',(0.,0.,1.));
#4532=DIRECTION('center_axis',(0.,0.,1.));
#4533=DIRECTION('ref_axis',(0.908612811437025,-0.41763950829933,0.));
#4534=DIRECTION('',(0.,0.,1.));
#4535=DIRECTION('center_axis',(0.,0.,1.));
#4536=DIRECTION('ref_axis',(0.825397302010447,0.564552295039064,0.));
#4537=DIRECTION('',(0.,0.,1.));
#4538=DIRECTION('center_axis',(0.,0.,1.));
#4539=DIRECTION('ref_axis',(0.,1.,0.));
#4540=DIRECTION('center_axis',(0.,0.,1.));
#4541=DIRECTION('ref_axis',(0.,1.,0.));
#4542=DIRECTION('',(0.,0.,1.));
#4543=DIRECTION('center_axis',(0.,0.,1.));
#4544=DIRECTION('ref_axis',(-1.,1.22464658788737E-16,0.));
#4545=DIRECTION('',(1.,-1.22464658788737E-16,0.));
#4546=DIRECTION('center_axis',(0.,0.,1.));
#4547=DIRECTION('ref_axis',(-0.707106781186548,-0.707106781186548,0.));
#4548=DIRECTION('',(-1.22464658788737E-16,-1.,0.));
#4549=DIRECTION('center_axis',(0.,0.,1.));
#4550=DIRECTION('ref_axis',(-0.707106781186548,0.707106781186548,0.));
#4551=DIRECTION('',(-1.,1.22464658788737E-16,0.));
#4552=DIRECTION('center_axis',(0.,0.,1.));
#4553=DIRECTION('ref_axis',(0.707106781186553,0.707106781186542,0.));
#4554=DIRECTION('',(1.92073414952537E-16,1.,0.));
#4555=DIRECTION('center_axis',(0.,0.,1.));
#4556=DIRECTION('ref_axis',(0.707106781186541,-0.707106781186554,0.));
#4557=DIRECTION('center_axis',(-1.,1.22464658788737E-16,0.));
#4558=DIRECTION('ref_axis',(8.65955906852133E-17,0.707106781186553,0.707106781186543));
#4559=DIRECTION('center_axis',(-1.,0.,0.));
#4560=DIRECTION('ref_axis',(0.,0.,1.));
#4561=DIRECTION('center_axis',(1.,2.77555756156275E-16,0.));
#4562=DIRECTION('ref_axis',(-2.77555756156275E-16,1.,0.));
#4563=DIRECTION('center_axis',(0.,0.,-1.));
#4564=DIRECTION('ref_axis',(-1.,0.,0.));
#4565=DIRECTION('center_axis',(0.,-1.,0.));
#4566=DIRECTION('ref_axis',(1.,0.,0.));
#4567=DIRECTION('center_axis',(1.22464658788737E-16,1.,0.));
#4568=DIRECTION('ref_axis',(0.707106781186548,-8.65955906852127E-17,0.707106781186547));
#4569=DIRECTION('center_axis',(2.77555756156289E-16,-1.,0.));
#4570=DIRECTION('ref_axis',(1.,2.77555756156289E-16,0.));
#4571=DIRECTION('center_axis',(0.,0.,-1.));
#4572=DIRECTION('ref_axis',(-1.,0.,0.));
#4573=DIRECTION('center_axis',(-1.,0.,0.));
#4574=DIRECTION('ref_axis',(0.,-1.,0.));
#4575=DIRECTION('center_axis',(1.,-1.22464658788737E-16,0.));
#4576=DIRECTION('ref_axis',(-8.65955906852126E-17,-0.707106781186547,0.707106781186548));
#4577=DIRECTION('center_axis',(-1.,0.,0.));
#4578=DIRECTION('ref_axis',(0.,-1.,0.));
#4579=DIRECTION('center_axis',(0.,0.,-1.));
#4580=DIRECTION('ref_axis',(-1.,0.,0.));
#4581=DIRECTION('center_axis',(5.5511151231261E-16,1.,0.));
#4582=DIRECTION('ref_axis',(-1.,5.5511151231261E-16,0.));
#4583=DIRECTION('center_axis',(-1.92073414952537E-16,-1.,0.));
#4584=DIRECTION('ref_axis',(-0.707106781186527,1.35816414198593E-16,0.707106781186568));
#4585=DIRECTION('center_axis',(0.,1.,0.));
#4586=DIRECTION('ref_axis',(-1.,0.,0.));
#4587=DIRECTION('center_axis',(0.,0.,-1.));
#4588=DIRECTION('ref_axis',(-1.,0.,0.));
#4589=DIRECTION('center_axis',(0.,0.,1.));
#4590=DIRECTION('ref_axis',(0.998104677926072,0.0615390274711229,0.));
#4591=DIRECTION('',(0.,0.,1.));
#4592=DIRECTION('center_axis',(0.,0.,1.));
#4593=DIRECTION('ref_axis',(0.59556676480816,-0.803305812661617,0.));
#4594=DIRECTION('',(0.,0.,1.));
#4595=DIRECTION('',(0.,0.,1.));
#4596=DIRECTION('center_axis',(0.,0.,1.));
#4597=DIRECTION('ref_axis',(-0.707106781186547,0.707106781186548,0.));
#4598=DIRECTION('',(0.,0.,1.));
#4599=DIRECTION('',(0.,0.,1.));
#4600=DIRECTION('center_axis',(0.,0.,1.));
#4601=DIRECTION('ref_axis',(0.707106781186544,0.707106781186551,0.));
#4602=DIRECTION('',(0.,0.,1.));
#4603=DIRECTION('center_axis',(0.,0.,1.));
#4604=DIRECTION('ref_axis',(-0.908612811437021,-0.417639508299338,0.));
#4605=DIRECTION('',(0.,0.,1.));
#4606=DIRECTION('center_axis',(0.,0.,1.));
#4607=DIRECTION('ref_axis',(0.693516019756059,0.720441205333033,0.));
#4608=DIRECTION('',(0.,0.,1.));
#4609=DIRECTION('center_axis',(0.,0.,1.));
#4610=DIRECTION('ref_axis',(-0.382744880532998,-0.923854077452593,0.));
#4611=DIRECTION('center_axis',(-1.,0.,0.));
#4612=DIRECTION('ref_axis',(0.,-1.,0.));
#4613=DIRECTION('',(0.,0.,-1.));
#4614=DIRECTION('center_axis',(0.,0.,1.));
#4615=DIRECTION('ref_axis',(1.,0.,0.));
#4616=DIRECTION('center_axis',(0.,1.,0.));
#4617=DIRECTION('ref_axis',(-1.,0.,0.));
#4618=DIRECTION('center_axis',(0.,0.,1.));
#4619=DIRECTION('ref_axis',(-1.,1.22464658788737E-16,0.));
#4620=DIRECTION('center_axis',(0.,1.,0.));
#4621=DIRECTION('ref_axis',(0.707106781186578,0.,-0.707106781186517));
#4622=DIRECTION('center_axis',(1.,0.,0.));
#4623=DIRECTION('ref_axis',(0.,-0.707106781186553,-0.707106781186543));
#4624=DIRECTION('',(0.,0.,1.));
#4625=DIRECTION('',(1.,0.,0.));
#4626=CARTESIAN_POINT('',(0.,0.,0.));
#4627=CARTESIAN_POINT('',(0.,0.,0.));
#4628=CARTESIAN_POINT('Origin',(-6.45999999999999,-20.8712499999998,0.425));
#4629=CARTESIAN_POINT('',(-6.95999736747993,-44.1786931482606,0.423852719256818));
#4630=CARTESIAN_POINT('',(-6.45999999999999,-45.2239863889703,-0.0750000000000001));
#4631=CARTESIAN_POINT('Ctrl Pts',(-6.95999473495985,-44.17894789631,0.422705438513635));
#4632=CARTESIAN_POINT('Ctrl Pts',(-6.95948226791272,-44.3624392974915,0.311036683097974));
#4633=CARTESIAN_POINT('Ctrl Pts',(-6.91980222764296,-44.5580568780512,0.191368570514907));
#4634=CARTESIAN_POINT('Ctrl Pts',(-6.79471137717217,-44.8301723771272,0.04814284052963));
#4635=CARTESIAN_POINT('Ctrl Pts',(-6.74223106661956,-44.9175556439631,0.00640403434745238));
#4636=CARTESIAN_POINT('Ctrl Pts',(-6.61673675204583,-45.0804695110177,-0.0549068190822224));
#4637=CARTESIAN_POINT('Ctrl Pts',(-6.54393173343331,-45.1559644862729,-0.0750000000000001));
#4638=CARTESIAN_POINT('Ctrl Pts',(-6.45999999999999,-45.2239863889703,-0.0750000000000001));
#4639=CARTESIAN_POINT('',(-6.46000000000016,-50.0260136110299,-0.075000000441516));
#4640=CARTESIAN_POINT('',(-6.45999999999999,-20.8712499999998,-0.0750000000000002));
#4641=CARTESIAN_POINT('',(-6.95999736747993,-51.0713068517393,0.423852719256905));
#4642=CARTESIAN_POINT('Ctrl Pts',(-6.45999999999999,-50.0260136110297,-0.0750000000000001));
#4643=CARTESIAN_POINT('Ctrl Pts',(-6.5439317334333,-50.0940355137271,-0.0749999999999725));
#4644=CARTESIAN_POINT('Ctrl Pts',(-6.61673675204583,-50.1695304889823,-0.0549068190822219));
#4645=CARTESIAN_POINT('Ctrl Pts',(-6.74223106661956,-50.3324443560369,0.00640403434745286));
#4646=CARTESIAN_POINT('Ctrl Pts',(-6.79471137717217,-50.4198276228728,0.0481428405296299));
#4647=CARTESIAN_POINT('Ctrl Pts',(-6.91980222764296,-50.6919431219488,0.191368570514908));
#4648=CARTESIAN_POINT('Ctrl Pts',(-6.95948226791272,-50.8875607025136,0.311036683089614));
#4649=CARTESIAN_POINT('Ctrl Pts',(-6.95999473495986,-51.0710521036899,0.422705438513811));
#4650=CARTESIAN_POINT('',(-6.96,-20.8712499999998,0.425));
#4651=CARTESIAN_POINT('Origin',(89.0621110386963,-101.71,0.425));
#4652=CARTESIAN_POINT('',(250.500777924591,-102.21,0.42499999861976));
#4653=CARTESIAN_POINT('',(251.549586770735,-101.71,-0.075000000441516));
#4654=CARTESIAN_POINT('Ctrl Pts',(250.500777924657,-102.21,0.424999998727135));
#4655=CARTESIAN_POINT('Ctrl Pts',(250.685353671455,-102.209999999701,0.312670776399814));
#4656=CARTESIAN_POINT('Ctrl Pts',(250.882416980884,-102.170372380931,0.19202138101641));
#4657=CARTESIAN_POINT('Ctrl Pts',(251.155772758892,-102.044711377172,0.0481428405296205));
#4658=CARTESIAN_POINT('Ctrl Pts',(251.243156025728,-101.99223106662,0.00640403434744392));
#4659=CARTESIAN_POINT('Ctrl Pts',(251.406069892783,-101.866736752046,-0.0549068190822255));
#4660=CARTESIAN_POINT('Ctrl Pts',(251.481564868038,-101.793931733433,-0.0750000000000001));
#4661=CARTESIAN_POINT('Ctrl Pts',(251.549586770735,-101.71,-0.0750000000000001));
#4662=CARTESIAN_POINT('',(256.344073252365,-101.71,-0.075000000441516));
#4663=CARTESIAN_POINT('',(89.0621110386963,-101.71,-0.0750000000000002));
#4664=CARTESIAN_POINT('',(257.392882098509,-102.21,0.424999998619764));
#4665=CARTESIAN_POINT('Ctrl Pts',(256.344073252365,-101.71,-0.0750000000000001));
#4666=CARTESIAN_POINT('Ctrl Pts',(256.412095155062,-101.793931733433,-0.0749999999999914));
#4667=CARTESIAN_POINT('Ctrl Pts',(256.487590130317,-101.866736752046,-0.054906819082218));
#4668=CARTESIAN_POINT('Ctrl Pts',(256.650503997372,-101.99223106662,0.00640403434745381));
#4669=CARTESIAN_POINT('Ctrl Pts',(256.737887264208,-102.044711377172,0.0481428405296314));
#4670=CARTESIAN_POINT('Ctrl Pts',(257.011243042216,-102.170372380931,0.192021381016391));
#4671=CARTESIAN_POINT('Ctrl Pts',(257.208306351645,-102.209999999701,0.312670776399866));
#4672=CARTESIAN_POINT('Ctrl Pts',(257.392882098444,-102.21,0.424999998727174));
#4673=CARTESIAN_POINT('',(89.0621110386963,-102.21,0.425));
#4674=CARTESIAN_POINT('Origin',(89.0621110386963,-101.71,0.425));
#4675=CARTESIAN_POINT('',(139.428947913041,-102.21,0.424999998619767));
#4676=CARTESIAN_POINT('',(140.477756759185,-101.71,-0.0750000000000006));
#4677=CARTESIAN_POINT('Ctrl Pts',(139.428947913107,-102.21,0.424999998727169));
#4678=CARTESIAN_POINT('Ctrl Pts',(139.613523659905,-102.209999999701,0.312670776399834));
#4679=CARTESIAN_POINT('Ctrl Pts',(139.810586969334,-102.170372380931,0.1920213810164));
#4680=CARTESIAN_POINT('Ctrl Pts',(140.083942747342,-102.044711377172,0.0481428405296221));
#4681=CARTESIAN_POINT('Ctrl Pts',(140.171326014178,-101.99223106662,0.00640403434744578));
#4682=CARTESIAN_POINT('Ctrl Pts',(140.334239881233,-101.866736752046,-0.0549068190822213));
#4683=CARTESIAN_POINT('Ctrl Pts',(140.409734856488,-101.793931733433,-0.0750000000000001));
#4684=CARTESIAN_POINT('Ctrl Pts',(140.477756759185,-101.71,-0.0750000000000001));
#4685=CARTESIAN_POINT('',(145.272243240815,-101.71,-0.0750000000000001));
#4686=CARTESIAN_POINT('',(89.0621110386963,-101.71,-0.0750000000000002));
#4687=CARTESIAN_POINT('',(146.321052086959,-102.21,0.424999998619765));
#4688=CARTESIAN_POINT('Ctrl Pts',(145.272243240815,-101.71,-0.0750000000000001));
#4689=CARTESIAN_POINT('Ctrl Pts',(145.340265143512,-101.793931733433,-0.074999999999987));
#4690=CARTESIAN_POINT('Ctrl Pts',(145.415760118767,-101.866736752046,-0.0549068190822213));
#4691=CARTESIAN_POINT('Ctrl Pts',(145.578673985822,-101.99223106662,0.00640403434744578));
#4692=CARTESIAN_POINT('Ctrl Pts',(145.666057252658,-102.044711377172,0.0481428405296221));
#4693=CARTESIAN_POINT('Ctrl Pts',(145.939413030666,-102.170372380931,0.1920213810164));
#4694=CARTESIAN_POINT('Ctrl Pts',(146.136476340095,-102.209999999701,0.312670776399823));
#4695=CARTESIAN_POINT('Ctrl Pts',(146.321052086894,-102.21,0.424999998727155));
#4696=CARTESIAN_POINT('',(89.0621110386963,-102.21,0.425));
#4697=CARTESIAN_POINT('Origin',(286.725,-23.4962499999993,0.425));
#4698=CARTESIAN_POINT('',(286.725,-94.3249999999992,-0.0750000000000002));
#4699=CARTESIAN_POINT('',(286.225,-94.3249999999992,0.425));
#4700=CARTESIAN_POINT('Origin',(286.725,-94.3249999999992,0.425));
#4701=CARTESIAN_POINT('',(286.225,-0.924999999999155,0.425));
#4702=CARTESIAN_POINT('',(286.225,-23.4962499999993,0.425));
#4703=CARTESIAN_POINT('',(286.725,-0.924999999999154,-0.0750000000000002));
#4704=CARTESIAN_POINT('Origin',(286.725,-0.924999999999154,0.425));
#4705=CARTESIAN_POINT('',(286.725,-23.4962499999993,-0.0750000000000002));
#4706=CARTESIAN_POINT('Origin',(284.825,-0.924999999999155,0.425));
#4707=CARTESIAN_POINT('',(284.825,0.47500000000081,0.425));
#4708=CARTESIAN_POINT('',(284.825,0.97500000000081,-0.0750000000000002));
#4709=CARTESIAN_POINT('Origin',(284.825,0.97500000000081,0.425));
#4710=CARTESIAN_POINT('Origin',(284.825,-0.924999999999155,-0.0750000000000002));
#4711=CARTESIAN_POINT('Origin',(284.825,-0.924999999999155,0.425));
#4712=CARTESIAN_POINT('Origin',(71.5750000000003,0.975000000000836,0.425));
#4713=CARTESIAN_POINT('',(0.925000000000266,0.475000000000845,0.425));
#4714=CARTESIAN_POINT('',(0.925000000000269,0.975000000000845,-0.0750000000000002));
#4715=CARTESIAN_POINT('Origin',(0.925000000000269,0.975000000000845,0.425));
#4716=CARTESIAN_POINT('',(71.5750000000003,0.975000000000836,-0.0750000000000002));
#4717=CARTESIAN_POINT('',(71.5750000000003,0.475000000000836,0.425));
#4718=CARTESIAN_POINT('Origin',(0.925000000000266,-0.924999999999159,0.425));
#4719=CARTESIAN_POINT('',(-0.474999999999734,-0.924999999999159,0.425));
#4720=CARTESIAN_POINT('',(-0.974999999999734,-0.924999999999158,-0.0750000000000002));
#4721=CARTESIAN_POINT('Origin',(-0.974999999999734,-0.924999999999158,0.425));
#4722=CARTESIAN_POINT('Origin',(0.925000000000266,-0.924999999999159,-0.0750000000000002));
#4723=CARTESIAN_POINT('Origin',(0.925000000000266,-0.924999999999159,0.425));
#4724=CARTESIAN_POINT('Origin',(-0.974999999999744,-70.8462499999993,0.425));
#4725=CARTESIAN_POINT('',(-0.474999999999746,-94.3249999999992,0.425));
#4726=CARTESIAN_POINT('',(-0.974999999999747,-94.3249999999992,-0.0750000000000002));
#4727=CARTESIAN_POINT('Origin',(-0.974999999999747,-94.3249999999992,0.425));
#4728=CARTESIAN_POINT('',(-0.974999999999744,-70.8462499999993,-0.0750000000000002));
#4729=CARTESIAN_POINT('',(-0.474999999999743,-70.8462499999993,0.425));
#4730=CARTESIAN_POINT('Origin',(0.925000000000225,-94.3249999999992,0.425));
#4731=CARTESIAN_POINT('',(-0.898737388264309,-94.8578995577452,-0.0750000000000001));
#4732=CARTESIAN_POINT('',(0.474501021909261,-96.1708197828433,-0.0750000000000001));
#4733=CARTESIAN_POINT('Ctrl Pts',(-0.898737388264333,-94.8578995577452,
-0.075));
#4734=CARTESIAN_POINT('Ctrl Pts',(-0.878473146813036,-94.8706494763499,
-0.0750000000000002));
#4735=CARTESIAN_POINT('Ctrl Pts',(-0.859151963917684,-94.88302133511,-0.0742446256077799));
#4736=CARTESIAN_POINT('Ctrl Pts',(-0.690995463974203,-94.9922384113521,
-0.0629858924358665));
#4737=CARTESIAN_POINT('Ctrl Pts',(-0.549000117719267,-95.0967896541405,
-0.0159637580954584));
#4738=CARTESIAN_POINT('Ctrl Pts',(-0.36526396214451,-95.2471741053941,0.0362084672117962));
#4739=CARTESIAN_POINT('Ctrl Pts',(-0.310387973997737,-95.2941089646561,
0.050539035179548));
#4740=CARTESIAN_POINT('Ctrl Pts',(-0.22522764924897,-95.3705581782209,0.0640753912207236));
#4741=CARTESIAN_POINT('Ctrl Pts',(-0.195462316070776,-95.3979557327509,
0.0671574391086235));
#4742=CARTESIAN_POINT('Ctrl Pts',(-0.138611757251801,-95.4516993252098,
0.0689153392236109));
#4743=CARTESIAN_POINT('Ctrl Pts',(-0.112298620197445,-95.4771471716067,
0.068056198982434));
#4744=CARTESIAN_POINT('Ctrl Pts',(-0.0497190144716289,-95.5391303735538,
0.0619557317945464));
#4745=CARTESIAN_POINT('Ctrl Pts',(-0.01455134769806,-95.5750824221524,0.0553968624489045));
#4746=CARTESIAN_POINT('Ctrl Pts',(0.0953011673505375,-95.6910885385473,
0.0279523400862175));
#4747=CARTESIAN_POINT('Ctrl Pts',(0.168793948446229,-95.7740253930345,-0.000510208615297149));
#4748=CARTESIAN_POINT('Ctrl Pts',(0.313140938048086,-95.9497371851164,-0.0496620073747562));
#4749=CARTESIAN_POINT('Ctrl Pts',(0.394862800898208,-96.0560224116066,-0.0749999999999911));
#4750=CARTESIAN_POINT('Ctrl Pts',(0.47450102190925,-96.1708197828433,-0.075));
#4751=CARTESIAN_POINT('Origin',(0.925000000000225,-94.3249999999992,-0.0750000000000002));
#4752=CARTESIAN_POINT('',(0.925000000000224,-95.7249999999992,0.425));
#4753=CARTESIAN_POINT('Origin',(0.925000000000225,-94.3249999999992,0.425));
#4754=CARTESIAN_POINT('',(0.925000000000225,-96.2249999999992,-0.0750000000000002));
#4755=CARTESIAN_POINT('Origin',(0.925000000000225,-96.2249999999992,0.425));
#4756=CARTESIAN_POINT('Origin',(0.925000000000225,-94.3249999999992,-0.0750000000000002));
#4757=CARTESIAN_POINT('Origin',(214.175,-96.2249999999992,0.425));
#4758=CARTESIAN_POINT('',(284.825,-95.7249999999992,0.425));
#4759=CARTESIAN_POINT('',(284.825,-96.2249999999992,-0.0750000000000002));
#4760=CARTESIAN_POINT('Origin',(284.825,-96.2249999999992,0.425));
#4761=CARTESIAN_POINT('',(214.175,-96.2249999999992,-0.0750000000000002));
#4762=CARTESIAN_POINT('',(214.175,-95.7249999999992,0.425));
#4763=CARTESIAN_POINT('Origin',(284.825,-94.3249999999992,0.425));
#4764=CARTESIAN_POINT('',(285.275498978061,-96.1708197828506,-0.0750000000000001));
#4765=CARTESIAN_POINT('',(286.648737388269,-94.8578995577311,-0.0750000000000001));
#4766=CARTESIAN_POINT('Ctrl Pts',(285.275498978061,-96.1708197828508,-0.075));
#4767=CARTESIAN_POINT('Ctrl Pts',(285.289145661074,-96.1511482819548,-0.0750000000000074));
#4768=CARTESIAN_POINT('Ctrl Pts',(285.302372333552,-96.1324019187974,-0.074244625609437));
#4769=CARTESIAN_POINT('Ctrl Pts',(285.419027487133,-95.9693174212792,-0.0629858924529699));
#4770=CARTESIAN_POINT('Ctrl Pts',(285.52984719537,-95.832158269288,-0.0159637581389862));
#4771=CARTESIAN_POINT('Ctrl Pts',(285.688327564258,-95.6553577299232,0.0362084671841578));
#4772=CARTESIAN_POINT('Ctrl Pts',(285.737678373689,-95.6026438540978,0.0505390351698595));
#4773=CARTESIAN_POINT('Ctrl Pts',(285.817873183288,-95.521000999594,0.0640753912269919));
#4774=CARTESIAN_POINT('Ctrl Pts',(285.846579220451,-95.4924954828561,0.0671574391187909));
#4775=CARTESIAN_POINT('Ctrl Pts',(285.902820534105,-95.4381146552829,0.0689153392393591));
#4776=CARTESIAN_POINT('Ctrl Pts',(285.9294238671,-95.412970337016,0.0680561990007802));
#4777=CARTESIAN_POINT('Ctrl Pts',(285.994153648932,-95.3532360946112,0.0619557318208064));
#4778=CARTESIAN_POINT('Ctrl Pts',(286.03164805604,-95.3197176814934,0.0553968624822109));
#4779=CARTESIAN_POINT('Ctrl Pts',(286.152468272945,-95.2151831452718,0.0279523401455961));
#4780=CARTESIAN_POINT('Ctrl Pts',(286.238620454488,-95.1454872895525,-0.000510208531419344));
#4781=CARTESIAN_POINT('Ctrl Pts',(286.420634544859,-95.0091731002518,-0.0496620073224035));
#4782=CARTESIAN_POINT('Ctrl Pts',(286.530480949128,-94.9323045127408,-0.0750000000000599));
#4783=CARTESIAN_POINT('Ctrl Pts',(286.648737388269,-94.8578995577311,-0.075));
#4784=CARTESIAN_POINT('Origin',(284.825,-94.3249999999992,-0.0750000000000002));
#4785=CARTESIAN_POINT('Origin',(284.825,-94.3249999999992,0.425));
#4786=CARTESIAN_POINT('Origin',(284.825,-94.3249999999992,-0.0750000000000002));
#4787=CARTESIAN_POINT('Origin',(142.875,-46.7174999999995,-0.0750000000000002));
#4788=CARTESIAN_POINT('',(-1.48434728075589,-94.544322314862,-0.0750000004651363));
#4789=CARTESIAN_POINT('Origin',(-3.428314754036,-98.87831475404,-0.0750000000000001));
#4790=CARTESIAN_POINT('',(-2.4,-93.1300721505,-0.0750000004651362));
#4791=CARTESIAN_POINT('Origin',(-0.850000000000006,-93.1300721505,-0.0750000000000001));
#4792=CARTESIAN_POINT('',(-2.4,-1.40000000000001,-0.0750000004651362));
#4793=CARTESIAN_POINT('',(-2.4,-69.9237860752497,-0.0750000000000002));
#4794=CARTESIAN_POINT('',(1.6,2.59999999999999,-0.0750000004651362));
#4795=CARTESIAN_POINT('Origin',(1.6,-1.40000000000001,-0.0750000000000001));
#4796=CARTESIAN_POINT('',(284.150014,2.6,-0.0750000004651362));
#4797=CARTESIAN_POINT('',(72.2375000000001,2.6,-0.0750000000000002));
#4798=CARTESIAN_POINT('',(288.150014,-1.40000000000001,-0.0750000004651362));
#4799=CARTESIAN_POINT('Origin',(284.150014,-1.4,-0.0750000000000001));
#4800=CARTESIAN_POINT('',(288.150014,-93.13006587096,-0.0750000004651362));
#4801=CARTESIAN_POINT('',(288.150014,-24.0587499999997,-0.0750000000000002));
#4802=CARTESIAN_POINT('',(287.234357836301,-94.5443175802915,-0.0750000004651363));
#4803=CARTESIAN_POINT('Origin',(286.600014,-93.13006587096,-0.0750000000000001));
#4804=CARTESIAN_POINT('Origin',(289.178314754,-98.87831475404,-0.0750000000000001));
#4805=CARTESIAN_POINT('Origin',(142.875,-46.7174999999995,-0.0750000000000002));
#4806=CARTESIAN_POINT('',(284.844322314855,-96.9343472807299,-0.0750000004651363));
#4807=CARTESIAN_POINT('Origin',(289.178314754,-98.87831475404,-0.0750000000000001));
#4808=CARTESIAN_POINT('',(283.4300721505,-97.85,-0.0750000004651362));
#4809=CARTESIAN_POINT('Origin',(283.4300721505,-96.3000000000001,-0.0750000000000001));
#4810=CARTESIAN_POINT('',(2.31992784950201,-97.85,-0.0750000004651362));
#4811=CARTESIAN_POINT('',(213.15253607525,-97.85,-0.0750000000000002));
#4812=CARTESIAN_POINT('',(0.905677685137785,-96.9343472807507,-0.0750000004651363));
#4813=CARTESIAN_POINT('Origin',(2.319927849502,-96.3,-0.0750000000000001));
#4814=CARTESIAN_POINT('Origin',(-3.428314754036,-98.87831475404,-0.0750000000000001));
#4815=CARTESIAN_POINT('Origin',(0.925000000000266,-0.924999999999159,-0.0750000000000002));
#4816=CARTESIAN_POINT('',(0.925000000000266,0.475000000000845,0.9));
#4817=CARTESIAN_POINT('',(0.925000000000266,0.475000000000845,-0.0750000000000002));
#4818=CARTESIAN_POINT('',(-0.474999999999734,-0.924999999999159,0.9));
#4819=CARTESIAN_POINT('Origin',(0.925000000000266,-0.924999999999159,0.9));
#4820=CARTESIAN_POINT('',(-0.474999999999734,-0.924999999999159,-0.0750000000000002));
#4821=CARTESIAN_POINT('Origin',(0.275000000000247,0.475000000000845,-0.0750000000000002));
#4822=CARTESIAN_POINT('',(284.825,0.47500000000081,0.9));
#4823=CARTESIAN_POINT('',(284.825,0.47500000000081,-0.0750000000000002));
#4824=CARTESIAN_POINT('',(71.5750000000003,0.475000000000836,0.9));
#4825=CARTESIAN_POINT('Origin',(284.825,-0.924999999999155,-0.0750000000000002));
#4826=CARTESIAN_POINT('',(286.225,-0.924999999999155,0.9));
#4827=CARTESIAN_POINT('',(286.225,-0.924999999999155,-0.0750000000000002));
#4828=CARTESIAN_POINT('Origin',(284.825,-0.924999999999155,0.9));
#4829=CARTESIAN_POINT('Origin',(286.225,-0.274999999999191,-0.0750000000000002));
#4830=CARTESIAN_POINT('',(286.225,-94.3249999999992,0.9));
#4831=CARTESIAN_POINT('',(286.225,-94.3249999999992,-0.0750000000000002));
#4832=CARTESIAN_POINT('',(286.225,-23.4962499999993,0.9));
#4833=CARTESIAN_POINT('Origin',(1.6,-1.40000000000001,-1.425));
#4834=CARTESIAN_POINT('',(-2.4,-1.40000000000001,-1.575));
#4835=CARTESIAN_POINT('',(-2.4,-1.40000000000001,-1.425));
#4836=CARTESIAN_POINT('',(1.6,2.59999999999999,-1.575));
#4837=CARTESIAN_POINT('Origin',(1.6,-1.40000000000001,-1.575));
#4838=CARTESIAN_POINT('',(1.6,2.59999999999999,-1.425));
#4839=CARTESIAN_POINT('Origin',(1.6,2.59999999999999,-1.425));
#4840=CARTESIAN_POINT('',(284.150014,2.59999999999999,-1.575));
#4841=CARTESIAN_POINT('',(72.2375,2.59999999999999,-1.575));
#4842=CARTESIAN_POINT('',(284.150014,2.59999999999999,-1.425));
#4843=CARTESIAN_POINT('Origin',(284.150014,-1.4,-1.425));
#4844=CARTESIAN_POINT('',(288.150014,-1.40000000000001,-1.575));
#4845=CARTESIAN_POINT('Origin',(284.150014,-1.4,-1.575));
#4846=CARTESIAN_POINT('',(288.150014,-1.40000000000001,-1.425));
#4847=CARTESIAN_POINT('Origin',(288.150014,-1.40000000000001,-1.425));
#4848=CARTESIAN_POINT('',(288.150014,-93.13006587096,-1.575));
#4849=CARTESIAN_POINT('',(288.150014,-24.05875,-1.575));
#4850=CARTESIAN_POINT('',(288.150014,-93.13006587096,-1.425));
#4851=CARTESIAN_POINT('Origin',(283.4300721505,-96.3000000000001,-1.425));
#4852=CARTESIAN_POINT('',(284.844322314871,-96.9343472807367,-1.575));
#4853=CARTESIAN_POINT('',(284.844322314848,-96.9343472807265,-1.425));
#4854=CARTESIAN_POINT('',(283.4300721505,-97.85,-1.575));
#4855=CARTESIAN_POINT('Origin',(283.4300721505,-96.3000000000001,-1.575));
#4856=CARTESIAN_POINT('',(283.4300721505,-97.85,-1.425));
#4857=CARTESIAN_POINT('Origin',(289.178314754,-98.87831475404,-1.425));
#4858=CARTESIAN_POINT('',(287.234357836301,-94.5443175802916,-1.575));
#4859=CARTESIAN_POINT('',(287.234357836301,-94.5443175802916,-1.425));
#4860=CARTESIAN_POINT('Origin',(289.178314754,-98.87831475404,-1.575));
#4861=CARTESIAN_POINT('Origin',(286.600014,-93.13006587096,-1.425));
#4862=CARTESIAN_POINT('Origin',(286.600014,-93.13006587096,-1.575));
#4863=CARTESIAN_POINT('Origin',(283.4300721505,-97.85,-1.425));
#4864=CARTESIAN_POINT('',(2.31992784950201,-97.85,-1.575));
#4865=CARTESIAN_POINT('',(213.15253607525,-97.85,-1.575));
#4866=CARTESIAN_POINT('',(2.31992784950201,-97.85,-1.425));
#4867=CARTESIAN_POINT('Origin',(-2.4,-93.1300721505,-1.425));
#4868=CARTESIAN_POINT('',(-2.4,-93.1300721505,-1.575));
#4869=CARTESIAN_POINT('',(-2.4,-93.1300721505,-1.425));
#4870=CARTESIAN_POINT('',(-2.4,-69.92378607525,-1.575));
#4871=CARTESIAN_POINT('Origin',(-0.850000000000006,-93.1300721505,-1.425));
#4872=CARTESIAN_POINT('',(-1.48434728075584,-94.5443223148619,-1.575));
#4873=CARTESIAN_POINT('',(-1.48434728075593,-94.5443223148621,-1.425));
#4874=CARTESIAN_POINT('Origin',(-0.850000000000006,-93.1300721505,-1.575));
#4875=CARTESIAN_POINT('Origin',(2.319927849502,-96.3,-1.425));
#4876=CARTESIAN_POINT('',(0.905677685137782,-96.9343472807507,-1.575));
#4877=CARTESIAN_POINT('Origin',(2.319927849502,-96.3,-1.575));
#4878=CARTESIAN_POINT('',(0.905677685137782,-96.9343472807507,-1.425));
#4879=CARTESIAN_POINT('Origin',(-3.428314754036,-98.87831475404,-1.425));
#4880=CARTESIAN_POINT('Origin',(-3.428314754036,-98.87831475404,-1.575));
#4881=CARTESIAN_POINT('Origin',(142.875,-101.025,-3.075));
#4882=CARTESIAN_POINT('',(140.77740307627,-100.924565217391,-0.0750000004651362));
#4883=CARTESIAN_POINT('',(144.97259692373,-100.924565217391,-0.0750000004651362));
#4884=CARTESIAN_POINT('Origin',(142.875,-101.025,-0.0750000000000001));
#4885=CARTESIAN_POINT('',(140.77740307627,-100.924565217391,-2.55));
#4886=CARTESIAN_POINT('',(140.77740307627,-100.924565217391,-3.075));
#4887=CARTESIAN_POINT('',(144.97259692373,-100.924565217391,-2.55));
#4888=CARTESIAN_POINT('Origin',(142.875,-101.025,-2.55));
#4889=CARTESIAN_POINT('',(144.97259692373,-100.924565217391,-3.075));
#4890=CARTESIAN_POINT('Origin',(146.321052088985,-100.86,-3.075));
#4891=CARTESIAN_POINT('Origin',(146.321052088985,-100.86,-0.0750000000000001));
#4892=CARTESIAN_POINT('',(146.321052088985,-102.21,-2.55));
#4893=CARTESIAN_POINT('Origin',(146.321052088985,-100.86,-2.55));
#4894=CARTESIAN_POINT('',(146.321052088985,-102.21,-1.425));
#4895=CARTESIAN_POINT('Origin',(139.428947911015,-100.86,-3.075));
#4896=CARTESIAN_POINT('',(139.428947911015,-102.21,-2.55));
#4897=CARTESIAN_POINT('',(139.428947911015,-102.21,-1.425));
#4898=CARTESIAN_POINT('Origin',(139.428947911015,-100.86,-2.55));
#4899=CARTESIAN_POINT('Origin',(139.428947911015,-100.86,-0.0750000000000001));
#4900=CARTESIAN_POINT('Origin',(35.2492220773923,-100.86,-3.075));
#4901=CARTESIAN_POINT('',(33.9007669121372,-100.924565217391,-0.0750000004651362));
#4902=CARTESIAN_POINT('',(34.2004132292222,-101.71,-0.0750000000000001));
#4903=CARTESIAN_POINT('Origin',(35.2492220773923,-100.86,-0.0750000000000001));
#4904=CARTESIAN_POINT('',(33.9007669121372,-100.924565217391,-2.55));
#4905=CARTESIAN_POINT('',(33.9007669121372,-100.924565217391,-3.075));
#4906=CARTESIAN_POINT('',(35.2492220773923,-102.21,-2.55));
#4907=CARTESIAN_POINT('Origin',(35.2492220773923,-100.86,-2.55));
#4908=CARTESIAN_POINT('',(35.2492220753662,-102.21,0.424999998619766));
#4909=CARTESIAN_POINT('',(35.2492220773923,-102.21,-0.0750000357627867));
#4910=CARTESIAN_POINT('Ctrl Pts',(34.2004132292221,-101.71,-0.0750000000000001));
#4911=CARTESIAN_POINT('Ctrl Pts',(34.2684351319195,-101.793931733433,-0.0749999999999972));
#4912=CARTESIAN_POINT('Ctrl Pts',(34.3439301071747,-101.866736752046,-0.0549068190822218));
#4913=CARTESIAN_POINT('Ctrl Pts',(34.5068439742293,-101.99223106662,0.00640403434744925));
#4914=CARTESIAN_POINT('Ctrl Pts',(34.5942272410652,-102.044711377172,0.0481428405296234));
#4915=CARTESIAN_POINT('Ctrl Pts',(34.8675830190732,-102.170372380931,0.192021381016403));
#4916=CARTESIAN_POINT('Ctrl Pts',(35.0646463285027,-102.209999999701,0.312670776399833));
#4917=CARTESIAN_POINT('Ctrl Pts',(35.2492220753008,-102.21,0.424999998727161));
#4918=CARTESIAN_POINT('Origin',(31.803169988407,-101.025,-3.075));
#4919=CARTESIAN_POINT('',(29.7055730646768,-100.924565217391,-0.0750000004651362));
#4920=CARTESIAN_POINT('Origin',(31.803169988407,-101.025,-0.0750000000000001));
#4921=CARTESIAN_POINT('',(29.7055730646768,-100.924565217391,-2.55));
#4922=CARTESIAN_POINT('',(29.7055730646768,-100.924565217391,-3.075));
#4923=CARTESIAN_POINT('Origin',(31.803169988407,-101.025,-2.55));
#4924=CARTESIAN_POINT('Origin',(28.3571178994217,-100.86,-3.075));
#4925=CARTESIAN_POINT('',(28.3571179014478,-102.21,0.424999998619765));
#4926=CARTESIAN_POINT('',(28.3571178994217,-102.21,-2.55));
#4927=CARTESIAN_POINT('',(28.3571178994217,-102.21,-1.425));
#4928=CARTESIAN_POINT('Origin',(28.3571178994217,-100.86,-2.55));
#4929=CARTESIAN_POINT('',(29.4059267475919,-101.71,-0.0750000000000006));
#4930=CARTESIAN_POINT('Origin',(28.3571178994217,-100.86,-0.0750000000000001));
#4931=CARTESIAN_POINT('Ctrl Pts',(28.3571179015132,-102.21,0.424999998727161));
#4932=CARTESIAN_POINT('Ctrl Pts',(28.5416936483113,-102.209999999701,0.312670776399834));
#4933=CARTESIAN_POINT('Ctrl Pts',(28.7387569577408,-102.170372380931,0.192021381016402));
#4934=CARTESIAN_POINT('Ctrl Pts',(29.0121127357488,-102.044711377172,0.0481428405296235));
#4935=CARTESIAN_POINT('Ctrl Pts',(29.0994960025847,-101.99223106662,0.00640403434745011));
#4936=CARTESIAN_POINT('Ctrl Pts',(29.2624098696393,-101.866736752046,-0.0549068190822227));
#4937=CARTESIAN_POINT('Ctrl Pts',(29.3379048448945,-101.793931733433,-0.0750000000000001));
#4938=CARTESIAN_POINT('Ctrl Pts',(29.4059267475919,-101.71,-0.0750000000000001));
#4939=CARTESIAN_POINT('Origin',(-5.61,-44.1751775408001,-3.075));
#4940=CARTESIAN_POINT('',(-6.96,-44.1789479100574,-1.42499999950217));
#4941=CARTESIAN_POINT('',(-6.96,-44.1789479110147,-1.42499999950217));
#4942=CARTESIAN_POINT('',(-6.96,-44.1751775408001,-1.425));
#4943=CARTESIAN_POINT('',(-6.96,-48.8961612295999,-1.425));
#4944=CARTESIAN_POINT('',(-6.96,-44.1751775408001,-2.55));
#4945=CARTESIAN_POINT('',(-6.96,-44.1751775408001,-1.575));
#4946=CARTESIAN_POINT('',(-5.59630434782608,-45.5251080683131,-2.55));
#4947=CARTESIAN_POINT('Origin',(-5.61,-44.1751775408001,-2.55));
#4948=CARTESIAN_POINT('',(-5.59630434782608,-45.5251080683131,-0.0750000004651362));
#4949=CARTESIAN_POINT('',(-5.59630434782608,-45.5251080683131,-3.075));
#4950=CARTESIAN_POINT('Origin',(-5.61,-44.1751775408001,-0.0750000000000001));
#4951=CARTESIAN_POINT('Origin',(-5.575,-47.625,-3.075));
#4952=CARTESIAN_POINT('',(-5.59630434782609,-49.7248919316869,-0.0750000004651362));
#4953=CARTESIAN_POINT('Origin',(-5.575,-47.625,-0.0750000000000001));
#4954=CARTESIAN_POINT('',(-5.59630434782609,-49.7248919316869,-2.55));
#4955=CARTESIAN_POINT('Origin',(-5.575,-47.625,-2.55));
#4956=CARTESIAN_POINT('',(-5.59630434782609,-49.7248919316869,-1.575));
#4957=CARTESIAN_POINT('Origin',(291.325,-47.625,-3.075));
#4958=CARTESIAN_POINT('',(291.346304347826,-49.7248919316869,-0.0750000004651362));
#4959=CARTESIAN_POINT('',(291.346304347826,-45.5251080683131,-0.0750000004651362));
#4960=CARTESIAN_POINT('Origin',(291.325,-47.625,-0.0750000000000001));
#4961=CARTESIAN_POINT('',(291.346304347826,-49.7248919316869,-2.55));
#4962=CARTESIAN_POINT('',(291.346304347826,-49.7248919316869,-1.425));
#4963=CARTESIAN_POINT('',(291.346304347826,-45.5251080683131,-2.55));
#4964=CARTESIAN_POINT('Origin',(291.325,-47.625,-2.55));
#4965=CARTESIAN_POINT('',(291.346304347826,-45.5251080683131,-1.575));
#4966=CARTESIAN_POINT('Origin',(291.36,-51.0748224591999,-3.075));
#4967=CARTESIAN_POINT('',(292.70999736748,-51.071306851741,0.423852719259814));
#4968=CARTESIAN_POINT('',(292.71,-51.0710520899426,-1.42499999950217));
#4969=CARTESIAN_POINT('',(292.71,-51.0710520889853,-1.42499999950217));
#4970=CARTESIAN_POINT('',(292.71,-51.0748224591999,-1.425));
#4971=CARTESIAN_POINT('',(292.71,-70.1920126416467,-1.425));
#4972=CARTESIAN_POINT('',(292.71,-51.0748224591999,-2.55));
#4973=CARTESIAN_POINT('',(292.71,-51.0748224591999,-1.575));
#4974=CARTESIAN_POINT('Origin',(291.36,-51.0748224591999,-2.55));
#4975=CARTESIAN_POINT('',(292.21,-50.0260136110297,-0.0750000000000001));
#4976=CARTESIAN_POINT('Origin',(291.36,-51.0748224591999,-0.0750000000000001));
#4977=CARTESIAN_POINT('Ctrl Pts',(292.70999473496,-51.0710521036933,0.422705438519627));
#4978=CARTESIAN_POINT('Ctrl Pts',(292.709451136501,-50.8764139440677,0.30425301546628));
#4979=CARTESIAN_POINT('Ctrl Pts',(292.657355168552,-50.6479142525734,0.165248387365909));
#4980=CARTESIAN_POINT('Ctrl Pts',(292.52500978991,-50.3874416738903,0.0329030087236896));
#4981=CARTESIAN_POINT('Ctrl Pts',(292.474367062458,-50.306656100786,-0.00454760438341876));
#4982=CARTESIAN_POINT('Ctrl Pts',(292.353206473586,-50.1553473301621,-0.0586247849915738));
#4983=CARTESIAN_POINT('Ctrl Pts',(292.282571199147,-50.0848284459563,-0.0750000000000001));
#4984=CARTESIAN_POINT('Ctrl Pts',(292.21,-50.0260136110297,-0.0750000000000001));
#4985=CARTESIAN_POINT('Origin',(257.392882100535,-100.86,-3.075));
#4986=CARTESIAN_POINT('',(256.04442693528,-100.924565217391,-0.0750000004651362));
#4987=CARTESIAN_POINT('Origin',(257.392882100535,-100.86,-0.0750000000000001));
#4988=CARTESIAN_POINT('',(256.04442693528,-100.924565217391,-2.55));
#4989=CARTESIAN_POINT('',(256.04442693528,-100.924565217391,-3.075));
#4990=CARTESIAN_POINT('',(257.392882100535,-102.21,-2.55));
#4991=CARTESIAN_POINT('Origin',(257.392882100535,-100.86,-2.55));
#4992=CARTESIAN_POINT('',(257.392882100535,-102.21,-1.425));
#4993=CARTESIAN_POINT('Origin',(250.500777922565,-100.86,-3.075));
#4994=CARTESIAN_POINT('',(250.500777922565,-102.21,-2.55));
#4995=CARTESIAN_POINT('',(250.500777922565,-102.21,-1.425));
#4996=CARTESIAN_POINT('',(251.84923308782,-100.924565217391,-2.55));
#4997=CARTESIAN_POINT('Origin',(250.500777922565,-100.86,-2.55));
#4998=CARTESIAN_POINT('',(251.84923308782,-100.924565217391,-0.0750000004651362));
#4999=CARTESIAN_POINT('',(251.84923308782,-100.924565217391,-3.075));
#5000=CARTESIAN_POINT('Origin',(250.500777922565,-100.86,-0.0750000000000001));
#5001=CARTESIAN_POINT('Origin',(253.94683001155,-101.025,-3.075));
#5002=CARTESIAN_POINT('Origin',(253.94683001155,-101.025,-0.0750000000000001));
#5003=CARTESIAN_POINT('Origin',(253.94683001155,-101.025,-2.55));
#5004=CARTESIAN_POINT('Origin',(213.9375,-95.7499999999992,-2.55));
#5005=CARTESIAN_POINT('',(1.00000000000026,-95.7499999999992,-3.05));
#5006=CARTESIAN_POINT('',(1.00000000000026,-95.2499999999992,-2.55));
#5007=CARTESIAN_POINT('Origin',(1.00000000000026,-95.7499999999992,-2.55));
#5008=CARTESIAN_POINT('',(284.75,-95.2499999999992,-2.55));
#5009=CARTESIAN_POINT('',(213.9375,-95.2499999999992,-2.55));
#5010=CARTESIAN_POINT('',(284.75,-95.7499999999992,-3.05));
#5011=CARTESIAN_POINT('Origin',(284.75,-95.7499999999992,-2.55));
#5012=CARTESIAN_POINT('',(213.9375,-95.7499999999992,-3.05));
#5013=CARTESIAN_POINT('Origin',(284.75,-94.2499999999991,-2.55));
#5014=CARTESIAN_POINT('',(285.75,-94.2499999999991,-2.55));
#5015=CARTESIAN_POINT('',(286.25,-94.2499999999991,-3.05));
#5016=CARTESIAN_POINT('Origin',(286.25,-94.2499999999991,-2.55));
#5017=CARTESIAN_POINT('Origin',(284.75,-94.2499999999991,-3.05));
#5018=CARTESIAN_POINT('Origin',(284.75,-94.2499999999991,-2.55));
#5019=CARTESIAN_POINT('Origin',(286.25,-23.7337499999993,-2.55));
#5020=CARTESIAN_POINT('',(285.75,-0.749999999999185,-2.55));
#5021=CARTESIAN_POINT('',(286.25,-0.749999999999185,-3.05));
#5022=CARTESIAN_POINT('Origin',(286.25,-0.749999999999185,-2.55));
#5023=CARTESIAN_POINT('',(286.25,-23.7337499999993,-3.05));
#5024=CARTESIAN_POINT('',(285.75,-23.7337499999993,-2.55));
#5025=CARTESIAN_POINT('Origin',(285.,-0.749999999999192,-2.55));
#5026=CARTESIAN_POINT('',(285.,8.10879151723378E-13,-2.55));
#5027=CARTESIAN_POINT('',(285.,0.500000000000811,-3.05));
#5028=CARTESIAN_POINT('Origin',(285.,0.500000000000811,-2.55));
#5029=CARTESIAN_POINT('Origin',(285.,-0.749999999999192,-3.05));
#5030=CARTESIAN_POINT('Origin',(285.,-0.749999999999192,-2.55));
#5031=CARTESIAN_POINT('Origin',(71.8125000000003,0.500000000000811,-2.55));
#5032=CARTESIAN_POINT('',(0.750000000000277,8.11156697394548E-13,-2.55));
#5033=CARTESIAN_POINT('',(0.750000000000277,0.500000000000811,-3.05));
#5034=CARTESIAN_POINT('Origin',(0.750000000000277,0.500000000000811,-2.55));
#5035=CARTESIAN_POINT('',(71.8125000000003,0.500000000000811,-3.05));
#5036=CARTESIAN_POINT('',(71.8125000000003,8.10948530549638E-13,-2.55));
#5037=CARTESIAN_POINT('Origin',(0.750000000000277,-0.749999999999232,-2.55));
#5038=CARTESIAN_POINT('',(2.48689957516035E-13,-0.749999999999185,-2.55));
#5039=CARTESIAN_POINT('',(-0.499999999999766,-0.749999999999153,-3.05));
#5040=CARTESIAN_POINT('Origin',(-0.499999999999766,-0.749999999999153,-2.55));
#5041=CARTESIAN_POINT('Origin',(0.750000000000277,-0.749999999999232,-3.05));
#5042=CARTESIAN_POINT('Origin',(0.750000000000277,-0.749999999999232,-2.55));
#5043=CARTESIAN_POINT('Origin',(-0.49999999999975,-70.6087499999994,-2.55));
#5044=CARTESIAN_POINT('',(2.48689957516035E-13,-94.2499999999992,-2.55));
#5045=CARTESIAN_POINT('',(-0.49999999999975,-94.2499999999992,-3.05));
#5046=CARTESIAN_POINT('Origin',(-0.49999999999975,-94.2499999999992,-2.55));
#5047=CARTESIAN_POINT('',(-0.49999999999975,-70.6087499999994,-3.05));
#5048=CARTESIAN_POINT('',(2.48689957516035E-13,-70.6087499999994,-2.55));
#5049=CARTESIAN_POINT('Origin',(1.00000000000026,-94.2499999999992,-2.55));
#5050=CARTESIAN_POINT('Origin',(1.00000000000026,-94.2499999999992,-3.05));
#5051=CARTESIAN_POINT('Origin',(1.00000000000026,-94.2499999999992,-2.55));
#5052=CARTESIAN_POINT('Origin',(285.,-0.749999999999192,-3.075));
#5053=CARTESIAN_POINT('',(285.75,-0.749999999999185,-2.075));
#5054=CARTESIAN_POINT('',(285.75,-0.749999999999185,-3.075));
#5055=CARTESIAN_POINT('',(285.,8.10879151748524E-13,-2.075));
#5056=CARTESIAN_POINT('Origin',(285.,-0.749999999999192,-2.075));
#5057=CARTESIAN_POINT('',(285.,8.10879151695585E-13,-3.075));
#5058=CARTESIAN_POINT('Origin',(285.75,-0.749999999999185,-3.075));
#5059=CARTESIAN_POINT('',(285.75,-94.2499999999991,-2.075));
#5060=CARTESIAN_POINT('',(285.75,-94.2499999999991,-3.075));
#5061=CARTESIAN_POINT('',(285.75,-23.7337499999993,-2.075));
#5062=CARTESIAN_POINT('Origin',(284.75,-94.2499999999991,-3.075));
#5063=CARTESIAN_POINT('',(284.75,-95.2499999999992,-2.075));
#5064=CARTESIAN_POINT('',(284.75,-95.2499999999992,-3.075));
#5065=CARTESIAN_POINT('Origin',(284.75,-94.2499999999991,-2.075));
#5066=CARTESIAN_POINT('Origin',(285.,-95.2499999999992,-3.075));
#5067=CARTESIAN_POINT('',(1.00000000000026,-95.2499999999992,-2.075));
#5068=CARTESIAN_POINT('',(1.00000000000026,-95.2499999999992,-3.075));
#5069=CARTESIAN_POINT('',(213.9375,-95.2499999999992,-2.075));
#5070=CARTESIAN_POINT('Origin',(142.875,-46.7174999999995,-3.05));
#5071=CARTESIAN_POINT('',(283.890899677105,-101.71,-3.05));
#5072=CARTESIAN_POINT('',(284.786583389339,-100.898037989748,-3.05));
#5073=CARTESIAN_POINT('Origin',(283.890899677105,-100.81,-3.05));
#5074=CARTESIAN_POINT('',(257.392882100535,-101.71,-3.05));
#5075=CARTESIAN_POINT('',(200.133941050268,-101.71,-3.05));
#5076=CARTESIAN_POINT('',(256.543854774264,-100.900652173913,-3.05));
#5077=CARTESIAN_POINT('Origin',(257.392882100535,-100.86,-3.05));
#5078=CARTESIAN_POINT('',(251.349805248836,-100.900652173913,-3.05));
#5079=CARTESIAN_POINT('Origin',(253.94683001155,-101.025,-3.05));
#5080=CARTESIAN_POINT('',(250.500777922565,-101.71,-3.05));
#5081=CARTESIAN_POINT('Origin',(250.500777922565,-100.86,-3.05));
#5082=CARTESIAN_POINT('',(146.321052088985,-101.71,-3.05));
#5083=CARTESIAN_POINT('',(200.133941050268,-101.71,-3.05));
#5084=CARTESIAN_POINT('',(145.472024762714,-100.900652173913,-3.05));
#5085=CARTESIAN_POINT('Origin',(146.321052088985,-100.86,-3.05));
#5086=CARTESIAN_POINT('',(140.277975237286,-100.900652173913,-3.05));
#5087=CARTESIAN_POINT('Origin',(142.875,-101.025,-3.05));
#5088=CARTESIAN_POINT('',(139.428947911015,-101.71,-3.05));
#5089=CARTESIAN_POINT('Origin',(139.428947911015,-100.86,-3.05));
#5090=CARTESIAN_POINT('',(35.2492220773923,-101.71,-3.05));
#5091=CARTESIAN_POINT('',(200.133941050268,-101.71,-3.05));
#5092=CARTESIAN_POINT('',(34.4001947511206,-100.900652173913,-3.05));
#5093=CARTESIAN_POINT('Origin',(35.2492220773923,-100.86,-3.05));
#5094=CARTESIAN_POINT('',(29.2061452256934,-100.900652173913,-3.05));
#5095=CARTESIAN_POINT('Origin',(31.803169988407,-101.025,-3.05));
#5096=CARTESIAN_POINT('',(28.3571178994217,-101.71,-3.05));
#5097=CARTESIAN_POINT('Origin',(28.3571178994217,-100.86,-3.05));
#5098=CARTESIAN_POINT('',(1.85910032285932,-101.71,-3.05));
#5099=CARTESIAN_POINT('',(200.133941050268,-101.71,-3.05));
#5100=CARTESIAN_POINT('',(0.963416610625427,-100.898037989748,-3.05));
#5101=CARTESIAN_POINT('Origin',(1.85910032285932,-100.81,-3.05));
#5102=CARTESIAN_POINT('',(1.03628962477705,-100.347092388906,-3.05));
#5103=CARTESIAN_POINT('Origin',(2.46116336259799,-100.815851208843,-3.05));
#5104=CARTESIAN_POINT('',(-5.06599980007238,-94.4728649824516,-3.05));
#5105=CARTESIAN_POINT('Origin',(-3.428314754036,-98.87831475404,-3.05));
#5106=CARTESIAN_POINT('',(-5.61380412256415,-94.5666597052367,-3.05));
#5107=CARTESIAN_POINT('Origin',(-5.58866524029675,-93.0668703744978,-3.05));
#5108=CARTESIAN_POINT('',(-6.46,-93.6682694134397,-3.05));
#5109=CARTESIAN_POINT('Origin',(-5.56,-93.6682694134397,-3.05));
#5110=CARTESIAN_POINT('',(-6.46,-51.0748224591999,-3.05));
#5111=CARTESIAN_POINT('',(-6.46,-48.8961612295997,-3.05));
#5112=CARTESIAN_POINT('',(-5.6013768115942,-50.2248662011362,-3.05));
#5113=CARTESIAN_POINT('Origin',(-5.61,-51.0748224591999,-3.05));
#5114=CARTESIAN_POINT('',(-5.6013768115942,-45.0251337988638,-3.05));
#5115=CARTESIAN_POINT('Origin',(-5.575,-47.625,-3.05));
#5116=CARTESIAN_POINT('',(-6.46,-44.1751775408001,-3.05));
#5117=CARTESIAN_POINT('Origin',(-5.61,-44.1751775408001,-3.05));
#5118=CARTESIAN_POINT('',(-6.46,4.975,-3.05));
#5119=CARTESIAN_POINT('',(-6.46,-48.8961612295997,-3.05));
#5120=CARTESIAN_POINT('',(-3.15999999999999,8.275,-3.05));
#5121=CARTESIAN_POINT('Origin',(-3.15999999999999,4.97499999999998,-3.05));
#5122=CARTESIAN_POINT('',(288.91,8.275,-3.05));
#5123=CARTESIAN_POINT('',(215.8925,8.275,-3.05));
#5124=CARTESIAN_POINT('',(292.21,4.97500000000001,-3.05));
#5125=CARTESIAN_POINT('Origin',(288.91,4.975,-3.05));
#5126=CARTESIAN_POINT('',(292.21,-44.1751775408001,-3.05));
#5127=CARTESIAN_POINT('',(292.21,-70.1920126416464,-3.05));
#5128=CARTESIAN_POINT('',(291.351376811594,-45.0251337988639,-3.05));
#5129=CARTESIAN_POINT('Origin',(291.36,-44.1751775408001,-3.05));
#5130=CARTESIAN_POINT('',(291.351376811594,-50.2248662011361,-3.05));
#5131=CARTESIAN_POINT('Origin',(291.325,-47.625,-3.05));
#5132=CARTESIAN_POINT('',(292.21,-51.0748224591999,-3.05));
#5133=CARTESIAN_POINT('Origin',(291.36,-51.0748224591999,-3.05));
#5134=CARTESIAN_POINT('',(292.21,-93.6682694134381,-3.05));
#5135=CARTESIAN_POINT('',(292.21,-70.1920126416464,-3.05));
#5136=CARTESIAN_POINT('',(291.36380412254,-94.5666597052365,-3.05));
#5137=CARTESIAN_POINT('Origin',(291.31,-93.6682694134381,-3.05));
#5138=CARTESIAN_POINT('',(290.815999800036,-94.4728649824516,-3.05));
#5139=CARTESIAN_POINT('Origin',(291.338665240261,-93.0668703744978,-3.05));
#5140=CARTESIAN_POINT('',(284.713710375261,-100.347092389132,-3.05));
#5141=CARTESIAN_POINT('Origin',(289.178314754,-98.87831475404,-3.05));
#5142=CARTESIAN_POINT('Origin',(283.288836637366,-100.815851208843,-3.05));
#5143=CARTESIAN_POINT('Origin',(291.338665240261,-93.0668703744978,-2.55));
#5144=CARTESIAN_POINT('',(291.382532595301,-95.0663892304133,-2.55));
#5145=CARTESIAN_POINT('',(290.641777986628,-94.9415298517695,-2.55));
#5146=CARTESIAN_POINT('Origin',(291.338665240261,-93.0668703744978,-2.55));
#5147=CARTESIAN_POINT('Origin',(290.815999800036,-94.4728649824516,-2.55));
#5148=CARTESIAN_POINT('Ctrl Pts',(291.36380412254,-94.5666597052365,-3.05));
#5149=CARTESIAN_POINT('Ctrl Pts',(291.363919700304,-94.5696767905607,-3.05));
#5150=CARTESIAN_POINT('Ctrl Pts',(291.364035210332,-94.5726938165778,-3.04997266418777));
#5151=CARTESIAN_POINT('Ctrl Pts',(291.364150640005,-94.5757104122436,-3.04991799561739));
#5152=CARTESIAN_POINT('Ctrl Pts',(291.366608725933,-94.6399491057495,-3.04875382317749));
#5153=CARTESIAN_POINT('Ctrl Pts',(291.369006510996,-94.7033660296303,-3.03520611696101));
#5154=CARTESIAN_POINT('Ctrl Pts',(291.371227253185,-94.7624801941432,-3.01001564634879));
#5155=CARTESIAN_POINT('Ctrl Pts',(291.37347617733,-94.8223445370479,-2.98450550029354));
#5156=CARTESIAN_POINT('Ctrl Pts',(291.375501048255,-94.876658450359,-2.94753998286779));
#5157=CARTESIAN_POINT('Ctrl Pts',(291.377199746715,-94.9223641157768,-2.90119734792329));
#5158=CARTESIAN_POINT('Ctrl Pts',(291.378898244112,-94.9680643713405,-2.85486019822652));
#5159=CARTESIAN_POINT('Ctrl Pts',(291.380238196978,-95.0042840747483,-2.80003458917229));
#5160=CARTESIAN_POINT('Ctrl Pts',(291.381151163578,-95.0289837516026,-2.73980501054491));
#5161=CARTESIAN_POINT('Ctrl Pts',(291.382064085,-95.0536822062116,-2.67957841233386));
#5162=CARTESIAN_POINT('Ctrl Pts',(291.382532595301,-95.0663892304133,-2.61510056471812));
#5163=CARTESIAN_POINT('Ctrl Pts',(291.382532595301,-95.0663892304133,-2.55));
#5164=CARTESIAN_POINT('Origin',(283.890899677105,-100.81,-2.55));
#5165=CARTESIAN_POINT('',(285.285236990102,-100.935791325548,-2.55));
#5166=CARTESIAN_POINT('',(283.890899677105,-102.21,-2.55));
#5167=CARTESIAN_POINT('Origin',(283.890899677105,-100.81,-2.55));
#5168=CARTESIAN_POINT('Origin',(283.890899677105,-101.71,-2.55));
#5169=CARTESIAN_POINT('Ctrl Pts',(285.285236990102,-100.935791325548,-2.55));
#5170=CARTESIAN_POINT('Ctrl Pts',(285.285236990102,-100.935791325548,-2.61510053286465));
#5171=CARTESIAN_POINT('Ctrl Pts',(285.27255704444,-100.934839068189,-2.67957834744221));
#5172=CARTESIAN_POINT('Ctrl Pts',(285.247911310681,-100.932985891243,-2.73980491669617));
#5173=CARTESIAN_POINT('Ctrl Pts',(285.223264351612,-100.931132622163,-2.80003448022868));
#5174=CARTESIAN_POINT('Ctrl Pts',(285.18712199805,-100.928413804118,-2.85486007360505));
#5175=CARTESIAN_POINT('Ctrl Pts',(285.141519639578,-100.924975509617,-2.90119721480308));
#5176=CARTESIAN_POINT('Ctrl Pts',(285.09591185773,-100.921536806209,-2.94753986676389));
#5177=CARTESIAN_POINT('Ctrl Pts',(285.04171450133,-100.917444206191,-2.98450539626229));
#5178=CARTESIAN_POINT('Ctrl Pts',(284.981979282239,-100.912916221062,-3.0100155600439));
#5179=CARTESIAN_POINT('Ctrl Pts',(284.922989469711,-100.908444738443,-3.03520739497703));
#5180=CARTESIAN_POINT('Ctrl Pts',(284.859706340067,-100.903632346511,-3.04875521282967));
#5181=CARTESIAN_POINT('Ctrl Pts',(284.795604466193,-100.898728327569,-3.04991817471759));
#5182=CARTESIAN_POINT('Ctrl Pts',(284.79259774311,-100.898498302672,-3.04997272389286));
#5183=CARTESIAN_POINT('Ctrl Pts',(284.789590594465,-100.89826818118,-3.05));
#5184=CARTESIAN_POINT('Ctrl Pts',(284.786583389339,-100.898037989748,-3.05));
#5185=CARTESIAN_POINT('Origin',(200.133941050268,-101.71,-2.55));
#5186=CARTESIAN_POINT('Origin',(257.392882100535,-101.71,-2.55));
#5187=CARTESIAN_POINT('',(200.133941050268,-102.21,-2.55));
#5188=CARTESIAN_POINT('Origin',(257.392882100535,-100.86,-2.55));
#5189=CARTESIAN_POINT('Origin',(256.543854774264,-100.900652173913,-2.55));
#5190=CARTESIAN_POINT('Origin',(253.94683001155,-101.025,-2.55));
#5191=CARTESIAN_POINT('Origin',(251.349805248836,-100.900652173913,-2.55));
#5192=CARTESIAN_POINT('Origin',(250.500777922565,-100.86,-2.55));
#5193=CARTESIAN_POINT('Origin',(250.500777922565,-101.71,-2.55));
#5194=CARTESIAN_POINT('Origin',(200.133941050268,-101.71,-2.55));
#5195=CARTESIAN_POINT('Origin',(146.321052088985,-101.71,-2.55));
#5196=CARTESIAN_POINT('',(200.133941050268,-102.21,-2.55));
#5197=CARTESIAN_POINT('Origin',(146.321052088985,-100.86,-2.55));
#5198=CARTESIAN_POINT('Origin',(145.472024762714,-100.900652173913,-2.55));
#5199=CARTESIAN_POINT('Origin',(142.875,-101.025,-2.55));
#5200=CARTESIAN_POINT('Origin',(140.277975237286,-100.900652173913,-2.55));
#5201=CARTESIAN_POINT('Origin',(139.428947911015,-100.86,-2.55));
#5202=CARTESIAN_POINT('Origin',(139.428947911015,-101.71,-2.55));
#5203=CARTESIAN_POINT('Origin',(200.133941050268,-101.71,-2.55));
#5204=CARTESIAN_POINT('Origin',(35.2492220773923,-101.71,-2.55));
#5205=CARTESIAN_POINT('',(200.133941050268,-102.21,-2.55));
#5206=CARTESIAN_POINT('Origin',(35.2492220773923,-100.86,-2.55));
#5207=CARTESIAN_POINT('Origin',(34.4001947511206,-100.900652173913,-2.55));
#5208=CARTESIAN_POINT('Origin',(31.803169988407,-101.025,-2.55));
#5209=CARTESIAN_POINT('Origin',(29.2061452256934,-100.900652173913,-2.55));
#5210=CARTESIAN_POINT('Origin',(28.3571178994217,-100.86,-2.55));
#5211=CARTESIAN_POINT('Origin',(28.3571178994217,-101.71,-2.55));
#5212=CARTESIAN_POINT('Origin',(200.133941050268,-101.71,-2.55));
#5213=CARTESIAN_POINT('',(1.85910032285932,-102.21,-2.55));
#5214=CARTESIAN_POINT('Origin',(1.85910032285932,-101.71,-2.55));
#5215=CARTESIAN_POINT('',(200.133941050268,-102.21,-2.55));
#5216=CARTESIAN_POINT('Origin',(1.85910032285932,-100.81,-2.55));
#5217=CARTESIAN_POINT('',(0.464763009861981,-100.935791325549,-2.55));
#5218=CARTESIAN_POINT('Origin',(1.85910032285932,-100.81,-2.55));
#5219=CARTESIAN_POINT('Ctrl Pts',(0.464763009861958,-100.935791325549,-2.55));
#5220=CARTESIAN_POINT('Ctrl Pts',(0.464763009861958,-100.935791325549,-2.615100513505));
#5221=CARTESIAN_POINT('Ctrl Pts',(0.47744294798229,-100.934839068756,-2.67957830927934));
#5222=CARTESIAN_POINT('Ctrl Pts',(0.502088667501078,-100.932985892882,-2.73980486346736));
#5223=CARTESIAN_POINT('Ctrl Pts',(0.526735574828215,-100.931132627694,-2.80003432029345));
#5224=CARTESIAN_POINT('Ctrl Pts',(0.562877835882071,-100.928413816609,-2.85485982900127));
#5225=CARTESIAN_POINT('Ctrl Pts',(0.60848007357068,-100.924975531243,-2.90119692336664));
#5226=CARTESIAN_POINT('Ctrl Pts',(0.654087594571441,-100.921536847529,-2.94753938618202));
#5227=CARTESIAN_POINT('Ctrl Pts',(0.708284615929893,-100.917444272879,-2.98450482746609));
#5228=CARTESIAN_POINT('Ctrl Pts',(0.768019473994546,-100.912916315338,-3.01001502890184));
#5229=CARTESIAN_POINT('Ctrl Pts',(0.826252157435257,-100.908502224025,-3.03488371584354));
#5230=CARTESIAN_POINT('Ctrl Pts',(0.888675606531265,-100.903755390375,-3.04840830121168));
#5231=CARTESIAN_POINT('Ctrl Pts',(0.951948479294835,-100.898915521742,-3.04986775538057));
#5232=CARTESIAN_POINT('Ctrl Pts',(0.955770565940895,-100.898623162687,-3.04995591575714));
#5233=CARTESIAN_POINT('Ctrl Pts',(0.959593529162003,-100.898330633769,-3.05));
#5234=CARTESIAN_POINT('Ctrl Pts',(0.963416610625428,-100.898037989748,-3.05));
#5235=CARTESIAN_POINT('Origin',(2.46116336259799,-100.815851208843,-2.55));
#5236=CARTESIAN_POINT('',(0.561331712170075,-100.190839448927,-2.55));
#5237=CARTESIAN_POINT('Origin',(2.46116336259799,-100.815851208843,-2.55));
#5238=CARTESIAN_POINT('Origin',(1.03628962477705,-100.347092388906,-2.55));
#5239=CARTESIAN_POINT('Origin',(-3.428314754036,-98.87831475404,-2.55));
#5240=CARTESIAN_POINT('',(-4.89177798666425,-94.9415298517695,-2.55));
#5241=CARTESIAN_POINT('Origin',(-5.06599980007238,-94.4728649824516,-2.55));
#5242=CARTESIAN_POINT('Origin',(-3.428314754036,-98.87831475404,-2.55));
#5243=CARTESIAN_POINT('Origin',(-5.58866524029675,-93.0668703744978,-2.55));
#5244=CARTESIAN_POINT('',(-5.6325325953294,-95.0663892304135,-2.55));
#5245=CARTESIAN_POINT('Origin',(-5.58866524029675,-93.0668703744978,-2.55));
#5246=CARTESIAN_POINT('Ctrl Pts',(-5.6325325953294,-95.0663892304135,-2.55));
#5247=CARTESIAN_POINT('Ctrl Pts',(-5.6325325953294,-95.0663892304135,-2.61510056471805));
#5248=CARTESIAN_POINT('Ctrl Pts',(-5.63206408502951,-95.0536822062117,-2.67957841233372));
#5249=CARTESIAN_POINT('Ctrl Pts',(-5.63115116360705,-95.0289837516027,-2.73980501054491));
#5250=CARTESIAN_POINT('Ctrl Pts',(-5.63023819700711,-95.0042840747484,-2.80003458917238));
#5251=CARTESIAN_POINT('Ctrl Pts',(-5.62889824413962,-94.9680643713406,-2.85486019822662));
#5252=CARTESIAN_POINT('Ctrl Pts',(-5.62719974674165,-94.9223641157771,-2.90119734792326));
#5253=CARTESIAN_POINT('Ctrl Pts',(-5.62550104828083,-94.8766584503593,-2.94753998286769));
#5254=CARTESIAN_POINT('Ctrl Pts',(-5.6234761773564,-94.8223445370483,-2.98450550029343));
#5255=CARTESIAN_POINT('Ctrl Pts',(-5.62122725321087,-94.7624801941435,-3.01001564634875));
#5256=CARTESIAN_POINT('Ctrl Pts',(-5.61900651102172,-94.7033660296312,-3.03520611696072));
#5257=CARTESIAN_POINT('Ctrl Pts',(-5.61660872595887,-94.6399491057571,-3.0487538231778));
#5258=CARTESIAN_POINT('Ctrl Pts',(-5.61415064002803,-94.5757104122404,-3.04991799561746));
#5259=CARTESIAN_POINT('Ctrl Pts',(-5.6140352103554,-94.5726938165756,-3.04997266418779));
#5260=CARTESIAN_POINT('Ctrl Pts',(-5.6139197003285,-94.5696767905599,-3.05));
#5261=CARTESIAN_POINT('Ctrl Pts',(-5.61380412256415,-94.5666597052367,-3.05));
#5262=CARTESIAN_POINT('Origin',(-5.56,-93.6682694134397,-2.55));
#5263=CARTESIAN_POINT('',(-6.96,-93.6682694134397,-2.55));
#5264=CARTESIAN_POINT('Origin',(-5.56,-93.6682694134397,-2.55));
#5265=CARTESIAN_POINT('Origin',(-6.46,-93.6682694134397,-2.55));
#5266=CARTESIAN_POINT('Origin',(-6.46,-48.8961612295997,-2.55));
#5267=CARTESIAN_POINT('',(-6.96,-51.0748224591999,-2.55));
#5268=CARTESIAN_POINT('Origin',(-6.46,-51.0748224591999,-2.55));
#5269=CARTESIAN_POINT('',(-6.96,-48.8961612295997,-2.55));
#5270=CARTESIAN_POINT('Origin',(-5.61,-51.0748224591999,-2.55));
#5271=CARTESIAN_POINT('Origin',(-5.6013768115942,-50.2248662011362,-2.55));
#5272=CARTESIAN_POINT('Origin',(-5.61,-51.0748224591999,-2.55));
#5273=CARTESIAN_POINT('Origin',(-5.575,-47.625,-2.55));
#5274=CARTESIAN_POINT('Origin',(-5.6013768115942,-45.0251337988638,-2.55));
#5275=CARTESIAN_POINT('Origin',(-5.61,-44.1751775408001,-2.55));
#5276=CARTESIAN_POINT('Origin',(-6.46,-44.1751775408001,-2.55));
#5277=CARTESIAN_POINT('Origin',(-6.46,-48.8961612295997,-2.55));
#5278=CARTESIAN_POINT('',(-6.96,4.975,-2.55));
#5279=CARTESIAN_POINT('Origin',(-6.46,4.975,-2.55));
#5280=CARTESIAN_POINT('',(-6.96,-48.8961612295997,-2.55));
#5281=CARTESIAN_POINT('Origin',(-3.15999999999999,4.97499999999998,-2.55));
#5282=CARTESIAN_POINT('',(-3.15999999999999,8.775,-2.55));
#5283=CARTESIAN_POINT('Origin',(-3.15999999999999,8.275,-2.55));
#5284=CARTESIAN_POINT('Origin',(-3.15999999999999,4.97499999999998,-2.55));
#5285=CARTESIAN_POINT('Origin',(215.8925,8.275,-2.55));
#5286=CARTESIAN_POINT('',(288.91,8.77499999999998,-2.55));
#5287=CARTESIAN_POINT('Origin',(288.91,8.275,-2.55));
#5288=CARTESIAN_POINT('',(215.8925,8.775,-2.55));
#5289=CARTESIAN_POINT('Origin',(288.91,4.975,-2.55));
#5290=CARTESIAN_POINT('',(292.71,4.975,-2.55));
#5291=CARTESIAN_POINT('Origin',(292.21,4.97500000000001,-2.55));
#5292=CARTESIAN_POINT('Origin',(288.91,4.975,-2.55));
#5293=CARTESIAN_POINT('Origin',(292.21,-70.1920126416464,-2.55));
#5294=CARTESIAN_POINT('',(292.71,-44.1751775408001,-2.55));
#5295=CARTESIAN_POINT('Origin',(292.21,-44.1751775408001,-2.55));
#5296=CARTESIAN_POINT('',(292.71,-70.1920126416464,-2.55));
#5297=CARTESIAN_POINT('Origin',(291.36,-44.1751775408001,-2.55));
#5298=CARTESIAN_POINT('Origin',(291.351376811594,-45.0251337988639,-2.55));
#5299=CARTESIAN_POINT('Origin',(291.36,-44.1751775408001,-2.55));
#5300=CARTESIAN_POINT('Origin',(291.325,-47.625,-2.55));
#5301=CARTESIAN_POINT('Origin',(291.351376811594,-50.2248662011361,-2.55));
#5302=CARTESIAN_POINT('Origin',(291.36,-51.0748224591999,-2.55));
#5303=CARTESIAN_POINT('Origin',(292.21,-51.0748224591999,-2.55));
#5304=CARTESIAN_POINT('Origin',(292.21,-70.1920126416464,-2.55));
#5305=CARTESIAN_POINT('',(292.71,-93.6682694134381,-2.55));
#5306=CARTESIAN_POINT('Origin',(292.21,-93.6682694134381,-2.55));
#5307=CARTESIAN_POINT('',(292.71,-70.1920126416464,-2.55));
#5308=CARTESIAN_POINT('Origin',(291.31,-93.6682694134381,-2.55));
#5309=CARTESIAN_POINT('Origin',(291.31,-93.6682694134381,-2.55));
#5310=CARTESIAN_POINT('Origin',(289.178314754,-98.87831475404,-2.55));
#5311=CARTESIAN_POINT('',(285.188668287893,-100.190839449229,-2.55));
#5312=CARTESIAN_POINT('Origin',(284.713710375261,-100.347092389132,-2.55));
#5313=CARTESIAN_POINT('Origin',(289.178314754,-98.87831475404,-2.55));
#5314=CARTESIAN_POINT('Origin',(283.288836637366,-100.815851208843,-2.55));
#5315=CARTESIAN_POINT('Origin',(283.288836637366,-100.815851208843,-2.55));
#5316=CARTESIAN_POINT('Origin',(-5.58866524029675,-93.0668703744978,-1.425));
#5317=CARTESIAN_POINT('',(-4.89177798608922,-94.9415298515557,-1.41550479693051));
#5318=CARTESIAN_POINT('',(-4.89177798666425,-94.9415298517695,-1.425));
#5319=CARTESIAN_POINT('',(-5.62470137658741,-95.0665456973643,-0.940083960934228));
#5320=CARTESIAN_POINT('Ctrl Pts',(-4.89177798608922,-94.9415298515557,-1.41550479693051));
#5321=CARTESIAN_POINT('Ctrl Pts',(-4.92103887327878,-94.9524073146784,-1.41014979825212));
#5322=CARTESIAN_POINT('Ctrl Pts',(-4.95028530234156,-94.9624975393229,-1.40264366085363));
#5323=CARTESIAN_POINT('Ctrl Pts',(-5.07142836281331,-95.0012466407706,-1.36360916575644));
#5324=CARTESIAN_POINT('Ctrl Pts',(-5.1599454829932,-95.0222100384037,-1.31595150558348));
#5325=CARTESIAN_POINT('Ctrl Pts',(-5.38205440241026,-95.0611545986804,-1.16644671190875));
#5326=CARTESIAN_POINT('Ctrl Pts',(-5.51056846350231,-95.068602485866,-1.04680277016514));
#5327=CARTESIAN_POINT('Ctrl Pts',(-5.62470137658676,-95.0665456973643,-0.940083960933534));
#5328=CARTESIAN_POINT('',(-5.63253259532941,-95.0663892304135,-0.925));
#5329=CARTESIAN_POINT('Origin',(-5.47339283747323,-95.0693171494966,-0.923984898910209));
#5330=CARTESIAN_POINT('',(-5.6325325953294,-95.0663892304135,-1.425));
#5331=CARTESIAN_POINT('Origin',(-3.428314754036,-98.87831475404,-1.425));
#5332=CARTESIAN_POINT('',(0.561331712170071,-100.190839448927,-1.41550479687972));
#5333=CARTESIAN_POINT('',(0.561331712170075,-100.190839448927,-1.425));
#5334=CARTESIAN_POINT('',(0.59468425840224,-100.084747075358,-1.425));
#5335=CARTESIAN_POINT('Ctrl Pts',(0.561331712170205,-100.190839448927,-1.41550479687973));
#5336=CARTESIAN_POINT('Ctrl Pts',(0.572805147636203,-100.155963951772,-1.42180275197284));
#5337=CARTESIAN_POINT('Ctrl Pts',(0.583978420163005,-100.12044702794,-1.42499999999998));
#5338=CARTESIAN_POINT('Ctrl Pts',(0.594684258402266,-100.084747075358,-1.425));
#5339=CARTESIAN_POINT('',(-4.78703229293216,-94.9041624356838,-1.425));
#5340=CARTESIAN_POINT('Origin',(-3.428314754036,-98.87831475404,-1.425));
#5341=CARTESIAN_POINT('Ctrl Pts',(-4.78703229293216,-94.9041624356838,-1.425));
#5342=CARTESIAN_POINT('Ctrl Pts',(-4.82200362951279,-94.9161187384534,-1.425));
#5343=CARTESIAN_POINT('Ctrl Pts',(-4.8568414705182,-94.9285493329625,-1.42185582051148));
#5344=CARTESIAN_POINT('Ctrl Pts',(-4.89132430245192,-94.941361221189,-1.4155876851156));
#5345=CARTESIAN_POINT('Ctrl Pts',(-4.89155115963291,-94.9414455309268,-1.41554630815898));
#5346=CARTESIAN_POINT('Ctrl Pts',(-4.89177798608923,-94.9415298515557,-1.41550479693051));
#5347=CARTESIAN_POINT('Origin',(2.46116336259799,-100.815851208843,-1.425));
#5348=CARTESIAN_POINT('',(0.464763009861977,-100.935791325549,-0.925));
#5349=CARTESIAN_POINT('',(0.464763009861981,-100.935791325549,-1.425));
#5350=CARTESIAN_POINT('',(0.464307568047719,-100.927953553916,-0.940119005885797));
#5351=CARTESIAN_POINT('Origin',(0.455261598739181,-100.767514503068,-0.92329353449737));
#5352=CARTESIAN_POINT('Ctrl Pts',(0.464307568047634,-100.927953553915,-0.940119005884865));
#5353=CARTESIAN_POINT('Ctrl Pts',(0.457909764526892,-100.813990808314,-1.04682888280657));
#5354=CARTESIAN_POINT('Ctrl Pts',(0.460461118338494,-100.685299370101,-1.1664569512035));
#5355=CARTESIAN_POINT('Ctrl Pts',(0.490919436824266,-100.461884113624,-1.31595150558346));
#5356=CARTESIAN_POINT('Ctrl Pts',(0.508497696060895,-100.37263306653,-1.36360916575643));
#5357=CARTESIAN_POINT('Ctrl Pts',(0.542606660909897,-100.250102611312,-1.40264366082404));
#5358=CARTESIAN_POINT('Ctrl Pts',(0.551576127882058,-100.220493239444,-1.4101497982047));
#5359=CARTESIAN_POINT('Ctrl Pts',(0.561331712170301,-100.190839448927,-1.41550479687975));
#5360=CARTESIAN_POINT('Origin',(257.392882100535,-102.21,-1.425));
#5361=CARTESIAN_POINT('',(89.0621110386963,-102.21,0.425));
#5362=CARTESIAN_POINT('',(283.890899677105,-102.21,0.9));
#5363=CARTESIAN_POINT('',(283.890899677105,-102.21,-1.425));
#5364=CARTESIAN_POINT('',(1.85910032285932,-102.21,0.9));
#5365=CARTESIAN_POINT('',(89.0621110386963,-102.21,0.9));
#5366=CARTESIAN_POINT('',(1.85910032285932,-102.21,-0.0750000357627867));
#5367=CARTESIAN_POINT('Origin',(283.288836637366,-100.815851208843,-1.425));
#5368=CARTESIAN_POINT('',(285.188668287701,-100.190839448646,-1.4155047969305));
#5369=CARTESIAN_POINT('',(285.188668287893,-100.190839449229,-1.425));
#5370=CARTESIAN_POINT('',(285.285692431916,-100.927953553916,-0.940119005884442));
#5371=CARTESIAN_POINT('Ctrl Pts',(285.188668287701,-100.190839448646,-1.41550479693054));
#5372=CARTESIAN_POINT('Ctrl Pts',(285.198423872025,-100.220493239257,-1.41014979825216));
#5373=CARTESIAN_POINT('Ctrl Pts',(285.207393339028,-100.250102611219,-1.40264366085365));
#5374=CARTESIAN_POINT('Ctrl Pts',(285.241502303903,-100.37263306653,-1.36360916575643));
#5375=CARTESIAN_POINT('Ctrl Pts',(285.25908056314,-100.461884113624,-1.31595150558346));
#5376=CARTESIAN_POINT('Ctrl Pts',(285.2895388575,-100.685299193141,-1.16645706961366));
#5377=CARTESIAN_POINT('Ctrl Pts',(285.292090250971,-100.813990531611,-1.04682914185084));
#5378=CARTESIAN_POINT('Ctrl Pts',(285.285692431916,-100.92795355392,-0.940119005888491));
#5379=CARTESIAN_POINT('',(285.285236990102,-100.935791325548,-0.925));
#5380=CARTESIAN_POINT('Origin',(285.294239711485,-100.776504154841,-0.923982056171934));
#5381=CARTESIAN_POINT('',(285.285236990102,-100.935791325548,-1.425));
#5382=CARTESIAN_POINT('Origin',(1.00000000000026,-94.2499999999992,-3.075));
#5383=CARTESIAN_POINT('',(2.48689637117352E-13,-94.2499999999992,-2.075));
#5384=CARTESIAN_POINT('',(2.48689957516035E-13,-94.2499999999992,-3.075));
#5385=CARTESIAN_POINT('Origin',(1.00000000000026,-94.2499999999992,-2.075));
#5386=CARTESIAN_POINT('Origin',(0.750000000000277,-0.749999999999232,-3.075));
#5387=CARTESIAN_POINT('',(0.750000000000277,8.11156697419695E-13,-2.075));
#5388=CARTESIAN_POINT('',(0.750000000000277,8.11156697366755E-13,-3.075));
#5389=CARTESIAN_POINT('',(2.48689957516035E-13,-0.749999999999185,-2.075));
#5390=CARTESIAN_POINT('Origin',(0.750000000000277,-0.749999999999232,-2.075));
#5391=CARTESIAN_POINT('',(2.48689957516035E-13,-0.749999999999185,-3.075));
#5392=CARTESIAN_POINT('Origin',(289.178314754,-98.87831475404,-1.425));
#5393=CARTESIAN_POINT('',(290.641777986331,-94.9415298516589,-1.41550479687971));
#5394=CARTESIAN_POINT('',(290.641777986628,-94.9415298517695,-1.425));
#5395=CARTESIAN_POINT('',(290.537032292896,-94.9041624356838,-1.425));
#5396=CARTESIAN_POINT('Ctrl Pts',(290.641777986331,-94.9415298516589,-1.41550479687974));
#5397=CARTESIAN_POINT('Ctrl Pts',(290.60736457857,-94.9287369868705,-1.42180275197288));
#5398=CARTESIAN_POINT('Ctrl Pts',(290.572298781622,-94.9162196476196,-1.42500000000003));
#5399=CARTESIAN_POINT('Ctrl Pts',(290.537032292896,-94.9041624356838,-1.425));
#5400=CARTESIAN_POINT('',(285.155315741562,-100.084747075358,-1.425));
#5401=CARTESIAN_POINT('Origin',(289.178314754,-98.87831475404,-1.425));
#5402=CARTESIAN_POINT('Ctrl Pts',(285.155315741562,-100.084747075358,-1.425));
#5403=CARTESIAN_POINT('Ctrl Pts',(285.165931980546,-100.12014824805,-1.42499999999999));
#5404=CARTESIAN_POINT('Ctrl Pts',(285.177027249742,-100.155434078737,-1.42185582051146));
#5405=CARTESIAN_POINT('Ctrl Pts',(285.188517051803,-100.190379673977,-1.41558768511559));
#5406=CARTESIAN_POINT('Ctrl Pts',(285.188592663726,-100.190609576455,-1.41554630815899));
#5407=CARTESIAN_POINT('Ctrl Pts',(285.188668287701,-100.190839448646,-1.41550479693054));
#5408=CARTESIAN_POINT('Origin',(2.48689957516035E-13,-94.4999999999992,
-3.075));
#5409=CARTESIAN_POINT('',(2.48689957516035E-13,-70.6087499999994,-2.075));
#5410=CARTESIAN_POINT('Origin',(0.750000000000277,8.11021781879507E-13,
-3.075));
#5411=CARTESIAN_POINT('',(71.8125000000003,8.10948530549638E-13,-2.075));
#5412=CARTESIAN_POINT('Origin',(291.36,-44.1751775408001,-3.075));
#5413=CARTESIAN_POINT('',(292.71,-44.1751775408001,-1.425));
#5414=CARTESIAN_POINT('',(292.71,-44.1751775408001,-1.575));
#5415=CARTESIAN_POINT('',(292.71,-44.1789479100574,-1.42499999950217));
#5416=CARTESIAN_POINT('',(292.71,-70.1920126416467,-1.425));
#5417=CARTESIAN_POINT('',(292.71,-44.1786931556135,0.423852719258769));
#5418=CARTESIAN_POINT('',(292.71,-44.1789479110147,-1.42499999950217));
#5419=CARTESIAN_POINT('',(292.21,-45.2239863889702,-0.075000000441516));
#5420=CARTESIAN_POINT('Ctrl Pts',(292.21,-45.2239863889703,-0.0750000000000001));
#5421=CARTESIAN_POINT('Ctrl Pts',(292.282571199147,-45.1651715540437,-0.0749999999999846));
#5422=CARTESIAN_POINT('Ctrl Pts',(292.353206473586,-45.0946526698378,-0.058624784991575));
#5423=CARTESIAN_POINT('Ctrl Pts',(292.474367062458,-44.9433438992139,-0.00454760438341796));
#5424=CARTESIAN_POINT('Ctrl Pts',(292.52500978991,-44.8625583261096,0.0329030087236901));
#5425=CARTESIAN_POINT('Ctrl Pts',(292.657355168552,-44.6020857474277,0.165248387365347));
#5426=CARTESIAN_POINT('Ctrl Pts',(292.709451136501,-44.3735860559354,0.304253015465339));
#5427=CARTESIAN_POINT('Ctrl Pts',(292.70999473496,-44.1789478963101,0.422705438517539));
#5428=CARTESIAN_POINT('Origin',(291.36,-44.1751775408001,-0.0750000000000001));
#5429=CARTESIAN_POINT('Origin',(-5.61,-51.0748224591999,-3.075));
#5430=CARTESIAN_POINT('',(-6.96,-51.0748224591999,-1.425));
#5431=CARTESIAN_POINT('',(-6.96,-51.0748224591999,-1.575));
#5432=CARTESIAN_POINT('',(-6.96,-51.0710520899426,-1.42499999950217));
#5433=CARTESIAN_POINT('',(-6.96,-48.8961612295999,-1.425));
#5434=CARTESIAN_POINT('',(-6.96,-51.0710520889853,-1.42499999950217));
#5435=CARTESIAN_POINT('Origin',(-5.61,-51.0748224591999,-0.0750000000000001));
#5436=CARTESIAN_POINT('Origin',(1.00000000000026,-94.2499999999992,-2.075));
#5437=CARTESIAN_POINT('',(-0.49999999999975,-94.2499999999992,-1.575));
#5438=CARTESIAN_POINT('Origin',(-0.49999999999975,-94.2499999999992,-2.075));
#5439=CARTESIAN_POINT('',(1.00000000000026,-95.7499999999992,-1.575));
#5440=CARTESIAN_POINT('Origin',(1.00000000000026,-94.2499999999992,-1.575));
#5441=CARTESIAN_POINT('Origin',(1.00000000000026,-95.7499999999992,-2.075));
#5442=CARTESIAN_POINT('Origin',(284.75,-94.2499999999991,-2.075));
#5443=CARTESIAN_POINT('',(286.25,-94.2499999999991,-1.575));
#5444=CARTESIAN_POINT('Origin',(286.25,-94.2499999999991,-2.075));
#5445=CARTESIAN_POINT('',(284.75,-95.7499999999992,-1.575));
#5446=CARTESIAN_POINT('Origin',(284.75,-95.7499999999992,-2.075));
#5447=CARTESIAN_POINT('Origin',(284.75,-94.2499999999991,-1.575));
#5448=CARTESIAN_POINT('Origin',(213.9375,-95.7499999999992,-2.075));
#5449=CARTESIAN_POINT('',(213.9375,-95.7499999999992,-1.575));
#5450=CARTESIAN_POINT('Origin',(-0.49999999999975,-70.6087499999994,-2.075));
#5451=CARTESIAN_POINT('',(-0.49999999999975,-0.749999999999185,-1.575));
#5452=CARTESIAN_POINT('Origin',(-0.49999999999975,-0.749999999999185,-2.075));
#5453=CARTESIAN_POINT('',(-0.49999999999975,-70.6087499999994,-1.575));
#5454=CARTESIAN_POINT('Origin',(0.750000000000277,-0.749999999999232,-2.075));
#5455=CARTESIAN_POINT('',(0.750000000000277,0.500000000000811,-1.575));
#5456=CARTESIAN_POINT('Origin',(0.750000000000277,0.500000000000811,-2.075));
#5457=CARTESIAN_POINT('Origin',(0.750000000000277,-0.749999999999232,-1.575));
#5458=CARTESIAN_POINT('Origin',(71.8125000000003,0.500000000000811,-2.075));
#5459=CARTESIAN_POINT('',(285.,0.500000000000811,-1.575));
#5460=CARTESIAN_POINT('Origin',(285.,0.500000000000811,-2.075));
#5461=CARTESIAN_POINT('',(71.8125000000003,0.500000000000811,-1.575));
#5462=CARTESIAN_POINT('Origin',(285.,-0.749999999999192,-2.075));
#5463=CARTESIAN_POINT('',(286.25,-0.74999999999918,-1.575));
#5464=CARTESIAN_POINT('Origin',(286.25,-0.74999999999918,-2.075));
#5465=CARTESIAN_POINT('Origin',(285.,-0.749999999999192,-1.575));
#5466=CARTESIAN_POINT('Origin',(286.25,-23.7337499999993,-2.075));
#5467=CARTESIAN_POINT('',(286.25,-23.7337499999993,-1.575));
#5468=CARTESIAN_POINT('Origin',(142.875,-46.7174999999995,-1.575));
#5469=CARTESIAN_POINT('Origin',(286.083074871461,-100.995385860436,-0.925));
#5470=CARTESIAN_POINT('',(285.388790666989,-99.8963092282487,-1.425));
#5471=CARTESIAN_POINT('Origin',(286.083074871461,-100.995385860436,-1.425));
#5472=CARTESIAN_POINT('',(285.655823053324,-100.319031009859,-0.925));
#5473=CARTESIAN_POINT('Origin',(285.388790666989,-99.8963092282487,-0.925));
#5474=CARTESIAN_POINT('',(285.285920255331,-100.927972820278,-0.925));
#5475=CARTESIAN_POINT('Origin',(286.083074871461,-100.995385860436,-0.925));
#5476=CARTESIAN_POINT('Origin',(284.78769862025,-100.885839670179,-0.925));
#5477=CARTESIAN_POINT('Ctrl Pts',(285.388790666987,-99.896309228249,-1.42499999999996));
#5478=CARTESIAN_POINT('Ctrl Pts',(285.663664518721,-99.7226720423666,-1.42500000000028));
#5479=CARTESIAN_POINT('Ctrl Pts',(285.616460289598,-99.4009932158314,-1.42499999999987));
#5480=CARTESIAN_POINT('Ctrl Pts',(285.655823053324,-100.31903100986,-1.42500000000095));
#5481=CARTESIAN_POINT('Ctrl Pts',(286.20557075679,-99.9717566380963,-1.42500000000158));
#5482=CARTESIAN_POINT('Ctrl Pts',(286.111162298544,-99.3283989850281,-1.42500000000077));
#5483=CARTESIAN_POINT('Ctrl Pts',(285.655823053324,-100.319031009859,-0.924999999999743));
#5484=CARTESIAN_POINT('Ctrl Pts',(286.20557075679,-99.9717566380962,-0.925000000000378));
#5485=CARTESIAN_POINT('Ctrl Pts',(286.111162298543,-99.3283989850288,-0.924999999999566));
#5486=CARTESIAN_POINT('',(285.616460289598,-99.4009932158335,-1.425));
#5487=CARTESIAN_POINT('',(286.111162298543,-99.3283989850288,-0.925));
#5488=CARTESIAN_POINT('Origin',(285.616460289598,-99.4009932158335,-0.925));
#5489=CARTESIAN_POINT('Origin',(285.121758280654,-99.4735874466381,-0.925));
#5490=CARTESIAN_POINT('Origin',(285.121758280654,-99.4735874466381,-1.425));
#5491=CARTESIAN_POINT('Origin',(289.178314754,-98.87831475404,-0.925));
#5492=CARTESIAN_POINT('',(289.836217869339,-95.3389414350996,-1.425));
#5493=CARTESIAN_POINT('',(289.744842436653,-95.8305210627302,-0.925));
#5494=CARTESIAN_POINT('Origin',(289.836217869339,-95.3389414350996,-0.925));
#5495=CARTESIAN_POINT('Origin',(289.178314754,-98.87831475404,-0.925));
#5496=CARTESIAN_POINT('Origin',(289.178314754,-98.87831475404,-1.425));
#5497=CARTESIAN_POINT('Ctrl Pts',(289.836217869339,-95.3389414350995,-1.42499999999999));
#5498=CARTESIAN_POINT('Ctrl Pts',(290.155866374712,-95.3983580969058,-1.42500000000005));
#5499=CARTESIAN_POINT('Ctrl Pts',(290.339842418693,-95.1302940711049,-1.42500000000005));
#5500=CARTESIAN_POINT('Ctrl Pts',(289.744842436653,-95.8305210627304,-1.42500000000005));
#5501=CARTESIAN_POINT('Ctrl Pts',(290.384139447399,-95.949354386343,-1.42500000000016));
#5502=CARTESIAN_POINT('Ctrl Pts',(290.752091535361,-95.4132263347411,-1.42500000000016));
#5503=CARTESIAN_POINT('Ctrl Pts',(289.744842436653,-95.8305210627303,-0.92499999999989));
#5504=CARTESIAN_POINT('Ctrl Pts',(290.384139447399,-95.949354386343,-0.925000000000004));
#5505=CARTESIAN_POINT('Ctrl Pts',(290.752091535361,-95.4132263347411,-0.925));
#5506=CARTESIAN_POINT('',(290.339842418693,-95.1302940711051,-1.425));
#5507=CARTESIAN_POINT('',(290.752091535361,-95.4132263347412,-0.925));
#5508=CARTESIAN_POINT('Origin',(290.339842418693,-95.1302940711051,-0.925));
#5509=CARTESIAN_POINT('Origin',(289.927593302025,-94.847361807469,-0.925));
#5510=CARTESIAN_POINT('Origin',(289.927593302025,-94.847361807469,-1.425));
#5511=CARTESIAN_POINT('Origin',(291.411690122031,-95.8659179565589,-0.925));
#5512=CARTESIAN_POINT('',(291.374711895838,-95.0667730317877,-0.925));
#5513=CARTESIAN_POINT('Origin',(291.411690122031,-95.8659179565589,-0.925));
#5514=CARTESIAN_POINT('Origin',(291.411690122031,-95.8659179565589,-1.425));
#5515=CARTESIAN_POINT('',(291.374701376565,-95.066545697364,-0.940083960922626));
#5516=CARTESIAN_POINT('Ctrl Pts',(291.374701376564,-95.0665456973641,-0.940083960921574));
#5517=CARTESIAN_POINT('Ctrl Pts',(291.26056842115,-95.0686024866293,-1.04680280973311));
#5518=CARTESIAN_POINT('Ctrl Pts',(291.132054375506,-95.0611545939693,-1.16644672999423));
#5519=CARTESIAN_POINT('Ctrl Pts',(290.909945482958,-95.0222100384037,-1.31595150558353));
#5520=CARTESIAN_POINT('Ctrl Pts',(290.821428362778,-95.0012466407707,-1.36360916575644));
#5521=CARTESIAN_POINT('Ctrl Pts',(290.700285302398,-94.9624975393524,-1.40264366082402));
#5522=CARTESIAN_POINT('Ctrl Pts',(290.671038873428,-94.9524073147422,-1.41014979820468));
#5523=CARTESIAN_POINT('Ctrl Pts',(290.641777986331,-94.9415298516589,-1.41550479687973));
#5524=CARTESIAN_POINT('Origin',(291.351600504467,-94.5673074538057,-0.925));
#5525=CARTESIAN_POINT('Origin',(283.890899677105,-100.81,-0.925));
#5526=CARTESIAN_POINT('Origin',(283.890899677105,-100.81,-0.925));
#5527=CARTESIAN_POINT('Origin',(291.31,-93.6682694134381,-0.925));
#5528=CARTESIAN_POINT('',(291.382532595301,-95.0663892304133,-0.925));
#5529=CARTESIAN_POINT('Origin',(291.21869168763,-95.0693946981639,-0.923555809185665));
#5530=CARTESIAN_POINT('Origin',(291.31,-93.6682694134381,-0.925));
#5531=CARTESIAN_POINT('Origin',(142.875,-35.5424974510767,-1.425));
#5532=CARTESIAN_POINT('Origin',(-5.6616901220666,-95.8659179565589,-0.925));
#5533=CARTESIAN_POINT('',(-4.58984241872917,-95.1302940711051,-1.425));
#5534=CARTESIAN_POINT('Origin',(-5.6616901220666,-95.8659179565589,-1.425));
#5535=CARTESIAN_POINT('',(-5.00209153539741,-95.4132263347412,-0.925));
#5536=CARTESIAN_POINT('Origin',(-4.58984241872917,-95.1302940711051,-0.925));
#5537=CARTESIAN_POINT('',(-5.62471189586056,-95.0667730317883,-0.925));
#5538=CARTESIAN_POINT('Origin',(-5.6616901220666,-95.8659179565589,-0.925));
#5539=CARTESIAN_POINT('Origin',(-5.60160050448179,-94.5673074538067,-0.925));
#5540=CARTESIAN_POINT('Ctrl Pts',(-4.58984241872916,-95.1302940711051,-1.425));
#5541=CARTESIAN_POINT('Ctrl Pts',(-4.40586637474814,-95.3983580969061,-1.425));
#5542=CARTESIAN_POINT('Ctrl Pts',(-4.08621786937493,-95.3389414350996,-1.425));
#5543=CARTESIAN_POINT('Ctrl Pts',(-5.00209153539742,-95.4132263347412,-1.42500000000003));
#5544=CARTESIAN_POINT('Ctrl Pts',(-4.63413944743539,-95.9493543863432,-1.42500000000002));
#5545=CARTESIAN_POINT('Ctrl Pts',(-3.99484243668899,-95.8305210627302,-1.42500000000004));
#5546=CARTESIAN_POINT('Ctrl Pts',(-5.00209153539741,-95.4132263347412,-0.924999999999994));
#5547=CARTESIAN_POINT('Ctrl Pts',(-4.63413944743538,-95.9493543863432,-0.924999999999981));
#5548=CARTESIAN_POINT('Ctrl Pts',(-3.99484243668898,-95.8305210627302,-0.925));
#5549=CARTESIAN_POINT('',(-4.08621786937495,-95.3389414350996,-1.425));
#5550=CARTESIAN_POINT('',(-3.99484243668899,-95.8305210627302,-0.925));
#5551=CARTESIAN_POINT('Origin',(-4.08621786937495,-95.3389414350996,-0.925));
#5552=CARTESIAN_POINT('Origin',(-4.17759330206092,-94.847361807469,-0.925));
#5553=CARTESIAN_POINT('Origin',(-4.17759330206092,-94.847361807469,-1.425));
#5554=CARTESIAN_POINT('Origin',(-3.428314754036,-98.87831475404,-0.925));
#5555=CARTESIAN_POINT('',(0.133539710365549,-99.4009932158335,-1.425));
#5556=CARTESIAN_POINT('',(-0.361162298579111,-99.3283989850288,-0.925));
#5557=CARTESIAN_POINT('Origin',(0.133539710365549,-99.4009932158335,-0.925));
#5558=CARTESIAN_POINT('Origin',(-3.428314754036,-98.87831475404,-0.925));
#5559=CARTESIAN_POINT('Origin',(-3.428314754036,-98.87831475404,-1.425));
#5560=CARTESIAN_POINT('Ctrl Pts',(0.133539710365557,-99.4009932158335,-1.425));
#5561=CARTESIAN_POINT('Ctrl Pts',(0.0863354812414102,-99.7226720423676,
-1.42499999999999));
#5562=CARTESIAN_POINT('Ctrl Pts',(0.36120933297509,-99.8963092282484,-1.42500000000005));
#5563=CARTESIAN_POINT('Ctrl Pts',(-0.3611622985792,-99.3283989850288,-1.425));
#5564=CARTESIAN_POINT('Ctrl Pts',(-0.455570756827565,-99.9717566380975,
-1.42499999999999));
#5565=CARTESIAN_POINT('Ctrl Pts',(0.0941769466402542,-100.31903100986,-1.4250000000001));
#5566=CARTESIAN_POINT('Ctrl Pts',(-0.361162298579114,-99.3283989850288,
-0.924999999999899));
#5567=CARTESIAN_POINT('Ctrl Pts',(-0.455570756827474,-99.9717566380975,
-0.924999999999882));
#5568=CARTESIAN_POINT('Ctrl Pts',(0.0941769466403597,-100.31903100986,-0.925));
#5569=CARTESIAN_POINT('',(0.36120933297493,-99.8963092282487,-1.425));
#5570=CARTESIAN_POINT('',(0.0941769466396585,-100.319031009859,-0.925));
#5571=CARTESIAN_POINT('Origin',(0.36120933297493,-99.8963092282487,-0.925));
#5572=CARTESIAN_POINT('Origin',(0.628241719310208,-99.4735874466381,-0.925));
#5573=CARTESIAN_POINT('Origin',(0.628241719310208,-99.4735874466381,-1.425));
#5574=CARTESIAN_POINT('Origin',(-0.333074871496786,-100.995385860436,-0.925));
#5575=CARTESIAN_POINT('',(0.464079744632704,-100.927972820278,-0.925));
#5576=CARTESIAN_POINT('Origin',(-0.333074871496786,-100.995385860436,-0.925));
#5577=CARTESIAN_POINT('Origin',(-0.333074871496786,-100.995385860436,-1.425));
#5578=CARTESIAN_POINT('Origin',(0.962301379713643,-100.885839670179,-0.925));
#5579=CARTESIAN_POINT('Origin',(-5.56,-93.6682694134397,-0.925));
#5580=CARTESIAN_POINT('Origin',(-5.56,-93.6682694134397,-0.925));
#5581=CARTESIAN_POINT('Origin',(1.85910032285932,-100.81,-0.925));
#5582=CARTESIAN_POINT('Origin',(1.85910032285932,-100.81,-0.925));
#5583=CARTESIAN_POINT('Origin',(142.875,-35.5424974510767,-1.425));
#5584=CARTESIAN_POINT('Origin',(291.338665240261,-93.0668703744978,-1.425));
#5585=CARTESIAN_POINT('',(291.382532595301,-95.0663892304133,-1.425));
#5586=CARTESIAN_POINT('Origin',(142.875,-46.7174999999995,-0.0750000000000002));
#5587=CARTESIAN_POINT('Origin',(142.875,-46.7174999999995,-0.0750000000000002));
#5588=CARTESIAN_POINT('Origin',(142.875,-46.7174999999995,-0.0750000000000002));
#5589=CARTESIAN_POINT('',(89.0621110386963,-101.71,-0.0750000000000002));
#5590=CARTESIAN_POINT('Origin',(142.875,-46.7174999999995,-0.0750000000000002));
#5591=CARTESIAN_POINT('',(292.21,-70.1928847067188,-0.0750000000000002));
#5592=CARTESIAN_POINT('Origin',(284.825,-94.3249999999992,-0.0750000000000002));
#5593=CARTESIAN_POINT('',(284.825,-95.7249999999992,0.9));
#5594=CARTESIAN_POINT('',(284.825,-95.7249999999992,-0.0750000000000002));
#5595=CARTESIAN_POINT('Origin',(284.825,-94.3249999999992,0.9));
#5596=CARTESIAN_POINT('Origin',(-0.474999999999746,-94.9749999999992,-0.0750000000000002));
#5597=CARTESIAN_POINT('',(-0.474999999999746,-94.3249999999992,0.9));
#5598=CARTESIAN_POINT('',(-0.474999999999743,-70.8462499999993,0.9));
#5599=CARTESIAN_POINT('',(-0.474999999999746,-94.3249999999992,-0.0750000000000002));
#5600=CARTESIAN_POINT('Origin',(285.475,-95.7249999999992,-0.0750000000000002));
#5601=CARTESIAN_POINT('',(0.925000000000224,-95.7249999999992,0.9));
#5602=CARTESIAN_POINT('',(0.925000000000224,-95.7249999999992,-0.0750000000000002));
#5603=CARTESIAN_POINT('',(214.175,-95.7249999999992,0.9));
#5604=CARTESIAN_POINT('Origin',(0.925000000000225,-94.3249999999992,-0.0750000000000002));
#5605=CARTESIAN_POINT('Origin',(0.925000000000225,-94.3249999999992,0.9));
#5606=CARTESIAN_POINT('Origin',(1.85910032285932,-100.81,0.9));
#5607=CARTESIAN_POINT('',(0.962301379713637,-100.885839670179,1.4));
#5608=CARTESIAN_POINT('',(0.464079744632709,-100.927972820278,0.9));
#5609=CARTESIAN_POINT('Origin',(0.962301379713637,-100.885839670179,0.9));
#5610=CARTESIAN_POINT('Origin',(1.85910032285932,-100.81,0.9));
#5611=CARTESIAN_POINT('',(1.85910032285932,-101.71,1.4));
#5612=CARTESIAN_POINT('Origin',(1.85910032285932,-101.71,0.9));
#5613=CARTESIAN_POINT('Origin',(1.85910032285932,-100.81,1.4));
#5614=CARTESIAN_POINT('Origin',(89.0621110386963,-101.71,0.9));
#5615=CARTESIAN_POINT('',(283.890899677105,-101.71,1.4));
#5616=CARTESIAN_POINT('Origin',(283.890899677105,-101.71,0.9));
#5617=CARTESIAN_POINT('',(89.0621110386963,-101.71,1.4));
#5618=CARTESIAN_POINT('Origin',(283.890899677105,-100.81,0.9));
#5619=CARTESIAN_POINT('',(285.285920255331,-100.927972820278,0.9));
#5620=CARTESIAN_POINT('',(284.78769862025,-100.885839670179,1.4));
#5621=CARTESIAN_POINT('Origin',(284.78769862025,-100.885839670179,0.9));
#5622=CARTESIAN_POINT('Origin',(283.890899677105,-100.81,1.4));
#5623=CARTESIAN_POINT('Origin',(283.890899677105,-100.81,0.9));
#5624=CARTESIAN_POINT('Origin',(286.083074871461,-100.995385860436,0.9));
#5625=CARTESIAN_POINT('',(285.655823053324,-100.319031009859,0.9));
#5626=CARTESIAN_POINT('',(285.388790666989,-99.8963092282487,1.4));
#5627=CARTESIAN_POINT('Origin',(285.388790666989,-99.8963092282487,0.9));
#5628=CARTESIAN_POINT('Origin',(286.083074871461,-100.995385860436,1.4));
#5629=CARTESIAN_POINT('Origin',(286.083074871461,-100.995385860436,0.9));
#5630=CARTESIAN_POINT('Ctrl Pts',(285.655823053324,-100.319031009859,0.899999999999773));
#5631=CARTESIAN_POINT('Ctrl Pts',(286.205570756791,-99.9717566380971,0.900000000000409));
#5632=CARTESIAN_POINT('Ctrl Pts',(286.111162298543,-99.3283989850288,0.899999999999431));
#5633=CARTESIAN_POINT('Ctrl Pts',(285.655823053324,-100.319031009859,1.40000000000038));
#5634=CARTESIAN_POINT('Ctrl Pts',(286.205570756792,-99.9717566380971,1.40000000000101));
#5635=CARTESIAN_POINT('Ctrl Pts',(286.111162298543,-99.328398985028,1.40000000000004));
#5636=CARTESIAN_POINT('Ctrl Pts',(285.388790666988,-99.896309228248,1.4));
#5637=CARTESIAN_POINT('Ctrl Pts',(285.663664518722,-99.722672042367,1.40000000000032));
#5638=CARTESIAN_POINT('Ctrl Pts',(285.616460289598,-99.400993215833,1.39999999999983));
#5639=CARTESIAN_POINT('',(286.111162298543,-99.3283989850288,0.9));
#5640=CARTESIAN_POINT('',(285.616460289598,-99.4009932158335,1.4));
#5641=CARTESIAN_POINT('Origin',(285.616460289598,-99.4009932158335,0.9));
#5642=CARTESIAN_POINT('Origin',(285.121758280654,-99.4735874466381,1.4));
#5643=CARTESIAN_POINT('Origin',(285.121758280654,-99.4735874466381,0.9));
#5644=CARTESIAN_POINT('Origin',(289.178314754,-98.87831475404,0.9));
#5645=CARTESIAN_POINT('',(289.744842436653,-95.8305210627302,0.9));
#5646=CARTESIAN_POINT('',(289.836217869339,-95.3389414350996,1.4));
#5647=CARTESIAN_POINT('Origin',(289.836217869339,-95.3389414350996,0.9));
#5648=CARTESIAN_POINT('Origin',(289.178314754,-98.87831475404,1.4));
#5649=CARTESIAN_POINT('Origin',(289.178314754,-98.87831475404,0.9));
#5650=CARTESIAN_POINT('Ctrl Pts',(289.744842436653,-95.8305210627302,0.899999999999776));
#5651=CARTESIAN_POINT('Ctrl Pts',(290.3841394474,-95.9493543863434,0.899999999999624));
#5652=CARTESIAN_POINT('Ctrl Pts',(290.752091535362,-95.4132263347401,0.9));
#5653=CARTESIAN_POINT('Ctrl Pts',(289.744842436653,-95.8305210627304,1.40000000000003));
#5654=CARTESIAN_POINT('Ctrl Pts',(290.3841394474,-95.9493543863437,1.39999999999987));
#5655=CARTESIAN_POINT('Ctrl Pts',(290.752091535362,-95.4132263347405,1.40000000000025));
#5656=CARTESIAN_POINT('Ctrl Pts',(289.836217869339,-95.3389414350996,1.40000000000002));
#5657=CARTESIAN_POINT('Ctrl Pts',(290.155866374712,-95.3983580969062,1.39999999999994));
#5658=CARTESIAN_POINT('Ctrl Pts',(290.339842418693,-95.1302940711049,1.40000000000013));
#5659=CARTESIAN_POINT('',(290.752091535361,-95.4132263347412,0.9));
#5660=CARTESIAN_POINT('',(290.339842418693,-95.1302940711051,1.4));
#5661=CARTESIAN_POINT('Origin',(290.339842418693,-95.1302940711051,0.9));
#5662=CARTESIAN_POINT('Origin',(289.927593302025,-94.847361807469,1.4));
#5663=CARTESIAN_POINT('Origin',(289.927593302025,-94.847361807469,0.9));
#5664=CARTESIAN_POINT('Origin',(291.411690122031,-95.8659179565589,0.9));
#5665=CARTESIAN_POINT('',(291.374711895838,-95.0667730317877,0.9));
#5666=CARTESIAN_POINT('',(291.351600504467,-94.5673074538057,1.4));
#5667=CARTESIAN_POINT('Origin',(291.351600504467,-94.5673074538057,0.9));
#5668=CARTESIAN_POINT('Origin',(291.411690122031,-95.8659179565589,1.4));
#5669=CARTESIAN_POINT('Origin',(291.411690122031,-95.8659179565589,0.9));
#5670=CARTESIAN_POINT('Origin',(291.31,-93.6682694134381,0.9));
#5671=CARTESIAN_POINT('',(292.71,-93.6682694134381,0.9));
#5672=CARTESIAN_POINT('',(292.21,-93.6682694134381,1.4));
#5673=CARTESIAN_POINT('Origin',(292.21,-93.6682694134381,0.9));
#5674=CARTESIAN_POINT('Origin',(291.31,-93.6682694134381,1.4));
#5675=CARTESIAN_POINT('Origin',(291.31,-93.6682694134381,0.9));
#5676=CARTESIAN_POINT('Origin',(292.21,-45.4482239555071,0.9));
#5677=CARTESIAN_POINT('',(292.71,4.975,0.9));
#5678=CARTESIAN_POINT('',(292.21,4.975,1.4));
#5679=CARTESIAN_POINT('Origin',(292.21,4.975,0.9));
#5680=CARTESIAN_POINT('',(292.21,-45.4482239555071,1.4));
#5681=CARTESIAN_POINT('',(292.71,-45.4482239555071,0.9));
#5682=CARTESIAN_POINT('Origin',(288.91,4.975,0.9));
#5683=CARTESIAN_POINT('',(288.91,8.77500000000001,0.9));
#5684=CARTESIAN_POINT('',(288.91,8.275,1.4));
#5685=CARTESIAN_POINT('Origin',(288.91,8.275,0.9));
#5686=CARTESIAN_POINT('Origin',(288.91,4.975,1.4));
#5687=CARTESIAN_POINT('Origin',(288.91,4.975,0.9));
#5688=CARTESIAN_POINT('Origin',(215.8925,8.275,0.9));
#5689=CARTESIAN_POINT('',(-3.15999999999999,8.775,0.9));
#5690=CARTESIAN_POINT('',(-3.15999999999999,8.275,1.4));
#5691=CARTESIAN_POINT('Origin',(-3.15999999999999,8.275,0.9));
#5692=CARTESIAN_POINT('',(215.8925,8.275,1.4));
#5693=CARTESIAN_POINT('',(215.8925,8.775,0.9));
#5694=CARTESIAN_POINT('Origin',(-3.15999999999999,4.97499999999998,0.9));
#5695=CARTESIAN_POINT('',(-6.96000000000001,4.97499999999998,0.9));
#5696=CARTESIAN_POINT('',(-6.46000000000001,4.97499999999998,1.4));
#5697=CARTESIAN_POINT('Origin',(-6.46000000000001,4.97499999999998,0.9));
#5698=CARTESIAN_POINT('Origin',(-3.15999999999999,4.97499999999998,1.4));
#5699=CARTESIAN_POINT('Origin',(-3.15999999999999,4.97499999999998,0.9));
#5700=CARTESIAN_POINT('Origin',(-6.46,-48.8942760444924,0.9));
#5701=CARTESIAN_POINT('',(-6.96,-93.6682694134397,0.9));
#5702=CARTESIAN_POINT('',(-6.46,-93.6682694134397,1.4));
#5703=CARTESIAN_POINT('Origin',(-6.46,-93.6682694134397,0.9));
#5704=CARTESIAN_POINT('',(-6.46,-48.8942760444924,1.4));
#5705=CARTESIAN_POINT('',(-6.96,-48.8942760444924,0.9));
#5706=CARTESIAN_POINT('Origin',(-5.56,-93.6682694134397,0.9));
#5707=CARTESIAN_POINT('',(-5.62471189586057,-95.0667730317883,0.9));
#5708=CARTESIAN_POINT('',(-5.60160050448179,-94.5673074538067,1.4));
#5709=CARTESIAN_POINT('Origin',(-5.60160050448179,-94.5673074538067,0.9));
#5710=CARTESIAN_POINT('Origin',(-5.56,-93.6682694134397,1.4));
#5711=CARTESIAN_POINT('Origin',(-5.56,-93.6682694134397,0.9));
#5712=CARTESIAN_POINT('Origin',(-5.6616901220666,-95.8659179565589,0.9));
#5713=CARTESIAN_POINT('',(-5.00209153539741,-95.4132263347412,0.9));
#5714=CARTESIAN_POINT('',(-4.58984241872917,-95.1302940711051,1.4));
#5715=CARTESIAN_POINT('Origin',(-4.58984241872917,-95.1302940711051,0.9));
#5716=CARTESIAN_POINT('Origin',(-5.6616901220666,-95.8659179565589,1.4));
#5717=CARTESIAN_POINT('Origin',(-5.6616901220666,-95.8659179565589,0.9));
#5718=CARTESIAN_POINT('Ctrl Pts',(-5.00209153539752,-95.413226334741,0.899999999999995));
#5719=CARTESIAN_POINT('Ctrl Pts',(-4.63413944743547,-95.9493543863436,0.899999999999981));
#5720=CARTESIAN_POINT('Ctrl Pts',(-3.99484243668867,-95.8305210627301,0.9));
#5721=CARTESIAN_POINT('Ctrl Pts',(-5.00209153539752,-95.413226334741,1.40000000000003));
#5722=CARTESIAN_POINT('Ctrl Pts',(-4.63413944743548,-95.9493543863436,1.40000000000002));
#5723=CARTESIAN_POINT('Ctrl Pts',(-3.99484243668868,-95.8305210627301,1.40000000000003));
#5724=CARTESIAN_POINT('Ctrl Pts',(-4.58984241872912,-95.1302940711051,1.4));
#5725=CARTESIAN_POINT('Ctrl Pts',(-4.4058663747482,-95.3983580969062,1.4));
#5726=CARTESIAN_POINT('Ctrl Pts',(-4.08621786937497,-95.3389414350995,1.4));
#5727=CARTESIAN_POINT('',(-3.99484243668899,-95.8305210627302,0.9));
#5728=CARTESIAN_POINT('',(-4.08621786937495,-95.3389414350996,1.4));
#5729=CARTESIAN_POINT('Origin',(-4.08621786937495,-95.3389414350996,0.9));
#5730=CARTESIAN_POINT('Origin',(-4.17759330206092,-94.847361807469,1.4));
#5731=CARTESIAN_POINT('Origin',(-4.17759330206092,-94.847361807469,0.9));
#5732=CARTESIAN_POINT('Origin',(-3.428314754036,-98.87831475404,0.9));
#5733=CARTESIAN_POINT('',(-0.361162298579111,-99.3283989850288,0.9));
#5734=CARTESIAN_POINT('',(0.133539710365549,-99.4009932158335,1.4));
#5735=CARTESIAN_POINT('Origin',(0.133539710365549,-99.4009932158335,0.9));
#5736=CARTESIAN_POINT('Origin',(-3.428314754036,-98.87831475404,1.4));
#5737=CARTESIAN_POINT('Origin',(-3.428314754036,-98.87831475404,0.9));
#5738=CARTESIAN_POINT('Ctrl Pts',(-0.361162298579088,-99.3283989850287,
0.899999999999827));
#5739=CARTESIAN_POINT('Ctrl Pts',(-0.45557075682757,-99.9717566380976,0.899999999999778));
#5740=CARTESIAN_POINT('Ctrl Pts',(0.0941769466405841,-100.31903100986,0.9));
#5741=CARTESIAN_POINT('Ctrl Pts',(-0.361162298579273,-99.3283989850287,
1.40000000000002));
#5742=CARTESIAN_POINT('Ctrl Pts',(-0.455570756827744,-99.9717566380976,
1.39999999999997));
#5743=CARTESIAN_POINT('Ctrl Pts',(0.0941769466403997,-100.31903100986,1.40000000000019));
#5744=CARTESIAN_POINT('Ctrl Pts',(0.133539710365561,-99.4009932158335,1.4));
#5745=CARTESIAN_POINT('Ctrl Pts',(0.0863354812413756,-99.7226720423676,
1.39999999999998));
#5746=CARTESIAN_POINT('Ctrl Pts',(0.361209332975135,-99.8963092282484,1.40000000000009));
#5747=CARTESIAN_POINT('',(0.0941769466396528,-100.319031009859,0.9));
#5748=CARTESIAN_POINT('',(0.361209332974932,-99.8963092282487,1.4));
#5749=CARTESIAN_POINT('Origin',(0.361209332974932,-99.8963092282487,0.9));
#5750=CARTESIAN_POINT('Origin',(0.628241719310208,-99.4735874466381,1.4));
#5751=CARTESIAN_POINT('Origin',(0.628241719310208,-99.4735874466381,0.9));
#5752=CARTESIAN_POINT('Origin',(-0.333074871496786,-100.995385860436,0.9));
#5753=CARTESIAN_POINT('Origin',(-0.333074871496786,-100.995385860436,1.4));
#5754=CARTESIAN_POINT('Origin',(-0.333074871496786,-100.995385860436,0.9));
#5755=CARTESIAN_POINT('Origin',(292.71,-44.1789479110147,-0.0750000357627867));
#5756=CARTESIAN_POINT('',(292.71,-93.6682694134381,-0.0750000357627867));
#5757=CARTESIAN_POINT('',(292.71,-70.1928847067188,0.425));
#5758=CARTESIAN_POINT('',(292.71,4.975,-1.425));
#5759=CARTESIAN_POINT('Origin',(291.31,-93.6682694134381,-0.0750000357627867));
#5760=CARTESIAN_POINT('',(291.374711895838,-95.0667730317877,-0.0750000357627867));
#5761=CARTESIAN_POINT('Origin',(291.411690122031,-95.8659179565589,-0.0750000357627867));
#5762=CARTESIAN_POINT('',(290.752091535361,-95.4132263347412,-0.0750000357627867));
#5763=CARTESIAN_POINT('Origin',(289.927593302025,-94.847361807469,-0.0750000357627867));
#5764=CARTESIAN_POINT('',(289.744842436653,-95.8305210627302,-0.0750000357627867));
#5765=CARTESIAN_POINT('Origin',(289.178314754,-98.87831475404,-0.0750000357627867));
#5766=CARTESIAN_POINT('',(286.111162298543,-99.3283989850288,-0.0750000357627867));
#5767=CARTESIAN_POINT('Origin',(285.121758280654,-99.4735874466381,-0.0750000357627867));
#5768=CARTESIAN_POINT('',(285.655823053324,-100.319031009859,-0.0750000357627867));
#5769=CARTESIAN_POINT('Origin',(286.083074871461,-100.995385860436,-0.0750000357627867));
#5770=CARTESIAN_POINT('',(285.285920255331,-100.927972820278,-0.0750000357627867));
#5771=CARTESIAN_POINT('Origin',(283.890899677105,-100.81,-0.0750000357627867));
#5772=CARTESIAN_POINT('Origin',(1.85910032285932,-100.81,-0.0750000357627867));
#5773=CARTESIAN_POINT('',(0.464079744632709,-100.927972820278,-0.0750000357627867));
#5774=CARTESIAN_POINT('Origin',(142.875,-46.7174999999995,1.4));
#5775=CARTESIAN_POINT('',(0.925000000000225,-96.2249999999992,1.4));
#5776=CARTESIAN_POINT('',(284.825,-96.2249999999992,1.4));
#5777=CARTESIAN_POINT('',(214.175,-96.2249999999992,1.4));
#5778=CARTESIAN_POINT('',(-0.974999999999741,-94.3249999999992,1.4));
#5779=CARTESIAN_POINT('Origin',(0.925000000000225,-94.3249999999992,1.4));
#5780=CARTESIAN_POINT('',(-0.974999999999735,-0.924999999999159,1.4));
#5781=CARTESIAN_POINT('',(-0.974999999999744,-70.8462499999993,1.4));
#5782=CARTESIAN_POINT('',(0.925000000000266,0.975000000000841,1.4));
#5783=CARTESIAN_POINT('Origin',(0.925000000000266,-0.924999999999159,1.4));
#5784=CARTESIAN_POINT('',(284.825,0.97500000000081,1.4));
#5785=CARTESIAN_POINT('',(71.5750000000003,0.975000000000836,1.4));
#5786=CARTESIAN_POINT('',(286.725,-0.924999999999156,1.4));
#5787=CARTESIAN_POINT('Origin',(284.825,-0.924999999999155,1.4));
#5788=CARTESIAN_POINT('',(286.725,-94.3249999999992,1.4));
#5789=CARTESIAN_POINT('',(286.725,-23.4962499999993,1.4));
#5790=CARTESIAN_POINT('Origin',(284.825,-94.3249999999992,1.4));
#5791=CARTESIAN_POINT('Origin',(214.175,-96.2249999999992,0.9));
#5792=CARTESIAN_POINT('Origin',(284.825,-96.2249999999992,0.9));
#5793=CARTESIAN_POINT('Origin',(0.925000000000225,-96.2249999999992,0.9));
#5794=CARTESIAN_POINT('Origin',(0.925000000000225,-94.3249999999992,0.9));
#5795=CARTESIAN_POINT('Origin',(-0.974999999999741,-94.3249999999992,0.9));
#5796=CARTESIAN_POINT('Origin',(-0.974999999999744,-70.8462499999993,0.9));
#5797=CARTESIAN_POINT('Origin',(-0.974999999999735,-0.924999999999159,0.9));
#5798=CARTESIAN_POINT('Origin',(0.925000000000266,-0.924999999999159,0.9));
#5799=CARTESIAN_POINT('Origin',(0.925000000000266,0.975000000000841,0.9));
#5800=CARTESIAN_POINT('Origin',(71.5750000000003,0.975000000000836,0.9));
#5801=CARTESIAN_POINT('Origin',(284.825,0.97500000000081,0.9));
#5802=CARTESIAN_POINT('Origin',(284.825,-0.924999999999155,0.9));
#5803=CARTESIAN_POINT('Origin',(286.725,-0.924999999999156,0.9));
#5804=CARTESIAN_POINT('Origin',(286.725,-23.4962499999993,0.9));
#5805=CARTESIAN_POINT('Origin',(286.725,-94.3249999999992,0.9));
#5806=CARTESIAN_POINT('Origin',(284.825,-94.3249999999992,0.9));
#5807=CARTESIAN_POINT('Origin',(-0.333074871496786,-100.995385860436,-0.0750000357627867));
#5808=CARTESIAN_POINT('',(0.0941769466396528,-100.319031009859,-0.0750000357627867));
#5809=CARTESIAN_POINT('Origin',(-5.6616901220666,-95.8659179565589,-0.0750000357627867));
#5810=CARTESIAN_POINT('',(-5.62471189586057,-95.0667730317883,-0.0750000357627867));
#5811=CARTESIAN_POINT('',(-5.00209153539741,-95.4132263347412,-0.0750000357627867));
#5812=CARTESIAN_POINT('Origin',(-3.15999999999999,4.97499999999998,-0.0750000357627867));
#5813=CARTESIAN_POINT('',(-3.15999999999999,8.775,-0.0750000357627867));
#5814=CARTESIAN_POINT('',(-6.96000000000001,4.97499999999998,-0.0750000357627867));
#5815=CARTESIAN_POINT('Origin',(288.91,4.975,-0.0750000357627867));
#5816=CARTESIAN_POINT('',(288.91,8.77500000000001,-0.0750000357627867));
#5817=CARTESIAN_POINT('Origin',(0.628241719310208,-99.4735874466381,-0.0750000357627867));
#5818=CARTESIAN_POINT('',(-0.361162298579111,-99.3283989850288,-0.0750000357627867));
#5819=CARTESIAN_POINT('Origin',(-3.428314754036,-98.87831475404,-0.0750000357627867));
#5820=CARTESIAN_POINT('',(-3.99484243668899,-95.8305210627302,-0.0750000357627867));
#5821=CARTESIAN_POINT('Origin',(-4.17759330206092,-94.847361807469,-0.0750000357627867));
#5822=CARTESIAN_POINT('Origin',(-6.96,-51.0710520889853,-0.0750000357627867));
#5823=CARTESIAN_POINT('',(-6.96,-93.6682694134397,-1.425));
#5824=CARTESIAN_POINT('Origin',(-5.56,-93.6682694134397,-0.0750000357627867));
#5825=CARTESIAN_POINT('Origin',(288.91,8.775,-0.0750000357627867));
#5826=CARTESIAN_POINT('Origin',(142.875,-46.7174999999995,-0.0750000000000002));
#5827=CARTESIAN_POINT('Origin',(292.21,-70.1928847067188,0.425));
#5828=CARTESIAN_POINT('Origin',(89.0621110386963,-101.71,0.425));
#5829=CARTESIAN_POINT('',(0.,0.,0.));
#5830=UNCERTAINTY_MEASURE_WITH_UNIT(LENGTH_MEASURE(0.01),#5836,
'DISTANCE_ACCURACY_VALUE',
'Maximum model space distance between geometric entities at asserted c
onnectivities');
#5831=UNCERTAINTY_MEASURE_WITH_UNIT(LENGTH_MEASURE(0.01),#5836,
'DISTANCE_ACCURACY_VALUE',
'Maximum model space distance between geometric entities at asserted c
onnectivities');
#5832=UNCERTAINTY_MEASURE_WITH_UNIT(LENGTH_MEASURE(0.01),#5836,
'DISTANCE_ACCURACY_VALUE',
'Maximum model space distance between geometric entities at asserted c
onnectivities');
#5833=(
GEOMETRIC_REPRESENTATION_CONTEXT(3)
GLOBAL_UNCERTAINTY_ASSIGNED_CONTEXT((#5830))
GLOBAL_UNIT_ASSIGNED_CONTEXT((#5836,#5838,#5839))
REPRESENTATION_CONTEXT('','3D')
);
#5834=(
GEOMETRIC_REPRESENTATION_CONTEXT(3)
GLOBAL_UNCERTAINTY_ASSIGNED_CONTEXT((#5831))
GLOBAL_UNIT_ASSIGNED_CONTEXT((#5836,#5838,#5839))
REPRESENTATION_CONTEXT('','3D')
);
#5835=(
GEOMETRIC_REPRESENTATION_CONTEXT(3)
GLOBAL_UNCERTAINTY_ASSIGNED_CONTEXT((#5832))
GLOBAL_UNIT_ASSIGNED_CONTEXT((#5836,#5838,#5839))
REPRESENTATION_CONTEXT('','3D')
);
#5836=(
LENGTH_UNIT()
NAMED_UNIT(*)
SI_UNIT(.MILLI.,.METRE.)
);
#5837=(
LENGTH_UNIT()
NAMED_UNIT(*)
SI_UNIT($,.METRE.)
);
#5838=(
NAMED_UNIT(*)
PLANE_ANGLE_UNIT()
SI_UNIT($,.RADIAN.)
);
#5839=(
NAMED_UNIT(*)
SI_UNIT($,.STERADIAN.)
SOLID_ANGLE_UNIT()
);
#5840=SHAPE_DEFINITION_REPRESENTATION(#5842,#5845);
#5841=SHAPE_DEFINITION_REPRESENTATION(#5843,#5846);
#5842=PRODUCT_DEFINITION_SHAPE('',$,#5848);
#5843=PRODUCT_DEFINITION_SHAPE('',$,#5849);
#5844=PRODUCT_DEFINITION_SHAPE($,$,#14);
#5845=SHAPE_REPRESENTATION('',(#3080,#3541),#5833);
#5846=SHAPE_REPRESENTATION('',(#3081),#5834);
#5847=PRODUCT_DEFINITION_CONTEXT('part definition',#5855,'design');
#5848=PRODUCT_DEFINITION('ONE_PIECE_GASKET','ONE_PIECE_GASKET v1',#5850,
#5847);
#5849=PRODUCT_DEFINITION('ONE_PIECE_GASKET_1','ONE_PIECE_GASKET',#5851,
#5847);
#5850=PRODUCT_DEFINITION_FORMATION('',$,#5857);
#5851=PRODUCT_DEFINITION_FORMATION('',$,#5858);
#5852=PRODUCT_RELATED_PRODUCT_CATEGORY('ONE_PIECE_GASKET v1',
'ONE_PIECE_GASKET v1',(#5857));
#5853=PRODUCT_RELATED_PRODUCT_CATEGORY('ONE_PIECE_GASKET',
'ONE_PIECE_GASKET',(#5858));
#5854=APPLICATION_PROTOCOL_DEFINITION('international standard',
'automotive_design',2009,#5855);
#5855=APPLICATION_CONTEXT(
'Core Data for Automotive Mechanical Design Process');
#5856=PRODUCT_CONTEXT('part definition',#5855,'mechanical');
#5857=PRODUCT('ONE_PIECE_GASKET','ONE_PIECE_GASKET v1',$,(#5856));
#5858=PRODUCT('ONE_PIECE_GASKET_1','ONE_PIECE_GASKET',$,(#5856));
#5859=PRESENTATION_STYLE_ASSIGNMENT((#5861));
#5860=PRESENTATION_STYLE_ASSIGNMENT((#5862));
#5861=SURFACE_STYLE_USAGE(.BOTH.,#5863);
#5862=SURFACE_STYLE_USAGE(.BOTH.,#5864);
#5863=SURFACE_SIDE_STYLE('',(#5865));
#5864=SURFACE_SIDE_STYLE('',(#5866));
#5865=SURFACE_STYLE_FILL_AREA(#5867);
#5866=SURFACE_STYLE_FILL_AREA(#5868);
#5867=FILL_AREA_STYLE('Steel - Satin',(#5869));
#5868=FILL_AREA_STYLE('Opaque(81,92,94)',(#5870));
#5869=FILL_AREA_STYLE_COLOUR('Steel - Satin',#5871);
#5870=FILL_AREA_STYLE_COLOUR('Opaque(81,92,94)',#5872);
#5871=COLOUR_RGB('Steel - Satin',0.627450980392157,0.627450980392157,0.627450980392157);
#5872=COLOUR_RGB('Opaque(81,92,94)',0.317647058823529,0.36078431372549,
0.368627450980392);
ENDSEC;
END-ISO-10303-21;
